old,new,title,size
Art/Cards_Collectibles/16255639-3d2d-474e-8761-311bd7468051.png,Art/Cards_Collectibles/goddess-with-birds-card-illustration.png,Goddess with Birds Card Illustration,14734723
Art/Cards_Collectibles/Marvel_Universe_Series_1/MUS1.01.png,Art/Cards_Collectibles/Marvel_Universe_Series_1/marvel-universe-series-1-card-sheet-001.png,Marvel Universe Series 1 Card Sheet 001,14239653
Art/Cards_Collectibles/Marvel_Universe_Series_1/MUS1.02.png,Art/Cards_Collectibles/Marvel_Universe_Series_1/marvel-universe-series-1-card-sheet-002.png,Marvel Universe Series 1 Card Sheet 002,14770675
Art/Cards_Collectibles/Marvel_Universe_Series_1/MUS1.03.png,Art/Cards_Collectibles/Marvel_Universe_Series_1/marvel-universe-series-1-card-sheet-003.png,Marvel Universe Series 1 Card Sheet 003,12689866
Art/Cards_Collectibles/Marvel_Universe_Series_1/MUS1.04.png,Art/Cards_Collectibles/Marvel_Universe_Series_1/marvel-universe-series-1-card-sheet-004.png,Marvel Universe Series 1 Card Sheet 004,13664721
Art/Cards_Collectibles/Marvel_Universe_Series_1/MUS1.05.png,Art/Cards_Collectibles/Marvel_Universe_Series_1/marvel-universe-series-1-card-sheet-005.png,Marvel Universe Series 1 Card Sheet 005,13643264
Art/Cards_Collectibles/Marvel_Universe_Series_1/MUS1.06.png,Art/Cards_Collectibles/Marvel_Universe_Series_1/marvel-universe-series-1-card-sheet-006.png,Marvel Universe Series 1 Card Sheet 006,14279642
Art/Cards_Collectibles/Marvel_Universe_Series_1/MUS1.07.png,Art/Cards_Collectibles/Marvel_Universe_Series_1/marvel-universe-series-1-card-sheet-007.png,Marvel Universe Series 1 Card Sheet 007,15159689
Art/Cards_Collectibles/Marvel_Universe_Series_1/MUS1.08.png,Art/Cards_Collectibles/Marvel_Universe_Series_1/marvel-universe-series-1-card-sheet-008.png,Marvel Universe Series 1 Card Sheet 008,14273979
Art/Cards_Collectibles/Marvel_Universe_Series_1/MUS1.09.png,Art/Cards_Collectibles/Marvel_Universe_Series_1/marvel-universe-series-1-card-sheet-009.png,Marvel Universe Series 1 Card Sheet 009,14454843
Art/Cards_Collectibles/Marvel_Universe_Series_1/MUS1.10.png,Art/Cards_Collectibles/Marvel_Universe_Series_1/marvel-universe-series-1-card-sheet-010.png,Marvel Universe Series 1 Card Sheet 010,14375491
Art/Cards_Collectibles/Marvel_Universe_Series_1/MUS1.11.png,Art/Cards_Collectibles/Marvel_Universe_Series_1/marvel-universe-series-1-card-sheet-011.png,Marvel Universe Series 1 Card Sheet 011,14638515
Art/Cards_Collectibles/Marvel_Universe_Series_1/MUS1.12.png,Art/Cards_Collectibles/Marvel_Universe_Series_1/marvel-universe-series-1-card-sheet-012.png,Marvel Universe Series 1 Card Sheet 012,14881607
Art/Cards_Collectibles/Marvel_Universe_Series_1/MUS1.13.png,Art/Cards_Collectibles/Marvel_Universe_Series_1/marvel-universe-series-1-card-sheet-013.png,Marvel Universe Series 1 Card Sheet 013,14687914
Art/Cards_Collectibles/Marvel_Universe_Series_1/MUS1.14.png,Art/Cards_Collectibles/Marvel_Universe_Series_1/marvel-universe-series-1-card-sheet-014.png,Marvel Universe Series 1 Card Sheet 014,13574503
Art/Cards_Collectibles/Marvel_Universe_Series_1/MUS1.15.png,Art/Cards_Collectibles/Marvel_Universe_Series_1/marvel-universe-series-1-card-sheet-015.png,Marvel Universe Series 1 Card Sheet 015,14229415
Art/Cards_Collectibles/Marvel_Universe_Series_1/MUS1.16.png,Art/Cards_Collectibles/Marvel_Universe_Series_1/marvel-universe-series-1-card-sheet-016.png,Marvel Universe Series 1 Card Sheet 016,13689095
Art/Cards_Collectibles/Marvel_Universe_Series_1/MUS1.17.png,Art/Cards_Collectibles/Marvel_Universe_Series_1/marvel-universe-series-1-card-sheet-017.png,Marvel Universe Series 1 Card Sheet 017,14323365
Art/Cards_Collectibles/Marvel_Universe_Series_1/MUS1.18.png,Art/Cards_Collectibles/Marvel_Universe_Series_1/marvel-universe-series-1-card-sheet-018.png,Marvel Universe Series 1 Card Sheet 018,5702556
Art/Cards_Collectibles/Marvel_Universe_Series_1/MUS1Card.001.png,Art/Cards_Collectibles/Marvel_Universe_Series_1/marvel-universe-series-1-card-001.png,Marvel Universe Series 1 Card 001,1490231
Art/Cards_Collectibles/Marvel_Universe_Series_1/MUS1Card.002.png,Art/Cards_Collectibles/Marvel_Universe_Series_1/marvel-universe-series-1-card-002.png,Marvel Universe Series 1 Card 002,1509708
Art/Cards_Collectibles/Marvel_Universe_Series_1/MUS1Card.003.png,Art/Cards_Collectibles/Marvel_Universe_Series_1/marvel-universe-series-1-card-003.png,Marvel Universe Series 1 Card 003,1521058
Art/Cards_Collectibles/Marvel_Universe_Series_1/MUS1Card.004..png,Art/Cards_Collectibles/Marvel_Universe_Series_1/marvel-universe-series-1-card-004.png,Marvel Universe Series 1 Card 004,1437246
Art/Cards_Collectibles/Marvel_Universe_Series_1/MUS1Card.005.png,Art/Cards_Collectibles/Marvel_Universe_Series_1/marvel-universe-series-1-card-005.png,Marvel Universe Series 1 Card 005,1467966
Art/Cards_Collectibles/Marvel_Universe_Series_1/MUS1Card.006.png,Art/Cards_Collectibles/Marvel_Universe_Series_1/marvel-universe-series-1-card-006.png,Marvel Universe Series 1 Card 006,1491569
Art/Cards_Collectibles/Marvel_Universe_Series_1/MUS1Card.007.png,Art/Cards_Collectibles/Marvel_Universe_Series_1/marvel-universe-series-1-card-007.png,Marvel Universe Series 1 Card 007,1275331
Art/Cards_Collectibles/Marvel_Universe_Series_1/MUS1Card.008.png,Art/Cards_Collectibles/Marvel_Universe_Series_1/marvel-universe-series-1-card-008.png,Marvel Universe Series 1 Card 008,1382219
Art/Cards_Collectibles/Marvel_Universe_Series_1/MUS1Card.009.png,Art/Cards_Collectibles/Marvel_Universe_Series_1/marvel-universe-series-1-card-009.png,Marvel Universe Series 1 Card 009,1392412
Art/Cards_Collectibles/Marvel_Universe_Series_1/MUS1Card.010.png,Art/Cards_Collectibles/Marvel_Universe_Series_1/marvel-universe-series-1-card-010.png,Marvel Universe Series 1 Card 010,1350339
Art/Cards_Collectibles/Marvel_Universe_Series_1/MUS1Card.011.png,Art/Cards_Collectibles/Marvel_Universe_Series_1/marvel-universe-series-1-card-011.png,Marvel Universe Series 1 Card 011,1242197
Art/Cards_Collectibles/Marvel_Universe_Series_1/MUS1Card.012.png,Art/Cards_Collectibles/Marvel_Universe_Series_1/marvel-universe-series-1-card-012.png,Marvel Universe Series 1 Card 012,1590568
Art/Cards_Collectibles/Marvel_Universe_Series_1/MUS1Card.013.png,Art/Cards_Collectibles/Marvel_Universe_Series_1/marvel-universe-series-1-card-013.png,Marvel Universe Series 1 Card 013,1484445
Art/Cards_Collectibles/Marvel_Universe_Series_1/MUS1Card.014.png,Art/Cards_Collectibles/Marvel_Universe_Series_1/marvel-universe-series-1-card-014.png,Marvel Universe Series 1 Card 014,1357742
Art/Cards_Collectibles/Marvel_Universe_Series_1/MUS1Card.015.png,Art/Cards_Collectibles/Marvel_Universe_Series_1/marvel-universe-series-1-card-015.png,Marvel Universe Series 1 Card 015,1541273
Art/Cards_Collectibles/Marvel_Universe_Series_1/MUS1Card.016.png,Art/Cards_Collectibles/Marvel_Universe_Series_1/marvel-universe-series-1-card-016.png,Marvel Universe Series 1 Card 016,1466401
Art/Cards_Collectibles/Marvel_Universe_Series_1/MUS1Card.017.png,Art/Cards_Collectibles/Marvel_Universe_Series_1/marvel-universe-series-1-card-017.png,Marvel Universe Series 1 Card 017,1493230
Art/Cards_Collectibles/Marvel_Universe_Series_1/MUS1Card.018.png,Art/Cards_Collectibles/Marvel_Universe_Series_1/marvel-universe-series-1-card-018.png,Marvel Universe Series 1 Card 018,1474376
Art/Cards_Collectibles/Marvel_Universe_Series_1/MUS1Card.019.png,Art/Cards_Collectibles/Marvel_Universe_Series_1/marvel-universe-series-1-card-019.png,Marvel Universe Series 1 Card 019,1168494
Art/Cards_Collectibles/Marvel_Universe_Series_1/MUS1Card.020.png,Art/Cards_Collectibles/Marvel_Universe_Series_1/marvel-universe-series-1-card-020.png,Marvel Universe Series 1 Card 020,1566142
Art/Cards_Collectibles/Marvel_Universe_Series_1/MUS1Card.021.png,Art/Cards_Collectibles/Marvel_Universe_Series_1/marvel-universe-series-1-card-021.png,Marvel Universe Series 1 Card 021,1131420
Art/Cards_Collectibles/Marvel_Universe_Series_1/MUS1Card.022.png,Art/Cards_Collectibles/Marvel_Universe_Series_1/marvel-universe-series-1-card-022.png,Marvel Universe Series 1 Card 022,1304242
Art/Cards_Collectibles/Marvel_Universe_Series_1/MUS1Card.023.png,Art/Cards_Collectibles/Marvel_Universe_Series_1/marvel-universe-series-1-card-023.png,Marvel Universe Series 1 Card 023,1306294
Art/Cards_Collectibles/Marvel_Universe_Series_1/MUS1Card.024.png,Art/Cards_Collectibles/Marvel_Universe_Series_1/marvel-universe-series-1-card-024.png,Marvel Universe Series 1 Card 024,1249431
Art/Cards_Collectibles/Marvel_Universe_Series_1/MUS1Card.025.png,Art/Cards_Collectibles/Marvel_Universe_Series_1/marvel-universe-series-1-card-025.png,Marvel Universe Series 1 Card 025,1276560
Art/Cards_Collectibles/Marvel_Universe_Series_1/MUS1Card.026.png,Art/Cards_Collectibles/Marvel_Universe_Series_1/marvel-universe-series-1-card-026.png,Marvel Universe Series 1 Card 026,1311487
Art/Cards_Collectibles/Marvel_Universe_Series_1/MUS1Card.027.png,Art/Cards_Collectibles/Marvel_Universe_Series_1/marvel-universe-series-1-card-027.png,Marvel Universe Series 1 Card 027,1339804
Art/Cards_Collectibles/Marvel_Universe_Series_1/MUS1Card.028.png,Art/Cards_Collectibles/Marvel_Universe_Series_1/marvel-universe-series-1-card-028.png,Marvel Universe Series 1 Card 028,1471335
Art/Cards_Collectibles/Marvel_Universe_Series_1/MUS1Card.029.png,Art/Cards_Collectibles/Marvel_Universe_Series_1/marvel-universe-series-1-card-029.png,Marvel Universe Series 1 Card 029,1546493
Art/Cards_Collectibles/Marvel_Universe_Series_1/MUS1Card.030.png,Art/Cards_Collectibles/Marvel_Universe_Series_1/marvel-universe-series-1-card-030.png,Marvel Universe Series 1 Card 030,1474970
Art/Cards_Collectibles/Marvel_Universe_Series_1/MUS1Card.031.png,Art/Cards_Collectibles/Marvel_Universe_Series_1/marvel-universe-series-1-card-031.png,Marvel Universe Series 1 Card 031,1498483
Art/Cards_Collectibles/Marvel_Universe_Series_1/MUS1Card.032.png,Art/Cards_Collectibles/Marvel_Universe_Series_1/marvel-universe-series-1-card-032.png,Marvel Universe Series 1 Card 032,1151488
Art/Cards_Collectibles/Marvel_Universe_Series_1/MUS1Card.033.png,Art/Cards_Collectibles/Marvel_Universe_Series_1/marvel-universe-series-1-card-033.png,Marvel Universe Series 1 Card 033,1386651
Art/Cards_Collectibles/Marvel_Universe_Series_1/MUS1Card.034.png,Art/Cards_Collectibles/Marvel_Universe_Series_1/marvel-universe-series-1-card-034.png,Marvel Universe Series 1 Card 034,1450741
Art/Cards_Collectibles/Marvel_Universe_Series_1/MUS1Card.035.png,Art/Cards_Collectibles/Marvel_Universe_Series_1/marvel-universe-series-1-card-035.png,Marvel Universe Series 1 Card 035,1189887
Art/Cards_Collectibles/Marvel_Universe_Series_1/MUS1Card.036.png,Art/Cards_Collectibles/Marvel_Universe_Series_1/marvel-universe-series-1-card-036.png,Marvel Universe Series 1 Card 036,1394241
Art/Cards_Collectibles/Marvel_Universe_Series_1/MUS1Card.037.png,Art/Cards_Collectibles/Marvel_Universe_Series_1/marvel-universe-series-1-card-037.png,Marvel Universe Series 1 Card 037,1320513
Art/Cards_Collectibles/Marvel_Universe_Series_1/MUS1Card.038.png,Art/Cards_Collectibles/Marvel_Universe_Series_1/marvel-universe-series-1-card-038.png,Marvel Universe Series 1 Card 038,1203536
Art/Cards_Collectibles/Marvel_Universe_Series_1/MUS1Card.039.png,Art/Cards_Collectibles/Marvel_Universe_Series_1/marvel-universe-series-1-card-039.png,Marvel Universe Series 1 Card 039,1432687
Art/Cards_Collectibles/Marvel_Universe_Series_1/MUS1Card.040.png,Art/Cards_Collectibles/Marvel_Universe_Series_1/marvel-universe-series-1-card-040.png,Marvel Universe Series 1 Card 040,1201902
Art/Cards_Collectibles/Marvel_Universe_Series_1/MUS1Card.041.png,Art/Cards_Collectibles/Marvel_Universe_Series_1/marvel-universe-series-1-card-041.png,Marvel Universe Series 1 Card 041,1287461
Art/Cards_Collectibles/Marvel_Universe_Series_1/MUS1Card.042.png,Art/Cards_Collectibles/Marvel_Universe_Series_1/marvel-universe-series-1-card-042.png,Marvel Universe Series 1 Card 042,1592800
Art/Cards_Collectibles/Marvel_Universe_Series_1/MUS1Card.043.png,Art/Cards_Collectibles/Marvel_Universe_Series_1/marvel-universe-series-1-card-043.png,Marvel Universe Series 1 Card 043,1403569
Art/Cards_Collectibles/Marvel_Universe_Series_1/MUS1Card.044.png,Art/Cards_Collectibles/Marvel_Universe_Series_1/marvel-universe-series-1-card-044.png,Marvel Universe Series 1 Card 044,1568952
Art/Cards_Collectibles/Marvel_Universe_Series_1/MUS1Card.045.png,Art/Cards_Collectibles/Marvel_Universe_Series_1/marvel-universe-series-1-card-045.png,Marvel Universe Series 1 Card 045,1318419
Art/Cards_Collectibles/Marvel_Universe_Series_1/MUS1Card.046.png,Art/Cards_Collectibles/Marvel_Universe_Series_1/marvel-universe-series-1-card-046.png,Marvel Universe Series 1 Card 046,1392985
Art/Cards_Collectibles/Marvel_Universe_Series_1/MUS1Card.047.png,Art/Cards_Collectibles/Marvel_Universe_Series_1/marvel-universe-series-1-card-047.png,Marvel Universe Series 1 Card 047,1501531
Art/Cards_Collectibles/Marvel_Universe_Series_1/MUS1Card.048.png,Art/Cards_Collectibles/Marvel_Universe_Series_1/marvel-universe-series-1-card-048.png,Marvel Universe Series 1 Card 048,1325053
Art/Cards_Collectibles/Marvel_Universe_Series_1/MUS1Card.049.png,Art/Cards_Collectibles/Marvel_Universe_Series_1/marvel-universe-series-1-card-049.png,Marvel Universe Series 1 Card 049,1466400
Art/Cards_Collectibles/Marvel_Universe_Series_1/MUS1Card.050.png,Art/Cards_Collectibles/Marvel_Universe_Series_1/marvel-universe-series-1-card-050.png,Marvel Universe Series 1 Card 050,1266950
Art/Cards_Collectibles/Marvel_Universe_Series_1/MUS1Card.051.png,Art/Cards_Collectibles/Marvel_Universe_Series_1/marvel-universe-series-1-card-051.png,Marvel Universe Series 1 Card 051,1434444
Art/Cards_Collectibles/Marvel_Universe_Series_1/MUS1Card.052.png,Art/Cards_Collectibles/Marvel_Universe_Series_1/marvel-universe-series-1-card-052.png,Marvel Universe Series 1 Card 052,1466567
Art/Cards_Collectibles/Marvel_Universe_Series_1/MUS1Card.053.png,Art/Cards_Collectibles/Marvel_Universe_Series_1/marvel-universe-series-1-card-053.png,Marvel Universe Series 1 Card 053,1424060
Art/Cards_Collectibles/Marvel_Universe_Series_1/MUS1Card.054.png,Art/Cards_Collectibles/Marvel_Universe_Series_1/marvel-universe-series-1-card-054.png,Marvel Universe Series 1 Card 054,1475889
Art/Cards_Collectibles/Marvel_Universe_Series_1/MUS1Card.055.png,Art/Cards_Collectibles/Marvel_Universe_Series_1/marvel-universe-series-1-card-055.png,Marvel Universe Series 1 Card 055,1538227
Art/Cards_Collectibles/Marvel_Universe_Series_1/MUS1Card.056.png,Art/Cards_Collectibles/Marvel_Universe_Series_1/marvel-universe-series-1-card-056.png,Marvel Universe Series 1 Card 056,1626299
Art/Cards_Collectibles/Marvel_Universe_Series_1/MUS1Card.057.png,Art/Cards_Collectibles/Marvel_Universe_Series_1/marvel-universe-series-1-card-057.png,Marvel Universe Series 1 Card 057,1557907
Art/Cards_Collectibles/Marvel_Universe_Series_1/MUS1Card.058.png,Art/Cards_Collectibles/Marvel_Universe_Series_1/marvel-universe-series-1-card-058.png,Marvel Universe Series 1 Card 058,1507947
Art/Cards_Collectibles/Marvel_Universe_Series_1/MUS1Card.059.png,Art/Cards_Collectibles/Marvel_Universe_Series_1/marvel-universe-series-1-card-059.png,Marvel Universe Series 1 Card 059,1467640
Art/Cards_Collectibles/Marvel_Universe_Series_1/MUS1Card.060.png,Art/Cards_Collectibles/Marvel_Universe_Series_1/marvel-universe-series-1-card-060.png,Marvel Universe Series 1 Card 060,1450343
Art/Cards_Collectibles/Marvel_Universe_Series_1/MUS1Card.061.png,Art/Cards_Collectibles/Marvel_Universe_Series_1/marvel-universe-series-1-card-061.png,Marvel Universe Series 1 Card 061,1532108
Art/Cards_Collectibles/Marvel_Universe_Series_1/MUS1Card.062.png,Art/Cards_Collectibles/Marvel_Universe_Series_1/marvel-universe-series-1-card-062.png,Marvel Universe Series 1 Card 062,1467797
Art/Cards_Collectibles/Marvel_Universe_Series_1/MUS1Card.063.png,Art/Cards_Collectibles/Marvel_Universe_Series_1/marvel-universe-series-1-card-063.png,Marvel Universe Series 1 Card 063,1429211
Art/Cards_Collectibles/Marvel_Universe_Series_1/MUS1Card.064.png,Art/Cards_Collectibles/Marvel_Universe_Series_1/marvel-universe-series-1-card-064.png,Marvel Universe Series 1 Card 064,1190881
Art/Cards_Collectibles/Marvel_Universe_Series_1/MUS1Card.065.png,Art/Cards_Collectibles/Marvel_Universe_Series_1/marvel-universe-series-1-card-065.png,Marvel Universe Series 1 Card 065,1340639
Art/Cards_Collectibles/Marvel_Universe_Series_1/MUS1Card.066.png,Art/Cards_Collectibles/Marvel_Universe_Series_1/marvel-universe-series-1-card-066.png,Marvel Universe Series 1 Card 066,1446814
Art/Cards_Collectibles/Marvel_Universe_Series_1/MUS1Card.067.png,Art/Cards_Collectibles/Marvel_Universe_Series_1/marvel-universe-series-1-card-067.png,Marvel Universe Series 1 Card 067,1512766
Art/Cards_Collectibles/Marvel_Universe_Series_1/MUS1Card.068.png,Art/Cards_Collectibles/Marvel_Universe_Series_1/marvel-universe-series-1-card-068.png,Marvel Universe Series 1 Card 068,1544720
Art/Cards_Collectibles/Marvel_Universe_Series_1/MUS1Card.069.png,Art/Cards_Collectibles/Marvel_Universe_Series_1/marvel-universe-series-1-card-069.png,Marvel Universe Series 1 Card 069,1538543
Art/Cards_Collectibles/Marvel_Universe_Series_1/MUS1Card.070.png,Art/Cards_Collectibles/Marvel_Universe_Series_1/marvel-universe-series-1-card-070.png,Marvel Universe Series 1 Card 070,1276566
Art/Cards_Collectibles/Marvel_Universe_Series_1/MUS1Card.071.png,Art/Cards_Collectibles/Marvel_Universe_Series_1/marvel-universe-series-1-card-071.png,Marvel Universe Series 1 Card 071,1504423
Art/Cards_Collectibles/Marvel_Universe_Series_1/MUS1Card.072.png,Art/Cards_Collectibles/Marvel_Universe_Series_1/marvel-universe-series-1-card-072.png,Marvel Universe Series 1 Card 072,1492200
Art/Cards_Collectibles/Marvel_Universe_Series_1/MUS1Card.073.png,Art/Cards_Collectibles/Marvel_Universe_Series_1/marvel-universe-series-1-card-073.png,Marvel Universe Series 1 Card 073,1442324
Art/Cards_Collectibles/Marvel_Universe_Series_1/MUS1Card.074.png,Art/Cards_Collectibles/Marvel_Universe_Series_1/marvel-universe-series-1-card-074.png,Marvel Universe Series 1 Card 074,1426953
Art/Cards_Collectibles/Marvel_Universe_Series_1/MUS1Card.075.png,Art/Cards_Collectibles/Marvel_Universe_Series_1/marvel-universe-series-1-card-075.png,Marvel Universe Series 1 Card 075,1550563
Art/Cards_Collectibles/Marvel_Universe_Series_1/MUS1Card.076.png,Art/Cards_Collectibles/Marvel_Universe_Series_1/marvel-universe-series-1-card-076.png,Marvel Universe Series 1 Card 076,1592986
Art/Cards_Collectibles/Marvel_Universe_Series_1/MUS1Card.077.png,Art/Cards_Collectibles/Marvel_Universe_Series_1/marvel-universe-series-1-card-077.png,Marvel Universe Series 1 Card 077,1506194
Art/Cards_Collectibles/Marvel_Universe_Series_1/MUS1Card.078.png,Art/Cards_Collectibles/Marvel_Universe_Series_1/marvel-universe-series-1-card-078.png,Marvel Universe Series 1 Card 078,1522108
Art/Cards_Collectibles/Marvel_Universe_Series_1/MUS1Card.079.png,Art/Cards_Collectibles/Marvel_Universe_Series_1/marvel-universe-series-1-card-079.png,Marvel Universe Series 1 Card 079,1491820
Art/Cards_Collectibles/Marvel_Universe_Series_1/MUS1Card.080.png,Art/Cards_Collectibles/Marvel_Universe_Series_1/marvel-universe-series-1-card-080.png,Marvel Universe Series 1 Card 080,1206244
Art/Cards_Collectibles/Marvel_Universe_Series_1/MUS1Card.081.png,Art/Cards_Collectibles/Marvel_Universe_Series_1/marvel-universe-series-1-card-081.png,Marvel Universe Series 1 Card 081,1347210
Art/Cards_Collectibles/Marvel_Universe_Series_1/MUS1Card.082.png,Art/Cards_Collectibles/Marvel_Universe_Series_1/marvel-universe-series-1-card-082.png,Marvel Universe Series 1 Card 082,1551978
Art/Cards_Collectibles/Marvel_Universe_Series_1/MUS1Card.083.png,Art/Cards_Collectibles/Marvel_Universe_Series_1/marvel-universe-series-1-card-083.png,Marvel Universe Series 1 Card 083,1528785
Art/Cards_Collectibles/Marvel_Universe_Series_1/MUS1Card.084.png,Art/Cards_Collectibles/Marvel_Universe_Series_1/marvel-universe-series-1-card-084.png,Marvel Universe Series 1 Card 084,1515998
Art/Cards_Collectibles/Marvel_Universe_Series_1/MUS1Card.085.png,Art/Cards_Collectibles/Marvel_Universe_Series_1/marvel-universe-series-1-card-085.png,Marvel Universe Series 1 Card 085,1384630
Art/Cards_Collectibles/Marvel_Universe_Series_1/MUS1Card.086.png,Art/Cards_Collectibles/Marvel_Universe_Series_1/marvel-universe-series-1-card-086.png,Marvel Universe Series 1 Card 086,1439530
Art/Cards_Collectibles/Marvel_Universe_Series_1/MUS1Card.087.png,Art/Cards_Collectibles/Marvel_Universe_Series_1/marvel-universe-series-1-card-087.png,Marvel Universe Series 1 Card 087,1445612
Art/Cards_Collectibles/Marvel_Universe_Series_1/MUS1Card.088.png,Art/Cards_Collectibles/Marvel_Universe_Series_1/marvel-universe-series-1-card-088.png,Marvel Universe Series 1 Card 088,1399436
Art/Cards_Collectibles/Marvel_Universe_Series_1/MUS1Card.089.png,Art/Cards_Collectibles/Marvel_Universe_Series_1/marvel-universe-series-1-card-089.png,Marvel Universe Series 1 Card 089,1400389
Art/Cards_Collectibles/Marvel_Universe_Series_1/MUS1Card.090.png,Art/Cards_Collectibles/Marvel_Universe_Series_1/marvel-universe-series-1-card-090.png,Marvel Universe Series 1 Card 090,1492711
Art/Cards_Collectibles/Marvel_Universe_Series_1/MUS1Card.091.png,Art/Cards_Collectibles/Marvel_Universe_Series_1/marvel-universe-series-1-card-091.png,Marvel Universe Series 1 Card 091,1390488
Art/Cards_Collectibles/Marvel_Universe_Series_1/MUS1Card.092.png,Art/Cards_Collectibles/Marvel_Universe_Series_1/marvel-universe-series-1-card-092.png,Marvel Universe Series 1 Card 092,1589979
Art/Cards_Collectibles/Marvel_Universe_Series_1/MUS1Card.093.png,Art/Cards_Collectibles/Marvel_Universe_Series_1/marvel-universe-series-1-card-093.png,Marvel Universe Series 1 Card 093,1580640
Art/Cards_Collectibles/Marvel_Universe_Series_1/MUS1Card.094.png,Art/Cards_Collectibles/Marvel_Universe_Series_1/marvel-universe-series-1-card-094.png,Marvel Universe Series 1 Card 094,1485438
Art/Cards_Collectibles/Marvel_Universe_Series_1/MUS1Card.095.png,Art/Cards_Collectibles/Marvel_Universe_Series_1/marvel-universe-series-1-card-095.png,Marvel Universe Series 1 Card 095,1320100
Art/Cards_Collectibles/Marvel_Universe_Series_1/MUS1Card.096.png,Art/Cards_Collectibles/Marvel_Universe_Series_1/marvel-universe-series-1-card-096.png,Marvel Universe Series 1 Card 096,1443932
Art/Cards_Collectibles/Marvel_Universe_Series_1/MUS1Card.097.png,Art/Cards_Collectibles/Marvel_Universe_Series_1/marvel-universe-series-1-card-097.png,Marvel Universe Series 1 Card 097,1586700
Art/Cards_Collectibles/Marvel_Universe_Series_1/MUS1Card.098.png,Art/Cards_Collectibles/Marvel_Universe_Series_1/marvel-universe-series-1-card-098.png,Marvel Universe Series 1 Card 098,1434120
Art/Cards_Collectibles/Marvel_Universe_Series_1/MUS1Card.099.png,Art/Cards_Collectibles/Marvel_Universe_Series_1/marvel-universe-series-1-card-099.png,Marvel Universe Series 1 Card 099,1424456
Art/Cards_Collectibles/Marvel_Universe_Series_1/MUS1Card.100.png,Art/Cards_Collectibles/Marvel_Universe_Series_1/marvel-universe-series-1-card-100.png,Marvel Universe Series 1 Card 100,1454268
Art/Cards_Collectibles/Marvel_Universe_Series_1/MUS1Card.101.png,Art/Cards_Collectibles/Marvel_Universe_Series_1/marvel-universe-series-1-card-101.png,Marvel Universe Series 1 Card 101,1255423
Art/Cards_Collectibles/Marvel_Universe_Series_1/MUS1Card.102.png,Art/Cards_Collectibles/Marvel_Universe_Series_1/marvel-universe-series-1-card-102.png,Marvel Universe Series 1 Card 102,1426670
Art/Cards_Collectibles/Marvel_Universe_Series_1/MUS1Card.103.png,Art/Cards_Collectibles/Marvel_Universe_Series_1/marvel-universe-series-1-card-103.png,Marvel Universe Series 1 Card 103,1601653
Art/Cards_Collectibles/Marvel_Universe_Series_1/MUS1Card.104.png,Art/Cards_Collectibles/Marvel_Universe_Series_1/marvel-universe-series-1-card-104.png,Marvel Universe Series 1 Card 104,1585677
Art/Cards_Collectibles/Marvel_Universe_Series_1/MUS1Card.105.png,Art/Cards_Collectibles/Marvel_Universe_Series_1/marvel-universe-series-1-card-105.png,Marvel Universe Series 1 Card 105,1472785
Art/Cards_Collectibles/Marvel_Universe_Series_1/MUS1Card.106.png,Art/Cards_Collectibles/Marvel_Universe_Series_1/marvel-universe-series-1-card-106.png,Marvel Universe Series 1 Card 106,1572094
Art/Cards_Collectibles/Marvel_Universe_Series_1/MUS1Card.107.png,Art/Cards_Collectibles/Marvel_Universe_Series_1/marvel-universe-series-1-card-107.png,Marvel Universe Series 1 Card 107,1479774
Art/Cards_Collectibles/Marvel_Universe_Series_1/MUS1Card.108.png,Art/Cards_Collectibles/Marvel_Universe_Series_1/marvel-universe-series-1-card-108.png,Marvel Universe Series 1 Card 108,1587924
Art/Cards_Collectibles/Marvel_Universe_Series_1/MUS1Card.109.png,Art/Cards_Collectibles/Marvel_Universe_Series_1/marvel-universe-series-1-card-109.png,Marvel Universe Series 1 Card 109,1474017
Art/Cards_Collectibles/Marvel_Universe_Series_1/MUS1Card.110.png,Art/Cards_Collectibles/Marvel_Universe_Series_1/marvel-universe-series-1-card-110.png,Marvel Universe Series 1 Card 110,1469041
Art/Cards_Collectibles/Marvel_Universe_Series_1/MUS1Card.111.png,Art/Cards_Collectibles/Marvel_Universe_Series_1/marvel-universe-series-1-card-111.png,Marvel Universe Series 1 Card 111,1564598
Art/Cards_Collectibles/Marvel_Universe_Series_1/MUS1Card.112.png,Art/Cards_Collectibles/Marvel_Universe_Series_1/marvel-universe-series-1-card-112.png,Marvel Universe Series 1 Card 112,1558449
Art/Cards_Collectibles/Marvel_Universe_Series_1/MUS1Card.113.png,Art/Cards_Collectibles/Marvel_Universe_Series_1/marvel-universe-series-1-card-113.png,Marvel Universe Series 1 Card 113,1492329
Art/Cards_Collectibles/Marvel_Universe_Series_1/MUS1Card.114.png,Art/Cards_Collectibles/Marvel_Universe_Series_1/marvel-universe-series-1-card-114.png,Marvel Universe Series 1 Card 114,1595818
Art/Cards_Collectibles/Marvel_Universe_Series_1/MUS1Card.115.png,Art/Cards_Collectibles/Marvel_Universe_Series_1/marvel-universe-series-1-card-115.png,Marvel Universe Series 1 Card 115,1419686
Art/Cards_Collectibles/Marvel_Universe_Series_1/MUS1Card.116.png,Art/Cards_Collectibles/Marvel_Universe_Series_1/marvel-universe-series-1-card-116.png,Marvel Universe Series 1 Card 116,1380288
Art/Cards_Collectibles/Marvel_Universe_Series_1/MUS1Card.117.png,Art/Cards_Collectibles/Marvel_Universe_Series_1/marvel-universe-series-1-card-117.png,Marvel Universe Series 1 Card 117,1394065
Art/Cards_Collectibles/Marvel_Universe_Series_1/MUS1Card.118.png,Art/Cards_Collectibles/Marvel_Universe_Series_1/marvel-universe-series-1-card-118.png,Marvel Universe Series 1 Card 118,1349135
Art/Cards_Collectibles/Marvel_Universe_Series_1/MUS1Card.119.png,Art/Cards_Collectibles/Marvel_Universe_Series_1/marvel-universe-series-1-card-119.png,Marvel Universe Series 1 Card 119,1346818
Art/Cards_Collectibles/Marvel_Universe_Series_1/MUS1Card.120.png,Art/Cards_Collectibles/Marvel_Universe_Series_1/marvel-universe-series-1-card-120.png,Marvel Universe Series 1 Card 120,1397136
Art/Cards_Collectibles/Marvel_Universe_Series_1/MUS1Card.121.png,Art/Cards_Collectibles/Marvel_Universe_Series_1/marvel-universe-series-1-card-121.png,Marvel Universe Series 1 Card 121,1444104
Art/Cards_Collectibles/Marvel_Universe_Series_1/MUS1Card.122.png,Art/Cards_Collectibles/Marvel_Universe_Series_1/marvel-universe-series-1-card-122.png,Marvel Universe Series 1 Card 122,1546505
Art/Cards_Collectibles/Marvel_Universe_Series_1/MUS1Card.123.png,Art/Cards_Collectibles/Marvel_Universe_Series_1/marvel-universe-series-1-card-123.png,Marvel Universe Series 1 Card 123,1587248
Art/Cards_Collectibles/Marvel_Universe_Series_1/MUS1Card.124.png,Art/Cards_Collectibles/Marvel_Universe_Series_1/marvel-universe-series-1-card-124.png,Marvel Universe Series 1 Card 124,1212414
Art/Cards_Collectibles/Marvel_Universe_Series_1/MUS1Card.125.png,Art/Cards_Collectibles/Marvel_Universe_Series_1/marvel-universe-series-1-card-125.png,Marvel Universe Series 1 Card 125,1245926
Art/Cards_Collectibles/Marvel_Universe_Series_1/MUS1Card.126.png,Art/Cards_Collectibles/Marvel_Universe_Series_1/marvel-universe-series-1-card-126.png,Marvel Universe Series 1 Card 126,1489522
Art/Cards_Collectibles/Marvel_Universe_Series_1/MUS1Card.127.png,Art/Cards_Collectibles/Marvel_Universe_Series_1/marvel-universe-series-1-card-127.png,Marvel Universe Series 1 Card 127,1443811
Art/Cards_Collectibles/Marvel_Universe_Series_1/MUS1Card.128.png,Art/Cards_Collectibles/Marvel_Universe_Series_1/marvel-universe-series-1-card-128.png,Marvel Universe Series 1 Card 128,1562941
Art/Cards_Collectibles/Marvel_Universe_Series_1/MUS1Card.129.png,Art/Cards_Collectibles/Marvel_Universe_Series_1/marvel-universe-series-1-card-129.png,Marvel Universe Series 1 Card 129,1516605
Art/Cards_Collectibles/Marvel_Universe_Series_1/MUS1Card.130.png,Art/Cards_Collectibles/Marvel_Universe_Series_1/marvel-universe-series-1-card-130.png,Marvel Universe Series 1 Card 130,1504182
Art/Cards_Collectibles/Marvel_Universe_Series_1/MUS1Card.131.png,Art/Cards_Collectibles/Marvel_Universe_Series_1/marvel-universe-series-1-card-131.png,Marvel Universe Series 1 Card 131,1533272
Art/Cards_Collectibles/Marvel_Universe_Series_1/MUS1Card.132.png,Art/Cards_Collectibles/Marvel_Universe_Series_1/marvel-universe-series-1-card-132.png,Marvel Universe Series 1 Card 132,1289594
Art/Cards_Collectibles/Marvel_Universe_Series_1/MUS1Card.133.png,Art/Cards_Collectibles/Marvel_Universe_Series_1/marvel-universe-series-1-card-133.png,Marvel Universe Series 1 Card 133,1153495
Art/Cards_Collectibles/Marvel_Universe_Series_1/MUS1Card.134.png,Art/Cards_Collectibles/Marvel_Universe_Series_1/marvel-universe-series-1-card-134.png,Marvel Universe Series 1 Card 134,1404793
Art/Cards_Collectibles/Marvel_Universe_Series_1/MUS1Card.135.png,Art/Cards_Collectibles/Marvel_Universe_Series_1/marvel-universe-series-1-card-135.png,Marvel Universe Series 1 Card 135,1457287
Art/Cards_Collectibles/Marvel_Universe_Series_1/MUS1Card.136.png,Art/Cards_Collectibles/Marvel_Universe_Series_1/marvel-universe-series-1-card-136.png,Marvel Universe Series 1 Card 136,1473133
Art/Cards_Collectibles/Marvel_Universe_Series_1/MUS1Card.137.png,Art/Cards_Collectibles/Marvel_Universe_Series_1/marvel-universe-series-1-card-137.png,Marvel Universe Series 1 Card 137,1476522
Art/Cards_Collectibles/Marvel_Universe_Series_1/MUS1Card.138.png,Art/Cards_Collectibles/Marvel_Universe_Series_1/marvel-universe-series-1-card-138.png,Marvel Universe Series 1 Card 138,1501441
Art/Cards_Collectibles/Marvel_Universe_Series_1/MUS1Card.139.png,Art/Cards_Collectibles/Marvel_Universe_Series_1/marvel-universe-series-1-card-139.png,Marvel Universe Series 1 Card 139,1362772
Art/Cards_Collectibles/Marvel_Universe_Series_1/MUS1Card.140.png,Art/Cards_Collectibles/Marvel_Universe_Series_1/marvel-universe-series-1-card-140.png,Marvel Universe Series 1 Card 140,1271893
Art/Cards_Collectibles/Marvel_Universe_Series_1/MUS1Card.141.png,Art/Cards_Collectibles/Marvel_Universe_Series_1/marvel-universe-series-1-card-141.png,Marvel Universe Series 1 Card 141,1290616
Art/Cards_Collectibles/Marvel_Universe_Series_1/MUS1Card.142.png,Art/Cards_Collectibles/Marvel_Universe_Series_1/marvel-universe-series-1-card-142.png,Marvel Universe Series 1 Card 142,1394007
Art/Cards_Collectibles/Marvel_Universe_Series_1/MUS1Card.143.png,Art/Cards_Collectibles/Marvel_Universe_Series_1/marvel-universe-series-1-card-143.png,Marvel Universe Series 1 Card 143,1299542
Art/Cards_Collectibles/Marvel_Universe_Series_1/MUS1Card.144.png,Art/Cards_Collectibles/Marvel_Universe_Series_1/marvel-universe-series-1-card-144.png,Marvel Universe Series 1 Card 144,1276080
Art/Cards_Collectibles/Marvel_Universe_Series_1/MUS1Card.145.png,Art/Cards_Collectibles/Marvel_Universe_Series_1/marvel-universe-series-1-card-145.png,Marvel Universe Series 1 Card 145,1562124
Art/Cards_Collectibles/Marvel_Universe_Series_1/MUS1Card.146.png,Art/Cards_Collectibles/Marvel_Universe_Series_1/marvel-universe-series-1-card-146.png,Marvel Universe Series 1 Card 146,1465671
Art/Cards_Collectibles/Marvel_Universe_Series_1/MUS1Card.147.png,Art/Cards_Collectibles/Marvel_Universe_Series_1/marvel-universe-series-1-card-147.png,Marvel Universe Series 1 Card 147,1554034
Art/Cards_Collectibles/Marvel_Universe_Series_1/MUS1Card.148.png,Art/Cards_Collectibles/Marvel_Universe_Series_1/marvel-universe-series-1-card-148.png,Marvel Universe Series 1 Card 148,1462101
Art/Cards_Collectibles/Marvel_Universe_Series_1/MUS1Card.149.png,Art/Cards_Collectibles/Marvel_Universe_Series_1/marvel-universe-series-1-card-149.png,Marvel Universe Series 1 Card 149,1501962
Art/Cards_Collectibles/Marvel_Universe_Series_1/MUS1Card.150.png,Art/Cards_Collectibles/Marvel_Universe_Series_1/marvel-universe-series-1-card-150.png,Marvel Universe Series 1 Card 150,1483506
Art/Cards_Collectibles/Marvel_Universe_Series_1/MUS1Card.151.png,Art/Cards_Collectibles/Marvel_Universe_Series_1/marvel-universe-series-1-card-151.png,Marvel Universe Series 1 Card 151,1354167
Art/Cards_Collectibles/Marvel_Universe_Series_1/MUS1Card.152.png,Art/Cards_Collectibles/Marvel_Universe_Series_1/marvel-universe-series-1-card-152.png,Marvel Universe Series 1 Card 152,1384316
Art/Cards_Collectibles/Marvel_Universe_Series_1/MUS1Card.153.png,Art/Cards_Collectibles/Marvel_Universe_Series_1/marvel-universe-series-1-card-153.png,Marvel Universe Series 1 Card 153,1222777
Art/Cards_Collectibles/Marvel_Universe_Series_1/MUS1Card.154.png,Art/Cards_Collectibles/Marvel_Universe_Series_1/marvel-universe-series-1-card-154.png,Marvel Universe Series 1 Card 154,1299669
Art/Cards_Collectibles/Marvel_Universe_Series_1/MUS1Card.155.png,Art/Cards_Collectibles/Marvel_Universe_Series_1/marvel-universe-series-1-card-155.png,Marvel Universe Series 1 Card 155,1172337
Art/Cards_Collectibles/Marvel_Universe_Series_1/MUS1Card.156.png,Art/Cards_Collectibles/Marvel_Universe_Series_1/marvel-universe-series-1-card-156.png,Marvel Universe Series 1 Card 156,1294670
Art/Cards_Collectibles/Marvel_Universe_Series_1/MUS1Card.157.png,Art/Cards_Collectibles/Marvel_Universe_Series_1/marvel-universe-series-1-card-157.png,Marvel Universe Series 1 Card 157,1244165
Art/Cards_Collectibles/Marvel_Universe_Series_1/MUS1Card.158.png,Art/Cards_Collectibles/Marvel_Universe_Series_1/marvel-universe-series-1-card-158.png,Marvel Universe Series 1 Card 158,1170376
Art/Cards_Collectibles/Marvel_Universe_Series_1/MUS1Card.159.png,Art/Cards_Collectibles/Marvel_Universe_Series_1/marvel-universe-series-1-card-159.png,Marvel Universe Series 1 Card 159,1310628
Art/Cards_Collectibles/Marvel_Universe_Series_1/MUS1Card.160.png,Art/Cards_Collectibles/Marvel_Universe_Series_1/marvel-universe-series-1-card-160.png,Marvel Universe Series 1 Card 160,1177972
Art/Cards_Collectibles/Marvel_Universe_Series_1/MUS1Card.161.png,Art/Cards_Collectibles/Marvel_Universe_Series_1/marvel-universe-series-1-card-161.png,Marvel Universe Series 1 Card 161,1223734
Art/Cards_Collectibles/Marvel_Universe_Series_1/MUS1Card.162.png,Art/Cards_Collectibles/Marvel_Universe_Series_1/marvel-universe-series-1-card-162.png,Marvel Universe Series 1 Card 162,755408
Art/Custom_Figures_Toys/MOTU_Vintage_200x_He-Man.png,Art/Custom_Figures_Toys/motu-vintage-200x-he-man-illustration-santiago-salvador.png,MOTU Vintage 200X He-Man Illustration,2118247
Art/Custom_Figures_Toys/MOTU_Vintage_IronOn.jpg,Art/Custom_Figures_Toys/motu-vintage-iron-on-santiago-salvador.jpg,MOTU Vintage Iron On,352988
Art/Custom_Figures_Toys/MOTU_Vintage_IronOn_Anti-Eternia_He-Man.png,Art/Custom_Figures_Toys/motu-vintage-iron-on-anti-eternia-he-man-santiago-salvador.png,MOTU Vintage Iron On Anti-Eternia He-Man,1425879
Art/Custom_Figures_Toys/MOTU_Vintage_IronOn_Faker.png,Art/Custom_Figures_Toys/motu-vintage-iron-on-faker-santiago-salvador.png,MOTU Vintage Iron On Faker,2041986
Art/Custom_Figures_Toys/MOTU_Vintage_IronOn_He-Man.png,Art/Custom_Figures_Toys/motu-vintage-iron-on-he-man-santiago-salvador.png,MOTU Vintage Iron On He-Man,1951458
Art/Custom_Figures_Toys/MOTU_Vintage_IronOn_Wonderbread.png,Art/Custom_Figures_Toys/motu-vintage-iron-on-wonderbread-santiago-salvador.png,MOTU Vintage Iron On Wonderbread,1884911
Art/Custom_Figures_Toys/MOTUKO_Vintage_UniversePrince.png,Art/Custom_Figures_Toys/motuko-vintage-universe-prince-illustration-santiago-salvador.png,MOTUKO Vintage Universe Prince Illustration,1353682
Art/Custom_Figures_Toys/santiago_salvador_abra.jpg,Art/Custom_Figures_Toys/abra-custom-plush-doll-santiago-salvador.jpg,Abra Custom Plush Doll,26312
Art/Custom_Figures_Toys/santiago_salvador_AntiEterniaHeMan.jpg,Art/Custom_Figures_Toys/anti-eternia-he-man-vintage-custom-masters-of-the-universe-figure-santiago-salvador.jpg,Anti-Eternia He-Man Vintage Custom Masters of the Universe Figure,109321
Art/Custom_Figures_Toys/santiago_salvador_AntiEterniaHeManTheLoyalSubjects.jpg,Art/Custom_Figures_Toys/anti-eternia-he-man-the-loyal-subjects-custom-figure-santiago-salvador.jpg,Anti Eternia He-Man The Loyal Subjects Custom Figure,77252
Art/Custom_Figures_Toys/santiago_salvador_BattleCatWhiteTiger.jpg,Art/Custom_Figures_Toys/battle-cat-white-tiger-artwork-santiago-salvador.jpg,Battle Cat White Tiger,111209
Art/Custom_Figures_Toys/santiago_salvador_coraline.jpg,Art/Custom_Figures_Toys/coraline-character-drawing-santiago-salvador.jpg,Coraline Character Drawing,450175
Art/Custom_Figures_Toys/santiago_salvador_motu_rm.jpg,Art/Custom_Figures_Toys/motu-ram-man-game-screenshots-santiago-salvador.jpg,MOTU Ram Man Game Screenshots,111020
Art/Custom_Figures_Toys/santiago_salvador_motubattle.jpg,Art/Custom_Figures_Toys/motu-battle-illustration-santiago-salvador.jpg,MOTU Battle Illustration,182692
Art/Custom_Figures_Toys/Skeletor.png,Art/Custom_Figures_Toys/skeletor-circular-illustration-santiago-salvador.png,Skeletor Circular Illustration,2554093
Art/Custom_Figures_Toys/Teela.jpg,Art/Custom_Figures_Toys/teela-character-drawing-santiago-salvador.jpg,Teela Character Drawing,747507
Art/Custom_Figures_Toys/teelashorse.jpg,Art/Custom_Figures_Toys/teelas-horse-drawing-santiago-salvador.jpg,Teelas Horse Drawing,680742
Art/Features/sanitago_salvador_feature (1).jpg,Art/Features/five-element-blocks-matching-game-banner.jpg,Five Element Blocks Matching Game Banner,158350
Art/Features/sanitago_salvador_feature (10).jpg,Art/Features/fluffy-pillow-tower-builder-game-banner.jpg,Fluffy Pillow Tower Builder Game Banner,87934
Art/Features/sanitago_salvador_feature (11).jpg,Art/Features/golden-rail-rush-game-banner.jpg,Golden Rail Rush Game Banner,118055
Art/Features/sanitago_salvador_feature (12).jpg,Art/Features/haunted-harbor-ghost-ships-game-banner.jpg,Haunted Harbor Ghost Ships Game Banner,141853
Art/Features/sanitago_salvador_feature (13).jpg,Art/Features/head-kicker-monster-soccer-game-banner.jpg,Head Kicker Monster Soccer Game Banner,129164
Art/Features/sanitago_salvador_feature (14).jpg,Art/Features/ice-hockey-game-banner.jpg,Ice Hockey Game Banner,141469
Art/Features/sanitago_salvador_feature (15).jpg,Art/Features/land-cutter-mania-game-banner.jpg,Land Cutter Mania Game Banner,132936
Art/Features/sanitago_salvador_feature (16).jpg,Art/Features/large-tower-fortress-builder-game-banner.jpg,Large Tower Fortress Builder Game Banner,117525
Art/Features/sanitago_salvador_feature (17).jpg,Art/Features/radical-soldier-drop-game-banner.jpg,Radical Soldier Drop Game Banner,117003
Art/Features/sanitago_salvador_feature (18).jpg,Art/Features/pizza-cutter-food-attack-game-banner.jpg,Pizza Cutter Food Attack Game Banner,165776
Art/Features/sanitago_salvador_feature (19).jpg,Art/Features/sea-wolf-pirate-ship-harbor-game-banner.jpg,Sea Wolf Pirate Ship Harbor Game Banner,120605
Art/Features/sanitago_salvador_feature (2).jpg,Art/Features/ape-monkeys-flight-game-banner.jpg,Ape Monkeys Flight Game Banner,152898
Art/Features/sanitago_salvador_feature (20).jpg,Art/Features/soccer-buddy-goalkeeper-game-banner.jpg,Soccer Buddy Goalkeeper Game Banner,135157
Art/Features/sanitago_salvador_feature (21).jpg,Art/Features/spoils-of-war-match-game-banner.jpg,Spoils of War Match Game Banner,142775
Art/Features/sanitago_salvador_feature (22).jpg,Art/Features/sports-bar-power-hour-game-banner.jpg,Sports Bar Power Hour Game Banner,150081
Art/Features/sanitago_salvador_feature (23).jpg,Art/Features/all-star-party-bash-game-banner.jpg,All Star Party Bash Game Banner,178506
Art/Features/sanitago_salvador_feature (24).jpg,Art/Features/street-striker-football-game-banner.jpg,Street Striker Football Game Banner,153408
Art/Features/sanitago_salvador_feature (25).jpg,Art/Features/tiny-train-world-game-banner.jpg,Tiny Train World Game Banner,117003
Art/Features/sanitago_salvador_feature (26).jpg,Art/Features/war-harbor-submarines-game-banner.jpg,War Harbor Submarines Game Banner,116349
Art/Features/sanitago_salvador_feature (3).jpg,Art/Features/amazing-trucks-and-cattle-game-banner.jpg,Amazing Trucks and Cattle Game Banner,122820
Art/Features/sanitago_salvador_feature (4).jpg,Art/Features/candy-sweet-fat-craze-game-banner.jpg,Candy Sweet Fat Craze Game Banner,192847
Art/Features/sanitago_salvador_feature (5).jpg,Art/Features/chef-hockey-game-banner.jpg,Chef Hockey Game Banner,146700
Art/Features/sanitago_salvador_feature (6).jpg,Art/Features/chop-morris-hollywood-series-game-banner.jpg,Chop Morris Hollywood Series Game Banner,169633
Art/Features/sanitago_salvador_feature (7).jpg,Art/Features/extreme-car-wreck-builder-game-banner.jpg,Extreme Car Wreck Builder Game Banner,141953
Art/Features/sanitago_salvador_feature (8).jpg,Art/Features/exciting-cat-hero-free-fall-game-banner.jpg,Exciting Cat Hero Free Fall Game Banner,113137
Art/Features/sanitago_salvador_feature (9).jpg,Art/Features/fun-flag-matching-game-banner.jpg,Fun Flag Matching Game Banner,126117
Art/Game_Art_Screenshots/metroid1.jpg,Art/Game_Art_Screenshots/metroid1-game-art.jpg,metroid1,157573
Art/Game_Art_Screenshots/metroid2.jpg,Art/Game_Art_Screenshots/metroid2-game-art.jpg,metroid2,213624
Art/Game_Art_Screenshots/rammanbysantiagosalvador.apk,Art/Game_Art_Screenshots/ram-man-android-game.apk,Ram Man Android Game,19189507
Art/Game_Art_Screenshots/santiago_salvador_actioncraft1.jpg,Art/Game_Art_Screenshots/actioncraft-1-game-art.jpg,Actioncraft 1,236393
Art/Game_Art_Screenshots/santiago_salvador_actioncraft2.jpg,Art/Game_Art_Screenshots/actioncraft-2-game-art.jpg,Actioncraft 2,144940
Art/Game_Art_Screenshots/santiago_salvador_actioncraftljss1.jpg,Art/Game_Art_Screenshots/actioncraft-lumberjack-screenshot-1.jpg,Actioncraft Lumberjack Screenshot 1,235534
Art/Game_Art_Screenshots/santiago_salvador_actioncraftljss2.jpg,Art/Game_Art_Screenshots/actioncraft-lumberjack-screenshot-2.jpg,Actioncraft Lumberjack Screenshot 2,197452
Art/Game_Art_Screenshots/santiago_salvador_actioncraftljss3.jpg,Art/Game_Art_Screenshots/actioncraft-lumberjack-screenshot-3.jpg,Actioncraft Lumberjack Screenshot 3,210380
Art/Game_Art_Screenshots/santiago_salvador_actioncraftljss4.jpg,Art/Game_Art_Screenshots/actioncraft-lumberjack-screenshot-4.jpg,Actioncraft Lumberjack Screenshot 4,227922
Art/Game_Art_Screenshots/santiago_salvador_actioncraftljss5.jpg,Art/Game_Art_Screenshots/actioncraft-lumberjack-screenshot-5.jpg,Actioncraft Lumberjack Screenshot 5,212520
Art/Game_Art_Screenshots/santiago_salvador_actioncraftss1.jpg,Art/Game_Art_Screenshots/actioncraft-screenshot-1.jpg,Actioncraft Screenshot 1,251988
Art/Game_Art_Screenshots/santiago_salvador_actioncraftss2.jpg,Art/Game_Art_Screenshots/actioncraft-screenshot-2.jpg,Actioncraft Screenshot 2,179256
Art/Game_Art_Screenshots/santiago_salvador_actioncraftss3.jpg,Art/Game_Art_Screenshots/actioncraft-screenshot-3.jpg,Actioncraft Screenshot 3,179702
Art/Game_Art_Screenshots/santiago_salvador_actioncraftss4.jpg,Art/Game_Art_Screenshots/actioncraft-screenshot-4.jpg,Actioncraft Screenshot 4,166608
Art/Game_Art_Screenshots/santiago_salvador_actioncraftss5.jpg,Art/Game_Art_Screenshots/actioncraft-screenshot-5.jpg,Actioncraft Screenshot 5,166093
Art/Game_Art_Screenshots/santiago_salvador_activision_csqa.jpg,Art/Game_Art_Screenshots/award-winning-activision-custom-csqa-design-game-art.jpg,Award Winning Activision Custom CSQA design,176104
Art/Game_Art_Screenshots/santiago_salvador_harryrunanimation.gif,Art/Game_Art_Screenshots/harry-running-animation.gif,Harry Running Animation,96262
Art/Game_Art_Screenshots/santiago_salvador_jumpingjaxsjailbreak.jpg,Art/Game_Art_Screenshots/jumping-jaxs-jailbreak-game-art.jpg,Jumping Jaxs Jailbreak,53143
Art/Game_Art_Screenshots/santiago_salvador_jumpingjaxsjailbreak_cubecraft.jpg,Art/Game_Art_Screenshots/jumping-jaxs-jailbreak-cubecraft-game-art.jpg,Jumping Jaxs Jailbreak Cubecraft,1363836
Art/Game_Art_Screenshots/santiago_salvador_jumpingjaxsjailbreakcubecraftfinal.jpg,Art/Game_Art_Screenshots/jumping-jaxs-jailbreak-cubecraft-final-game-art.jpg,Jumping Jaxs Jailbreak Cubecraft Final,4185416
Art/Game_Art_Screenshots/santiago_salvador_maze.jpg,Art/Game_Art_Screenshots/maze-game-art.jpg,maze,43396
Art/Game_Art_Screenshots/santiago_salvador_maze1.jpg,Art/Game_Art_Screenshots/maze1-game-art.jpg,maze1,1210840
Art/Game_Art_Screenshots/santiago_salvador_maze2.jpg,Art/Game_Art_Screenshots/maze2-game-art.jpg,maze2,724441
Art/Game_Art_Screenshots/santiago_salvador_metroid.jpg,Art/Game_Art_Screenshots/metroid-game-art.jpg,metroid,516965
Art/Game_Art_Screenshots/santiago_salvador_mobsterroulette1.jpg,Art/Game_Art_Screenshots/mobster-roulette-1-game-art.jpg,Mobster Roulette 1,271794
Art/Game_Art_Screenshots/santiago_salvador_mobsterroulette2.jpg,Art/Game_Art_Screenshots/mobster-roulette-2-game-art.jpg,Mobster Roulette 2,289133
Art/Game_Art_Screenshots/santiago_salvador_ninjass1.jpg,Art/Game_Art_Screenshots/ninja-screenshot-1.jpg,Ninja Screenshot 1,187800
Art/Game_Art_Screenshots/santiago_salvador_ninjass2.jpg,Art/Game_Art_Screenshots/ninja-screenshot-2.jpg,Ninja Screenshot 2,276857
Art/Game_Art_Screenshots/santiago_salvador_ninjass3.jpg,Art/Game_Art_Screenshots/ninja-screenshot-3.jpg,Ninja Screenshot 3,257540
Art/Game_Art_Screenshots/santiago_salvador_ninjass4.jpg,Art/Game_Art_Screenshots/ninja-screenshot-4.jpg,Ninja Screenshot 4,276469
Art/Game_Art_Screenshots/santiago_salvador_ninjass5.jpg,Art/Game_Art_Screenshots/ninja-screenshot-5.jpg,Ninja Screenshot 5,255155
Art/Game_Art_Screenshots/santiago_salvador_rr_screenshot_1.jpg,Art/Game_Art_Screenshots/russian-roulette-screenshot-1.jpg,Russian Roulette Screenshot  1,205104
Art/Game_Art_Screenshots/santiago_salvador_rr_screenshot_2.jpg,Art/Game_Art_Screenshots/russian-roulette-screenshot-2.jpg,Russian Roulette Screenshot  2,208883
Art/Game_Art_Screenshots/santiago_salvador_rr_screenshot_3.jpg,Art/Game_Art_Screenshots/russian-roulette-screenshot-3.jpg,Russian Roulette Screenshot  3,203095
Art/Game_Art_Screenshots/santiago_salvador_rr_screenshot_4.jpg,Art/Game_Art_Screenshots/russian-roulette-screenshot-4.jpg,Russian Roulette Screenshot  4,185828
Art/Game_Art_Screenshots/santiago_salvador_rr_screenshot_5.jpg,Art/Game_Art_Screenshots/russian-roulette-screenshot-5.jpg,Russian Roulette Screenshot  5,217714
Art/Game_Art_Screenshots/santiago_salvador_russianroulette1.jpg,Art/Game_Art_Screenshots/russian-roulette-1-game-art.jpg,Russian Roulette 1,289173
Art/Game_Art_Screenshots/santiago_salvador_russianroulette2.jpg,Art/Game_Art_Screenshots/russian-roulette-2-game-art.jpg,Russian Roulette 2,327126
Art/Game_Art_Screenshots/santiago_salvador_russianroulettegame_icon.png,Art/Game_Art_Screenshots/russian-roulette-game-icon.png,Russian Roulette Game Icon,4459683
Art/Game_Art_Screenshots/santiago_salvador_tvm_1.jpg,Art/Game_Art_Screenshots/theseus-vs-the-minotaur-1-game-art.jpg,Theseus Vs The Minotaur  1,154207
Art/Game_Art_Screenshots/santiago_salvador_tvm_2.jpg,Art/Game_Art_Screenshots/theseus-vs-the-minotaur-2-game-art.jpg,Theseus Vs The Minotaur  2,183300
Art/Game_Art_Screenshots/santiago_salvador_tvm_3.jpg,Art/Game_Art_Screenshots/theseus-vs-the-minotaur-3-game-art.jpg,Theseus Vs The Minotaur  3,148452
Art/Game_Art_Screenshots/santiago_salvador_tvm_4.png,Art/Game_Art_Screenshots/theseus-vs-the-minotaur-4-game-art.png,Theseus Vs The Minotaur  4,294302
Art/Game_Art_Screenshots/santiago_salvador_tvm_screenshot_1.jpg,Art/Game_Art_Screenshots/theseus-vs-the-minotaur-screenshot-1.jpg,Theseus Vs The Minotaur Screenshot  1,280169
Art/Game_Art_Screenshots/santiago_salvador_tvm_screenshot_2.jpg,Art/Game_Art_Screenshots/theseus-vs-the-minotaur-screenshot-2.jpg,Theseus Vs The Minotaur Screenshot  2,267616
Art/Game_Art_Screenshots/santiago_salvador_tvm_screenshot_3.jpg,Art/Game_Art_Screenshots/theseus-vs-the-minotaur-screenshot-3.jpg,Theseus Vs The Minotaur Screenshot  3,211368
Art/Game_Art_Screenshots/santiago_salvador_tvm_screenshot_4.jpg,Art/Game_Art_Screenshots/theseus-vs-the-minotaur-screenshot-4.jpg,Theseus Vs The Minotaur Screenshot  4,261137
Art/Game_Art_Screenshots/santiago_salvador_tvm_screenshot_5.jpg,Art/Game_Art_Screenshots/theseus-vs-the-minotaur-screenshot-5.jpg,Theseus Vs The Minotaur Screenshot  5,281762
Art/Game_Art_Screenshots/santiago_salvador_wnfstudios_splash.jpg,Art/Game_Art_Screenshots/wnf-studios-splash.jpg,Wnf Studios Splash,170009
Art/Icons/santiago_salvador_icon1.png,Art/Icons/cartoon-bowling-game-icon.png,Cartoon Bowling Game Icon,40710
Art/Icons/santiago_salvador_icon10.png,Art/Icons/flying-rabbit-game-icon.png,Flying Rabbit Game Icon,38860
Art/Icons/santiago_salvador_icon11.png,Art/Icons/school-bus-game-icon.png,School Bus Game Icon,52891
Art/Icons/santiago_salvador_icon12.png,Art/Icons/soccer-ball-game-icon.png,Soccer Ball Game Icon,28767
Art/Icons/santiago_salvador_icon13.png,Art/Icons/blonde-character-game-icon.png,Blonde Character Game Icon,34985
Art/Icons/santiago_salvador_icon14.png,Art/Icons/hockey-helmet-and-puck-game-icon.png,Hockey Helmet and Puck Game Icon,30245
Art/Icons/santiago_salvador_icon15.png,Art/Icons/fruit-truck-game-icon.png,Fruit Truck Game Icon,46253
Art/Icons/santiago_salvador_icon16.png,Art/Icons/watermelon-game-icon.png,Watermelon Game Icon,31166
Art/Icons/santiago_salvador_icon17.png,Art/Icons/car-jump-game-icon.png,Car Jump Game Icon,29183
Art/Icons/santiago_salvador_icon18.png,Art/Icons/horse-slots-game-icon.png,Horse Slots Game Icon,44080
Art/Icons/santiago_salvador_icon19.png,Art/Icons/jumping-prisoner-game-icon.png,Jumping Prisoner Game Icon,53218
Art/Icons/santiago_salvador_icon2.png,Art/Icons/car-wreck-game-icon.png,Car Wreck Game Icon,34898
Art/Icons/santiago_salvador_icon20.png,Art/Icons/gangster-roulette-game-icon.png,Gangster Roulette Game Icon,43037
Art/Icons/santiago_salvador_icon21.png,Art/Icons/red-bull-character-game-icon.png,Red Bull Character Game Icon,45029
Art/Icons/santiago_salvador_icon22.png,Art/Icons/winged-pig-game-icon.png,Winged Pig Game Icon,48638
Art/Icons/santiago_salvador_icon23.png,Art/Icons/roulette-game-icon.png,Roulette Game Icon,55273
Art/Icons/santiago_salvador_icon24.png,Art/Icons/santa-roulette-game-icon.png,Santa Roulette Game Icon,54506
Art/Icons/santiago_salvador_icon25.png,Art/Icons/ice-hockey-game-icon.png,Ice Hockey Game Icon,36973
Art/Icons/santiago_salvador_icon26.png,Art/Icons/gangster-slots-game-icon.png,Gangster Slots Game Icon,46568
Art/Icons/santiago_salvador_icon27.png,Art/Icons/block-character-game-icon.png,Block Character Game Icon,34774
Art/Icons/santiago_salvador_icon28.png,Art/Icons/karate-chop-game-icon.png,Karate Chop Game Icon,51893
Art/Icons/santiago_salvador_icon29.png,Art/Icons/santa-slots-game-icon.png,Santa Slots Game Icon,40303
Art/Icons/santiago_salvador_icon3.png,Art/Icons/armed-gangster-game-icon.png,Armed Gangster Game Icon,48504
Art/Icons/santiago_salvador_icon30.png,Art/Icons/blue-racing-car-game-icon.png,Blue Racing Car Game Icon,55835
Art/Icons/santiago_salvador_icon31.png,Art/Icons/monster-characters-game-icon.png,Monster Characters Game Icon,46534
Art/Icons/santiago_salvador_icon32.png,Art/Icons/golden-seven-slots-game-icon.png,Golden Seven Slots Game Icon,61728
Art/Icons/santiago_salvador_icon33.png,Art/Icons/chef-hockey-game-icon.png,Chef Hockey Game Icon,36426
Art/Icons/santiago_salvador_icon34.png,Art/Icons/blonde-martial-artist-game-icon.png,Blonde Martial Artist Game Icon,41059
Art/Icons/santiago_salvador_icon35.png,Art/Icons/red-racing-car-game-icon.png,Red Racing Car Game Icon,45351
Art/Icons/santiago_salvador_icon36.png,Art/Icons/wizard-card-game-icon.png,Wizard Card Game Icon,52243
Art/Icons/santiago_salvador_icon37.png,Art/Icons/santa-and-elf-game-icon.png,Santa and Elf Game Icon,40638
Art/Icons/santiago_salvador_icon38.png,Art/Icons/portrait-slots-game-icon.png,Portrait Slots Game Icon,52368
Art/Icons/santiago_salvador_icon39.png,Art/Icons/red-haired-character-slots-game-icon.png,Red Haired Character Slots Game Icon,56195
Art/Icons/santiago_salvador_icon4.png,Art/Icons/food-truck-game-icon.png,Food Truck Game Icon,43509
Art/Icons/santiago_salvador_icon40.png,Art/Icons/santa-card-game-icon.png,Santa Card Game Icon,38887
Art/Icons/santiago_salvador_icon5.png,Art/Icons/football-game-icon.png,Football Game Icon,30864
Art/Icons/santiago_salvador_icon6.png,Art/Icons/hammer-smash-game-icon.png,Hammer Smash Game Icon,32003
Art/Icons/santiago_salvador_icon7.png,Art/Icons/guillotine-game-icon.png,Guillotine Game Icon,35002
Art/Icons/santiago_salvador_icon8.png,Art/Icons/camera-lens-app-icon.png,Camera Lens App Icon,43021
Art/Icons/santiago_salvador_icon9.png,Art/Icons/ape-monkeys-flight-game-icon.png,Ape Monkeys Flight Game Icon,36056
Art/Music_Audio/mus_boss_tidal_wave.mp3,Art/Music_Audio/shark-attack-sharkon-theme-music-santiago-salvador.mp3,Shark Attack,4344718
Art/Music_Audio/mus_end_game_funfunfun.mp3,Art/Music_Audio/jump-jax-game-music-and-sfx-santiago-salvador.mp3,Jump Jax!,3609110
Art/Music_Audio/mus_lev1_sliver.mp3,Art/Music_Audio/journey-the-brain-bludgeoner-boss-fight-music-santiago-salvador.mp3,Journey,6126478
Art/Music_Audio/mus_main_brainbludgeoner.mp3,Art/Music_Audio/mad-man-the-brain-bludgeoner-theme-music-santiago-salvador.mp3,Mad Man,3534997
Art/Paintings_Illustrations/000_0037.jpg,Art/Paintings_Illustrations/red-horned-demon-illustration-santiago-salvador.jpg,Red Horned Demon Illustration,8218485
Art/Paintings_Illustrations/afrodevil.jpg,Art/Paintings_Illustrations/afro-devil-artwork-santiago-salvador.jpg,Afro Devil,652001
Art/Paintings_Illustrations/AlienGuitar_SantiagoSalvador.png,Art/Paintings_Illustrations/alien-guitar-artwork-santiago-salvador.png,Alien Guitar,3592429
Art/Paintings_Illustrations/AM.jpg,Art/Paintings_Illustrations/almost-5-30-clock-sketch-santiago-salvador.jpg,Almost 5:30 Clock Sketch,186999
Art/Paintings_Illustrations/anarchistgorillabysantiagosalvador.jpg,Art/Paintings_Illustrations/anarchist-gorilla-artwork-santiago-salvador.jpg,Anarchist Gorilla,3284342
Art/Paintings_Illustrations/angelvsdevilpatternbysantiagosalvador.jpg,Art/Paintings_Illustrations/angel-vs-devil-pattern-artwork-santiago-salvador.jpg,Angel Vs Devil Pattern,10118081
Art/Paintings_Illustrations/angry.pete.jpg,Art/Paintings_Illustrations/angry-pete-artwork-santiago-salvador.jpg,angry pete,10487165
Art/Paintings_Illustrations/anvarri.jpg,Art/Paintings_Illustrations/anvarri-artwork-santiago-salvador.jpg,anvarri,1347924
Art/Paintings_Illustrations/art_recovery_10.png,Art/Paintings_Illustrations/dark-fantasy-character-mandala-artwork-santiago-salvador.png,Dark Fantasy Character Mandala,548711
Art/Paintings_Illustrations/art_recovery_11.png,Art/Paintings_Illustrations/embracing-figures-in-purple-and-green-artwork-santiago-salvador.png,Embracing Figures in Purple and Green,201773
Art/Paintings_Illustrations/art_recovery_12.png,Art/Paintings_Illustrations/three-eyed-dragon-circular-illustration-santiago-salvador.png,Three Eyed Dragon Circular Illustration,181197
Art/Paintings_Illustrations/art_recovery_13.png,Art/Paintings_Illustrations/blue-faced-figure-with-ornate-headdress-artwork-santiago-salvador.png,Blue Faced Figure with Ornate Headdress,1069324
Art/Paintings_Illustrations/art_recovery_14.png,Art/Paintings_Illustrations/meditating-wizard-in-green-vortex-artwork-santiago-salvador.png,Meditating Wizard in Green Vortex,842881
Art/Paintings_Illustrations/art_recovery_16.png,Art/Paintings_Illustrations/dark-fantasy-comic-panel-collage-santiago-salvador.png,Dark Fantasy Comic Panel Collage,404822
Art/Paintings_Illustrations/art_recovery_19.png,Art/Paintings_Illustrations/blue-and-yellow-embracing-figures-artwork-santiago-salvador.png,Blue and Yellow Embracing Figures,1023611
Art/Paintings_Illustrations/art_recovery_20.png,Art/Paintings_Illustrations/tarot-themed-character-collage-santiago-salvador.png,Tarot Themed Character Collage,647922
Art/Paintings_Illustrations/art_recovery_22.jpg,Art/Paintings_Illustrations/tall-fantasy-character-collage-santiago-salvador.jpg,Tall Fantasy Character Collage,261341
Art/Paintings_Illustrations/art_recovery_23.png,Art/Paintings_Illustrations/antlered-fantasy-medallion-design-santiago-salvador.png,Antlered Fantasy Medallion Design,380437
Art/Paintings_Illustrations/art_recovery_24.jpg,Art/Paintings_Illustrations/decorative-scorpion-on-black-artwork-santiago-salvador.jpg,Decorative Scorpion on Black,758592
Art/Paintings_Illustrations/art_recovery_25.png,Art/Paintings_Illustrations/green-face-with-pink-background-artwork-santiago-salvador.png,Green Face with Pink Background,610062
Art/Paintings_Illustrations/art_recovery_26.jpg,Art/Paintings_Illustrations/framed-cyclops-creature-drawing-santiago-salvador.jpg,Framed Cyclops Creature Drawing,50106
Art/Paintings_Illustrations/art_recovery_27.png,Art/Paintings_Illustrations/he-man-and-battle-cat-illustration-santiago-salvador.png,He-Man and Battle Cat Illustration,658340
Art/Paintings_Illustrations/art_recovery_28.png,Art/Paintings_Illustrations/surreal-guitarist-illustration-santiago-salvador.png,Surreal Guitarist Illustration,1091883
Art/Paintings_Illustrations/art_recovery_29.png,Art/Paintings_Illustrations/flaming-haired-guitarist-cd-design-santiago-salvador.png,Flaming Haired Guitarist CD Design,842132
Art/Paintings_Illustrations/art_recovery_30.png,Art/Paintings_Illustrations/flowing-psychedelic-line-art-santiago-salvador.png,Flowing Psychedelic Line Art,1649206
Art/Paintings_Illustrations/art_recovery_31.png,Art/Paintings_Illustrations/abstract-cartoon-character-collage-santiago-salvador.png,Abstract Cartoon Character Collage,622436
Art/Paintings_Illustrations/art_recovery_34.png,Art/Paintings_Illustrations/winged-figure-and-serpent-illustration-santiago-salvador.png,Winged Figure and Serpent Illustration,670203
Art/Paintings_Illustrations/art_recovery_35.png,Art/Paintings_Illustrations/mechanical-skulls-illustration-santiago-salvador.png,Mechanical Skulls Illustration,343539
Art/Paintings_Illustrations/art_recovery_4.png,Art/Paintings_Illustrations/custom-character-figure-collection-artwork-santiago-salvador.png,Custom Character Figure Collection,1825453
Art/Paintings_Illustrations/art_recovery_5.png,Art/Paintings_Illustrations/fantasy-characters-beneath-a-skull-artwork-santiago-salvador.png,Fantasy Characters beneath a Skull,1411910
Art/Paintings_Illustrations/art_recovery_7.png,Art/Paintings_Illustrations/leatherface-horror-illustration-santiago-salvador.png,Leatherface Horror Illustration,1001365
Art/Paintings_Illustrations/autoart.text.jpg,Art/Paintings_Illustrations/autoart-text-santiago-salvador.jpg,autoart text,689927
Art/Paintings_Illustrations/backofleggingangel.jpg,Art/Paintings_Illustrations/back-of-legging-angel-artwork-santiago-salvador.jpg,Back Of Legging Angel,1525161
Art/Paintings_Illustrations/bc(1).jpg,Art/Paintings_Illustrations/santiago-salvador-music-and-art-business-card.jpg,Santiago Salvador Music and Art Business Card,167083
Art/Paintings_Illustrations/BC.jpg,Art/Paintings_Illustrations/spacechakra-motu-customs-business-card-artwork-santiago-salvador.jpg,SpaceChakra MOTU Customs Business Card,225830
Art/Paintings_Illustrations/Be Goodness.jpg,Art/Paintings_Illustrations/be-goodness-artwork-santiago-salvador.jpg,Be Goodness,3141468
Art/Paintings_Illustrations/big.balls.jpg,Art/Paintings_Illustrations/big-balls-artwork-santiago-salvador.jpg,Big Balls,146217
Art/Paintings_Illustrations/blacksheep_jesus.png,Art/Paintings_Illustrations/black-sheep-jesus-artwork-santiago-salvador.png,Black Sheep Jesus,2300560
Art/Paintings_Illustrations/blacksmith.jpg,Art/Paintings_Illustrations/blacksmith-artwork-santiago-salvador.jpg,Blacksmith,1722122
Art/Paintings_Illustrations/blue.jpg,Art/Paintings_Illustrations/blue-fantasy-figure-portrait-santiago-salvador.jpg,Blue Fantasy Figure Portrait,4254054
Art/Paintings_Illustrations/butterflyfancer.png,Art/Paintings_Illustrations/butterfly-dancer-artwork-santiago-salvador.png,Butterfly Dancer,1666237
Art/Paintings_Illustrations/ButtonArt.jpg,Art/Paintings_Illustrations/button-art-santiago-salvador.jpg,Button Art,2302521
Art/Paintings_Illustrations/Calm Blue Ocean.jpg,Art/Paintings_Illustrations/calm-blue-ocean-artwork-santiago-salvador.jpg,Calm Blue Ocean,9810992
Art/Paintings_Illustrations/CandiceNanneti.png,Art/Paintings_Illustrations/candice-nanneti-artwork-santiago-salvador.png,Candice Nanneti,4181199
Art/Paintings_Illustrations/candy.jpg,Art/Paintings_Illustrations/seated-woman-character-drawing-santiago-salvador.jpg,Seated Woman Character Drawing,1562682
Art/Paintings_Illustrations/CD Cover - 1.jpg,Art/Paintings_Illustrations/cd-cover-1-artwork-santiago-salvador.jpg,CD Cover - 1,233885
Art/Paintings_Illustrations/characterdevelopment.jpg,Art/Paintings_Illustrations/character-development-artwork-santiago-salvador.jpg,Character Development,106293
Art/Paintings_Illustrations/characterdevelopment1.jpg,Art/Paintings_Illustrations/character-development-1-artwork-santiago-salvador.jpg,Character Development 1,4640254
"Art/Paintings_Illustrations/ChatGPT Image Sep 23, 2026, 02_47_54 AM.png",Art/Paintings_Illustrations/relaxing-music-note-character-artwork-santiago-salvador.png,Relaxing Music Note Character,1190996
"Art/Paintings_Illustrations/ChatGPT Image Sep 23, 2026, 03_14_11 AM (1).png",Art/Paintings_Illustrations/eye-and-face-line-art-santiago-salvador.png,Eye and Face Line Art,2240317
"Art/Paintings_Illustrations/ChatGPT Image Sep 23, 2026, 03_14_12 AM (2).png",Art/Paintings_Illustrations/three-eyed-flower-character-artwork-santiago-salvador.png,Three Eyed Flower Character,1122161
"Art/Paintings_Illustrations/ChatGPT Image Sep 23, 2026, 03_14_12 AM (3).png",Art/Paintings_Illustrations/heart-inside-a-television-santiago-salvador.png,Heart inside a Television,1232205
"Art/Paintings_Illustrations/ChatGPT Image Sep 23, 2026, 03_14_12 AM (4).png",Art/Paintings_Illustrations/geometric-perspective-blocks-artwork-santiago-salvador.png,Geometric Perspective Blocks,1271771
"Art/Paintings_Illustrations/ChatGPT Image Sep 23, 2026, 03_14_13 AM (5).png",Art/Paintings_Illustrations/four-eyed-ornamental-emblem-santiago-salvador.png,Four Eyed Ornamental Emblem,1666504
"Art/Paintings_Illustrations/ChatGPT Image Sep 23, 2026, 03_14_13 AM (6).png",Art/Paintings_Illustrations/golden-circular-ornamental-emblem-santiago-salvador.png,Golden Circular Ornamental Emblem,1241872
Art/Paintings_Illustrations/China Cymbal.jpg,Art/Paintings_Illustrations/china-cymbal-artwork-santiago-salvador.jpg,China Cymbal,800152
Art/Paintings_Illustrations/cod2.jpg,Art/Paintings_Illustrations/cod2-artwork-santiago-salvador.jpg,cod2,277741
Art/Paintings_Illustrations/concept.jpg,Art/Paintings_Illustrations/pink-suited-fantasy-character-artwork-santiago-salvador.jpg,Pink Suited Fantasy Character,573746
Art/Paintings_Illustrations/Copy of jc.jpg,Art/Paintings_Illustrations/winged-figure-pencil-drawing-santiago-salvador.jpg,Winged Figure Pencil Drawing,2760858
Art/Paintings_Illustrations/Copy of milove.jpg,Art/Paintings_Illustrations/milove-artwork-santiago-salvador.jpg,milove,5018418
Art/Paintings_Illustrations/CosmicVibesHolisticHealing.jpg,Art/Paintings_Illustrations/cosmic-vibes-holistic-healing-artwork-santiago-salvador.jpg,Cosmic Vibes Holistic Healing,544763
Art/Paintings_Illustrations/cp escape.jpg,Art/Paintings_Illustrations/cannibal-prime-escape-artwork-santiago-salvador.jpg,Cannibal Prime Escape,3170060
Art/Paintings_Illustrations/darknesswithin.png,Art/Paintings_Illustrations/darkness-within-artwork-santiago-salvador.png,Darkness Within,2977908
Art/Paintings_Illustrations/december.jpg,Art/Paintings_Illustrations/december-artwork-santiago-salvador.jpg,december,9428858
Art/Paintings_Illustrations/demok.symbol.jpg,Art/Paintings_Illustrations/demok-symbol-artwork-santiago-salvador.jpg,demok symbol,1443613
Art/Paintings_Illustrations/demoki.jpg,Art/Paintings_Illustrations/demoki-artwork-santiago-salvador.jpg,demoki,608693
Art/Paintings_Illustrations/devilhornsvenicebeachbysantiagosalvador.jpg,Art/Paintings_Illustrations/devil-horns-venice-beach-artwork-santiago-salvador.jpg,Devil Horns Venice Beach,3213526
Art/Paintings_Illustrations/DK.jpg,Art/Paintings_Illustrations/donkey-kong-city-illustration-santiago-salvador.jpg,Donkey Kong City Illustration,4456080
Art/Paintings_Illustrations/doom.line.jpg,Art/Paintings_Illustrations/doom-line-drawing-santiago-salvador.jpg,Doom Line Drawing,3023184
Art/Paintings_Illustrations/Door.png,Art/Paintings_Illustrations/the-door-intricate-figure-illustration-santiago-salvador.png,The Door Intricate Figure Illustration,2931454
Art/Paintings_Illustrations/dragon vs wizard.jpg,Art/Paintings_Illustrations/dragon-vs-wizard-artwork-santiago-salvador.jpg,dragon vs wizard,2319392
Art/Paintings_Illustrations/dragon3.JPG,Art/Paintings_Illustrations/dragon3-artwork-santiago-salvador.jpg,dragon3,2941247
Art/Paintings_Illustrations/dragonfly.jpg,Art/Paintings_Illustrations/dragonfly-artwork-santiago-salvador.jpg,Dragonfly,2607235
Art/Paintings_Illustrations/DSC02465.JPG,Art/Paintings_Illustrations/cyclops-creature-drawing-santiago-salvador.jpg,Cyclops Creature Drawing,315231
Art/Paintings_Illustrations/DSC02466.JPG,Art/Paintings_Illustrations/decorative-scorpion-drawing-santiago-salvador.jpg,Decorative Scorpion Drawing,343634
Art/Paintings_Illustrations/DSC02467.JPG,Art/Paintings_Illustrations/parachuting-gift-and-snail-drawing-santiago-salvador.jpg,Parachuting Gift and Snail Drawing,279259
Art/Paintings_Illustrations/DSC02468.JPG,Art/Paintings_Illustrations/interwoven-faces-line-drawing-santiago-salvador.jpg,Interwoven Faces Line Drawing,398957
Art/Paintings_Illustrations/DSC02469.JPG,Art/Paintings_Illustrations/dragon-and-wizard-fantasy-drawing-santiago-salvador.jpg,Dragon and Wizard Fantasy Drawing,467394
Art/Paintings_Illustrations/DSC02470.JPG,Art/Paintings_Illustrations/smiling-drummer-character-drawing-santiago-salvador.jpg,Smiling Drummer Character Drawing,279228
Art/Paintings_Illustrations/DSC02471.JPG,Art/Paintings_Illustrations/donkey-kong-city-drawing-alternate-view-santiago-salvador.jpg,Donkey Kong City Drawing Alternate View,372372
Art/Paintings_Illustrations/DSC02472.JPG,Art/Paintings_Illustrations/angels-are-in-my-dreams-drawing-santiago-salvador.jpg,Angels Are in My Dreams Drawing,555637
Art/Paintings_Illustrations/DSC02473.JPG,Art/Paintings_Illustrations/psychedelic-fish-in-blue-bubbles-artwork-santiago-salvador.jpg,Psychedelic Fish in Blue Bubbles,512520
Art/Paintings_Illustrations/DSC02474.JPG,Art/Paintings_Illustrations/blue-jacket-anarchy-portrait-santiago-salvador.jpg,Blue Jacket Anarchy Portrait,316274
Art/Paintings_Illustrations/DSC02475.JPG,Art/Paintings_Illustrations/golden-abstract-circular-emblem-santiago-salvador.jpg,Golden Abstract Circular Emblem,330817
Art/Paintings_Illustrations/DSC02476.JPG,Art/Paintings_Illustrations/love-themed-surreal-line-drawing-santiago-salvador.jpg,Love Themed Surreal Line Drawing,342978
Art/Paintings_Illustrations/DSC02491.JPG,Art/Paintings_Illustrations/blue-faced-ornate-headdress-drawing-santiago-salvador.jpg,Blue Faced Ornate Headdress Drawing,364257
Art/Paintings_Illustrations/DSC02493.JPG,Art/Paintings_Illustrations/what-time-is-it-lettering-sketch-santiago-salvador.jpg,What Time Is It Lettering Sketch,391971
Art/Paintings_Illustrations/DSC02494.JPG,Art/Paintings_Illustrations/mummy-in-a-stone-chamber-artwork-santiago-salvador.jpg,Mummy in a Stone Chamber,375533
Art/Paintings_Illustrations/DSC02497.JPG,Art/Paintings_Illustrations/grim-reaper-drawing-santiago-salvador.jpg,Grim Reaper Drawing,392195
Art/Paintings_Illustrations/DSC02498.JPG,Art/Paintings_Illustrations/primary-color-equation-sketch-santiago-salvador.jpg,Primary Color Equation Sketch,322616
Art/Paintings_Illustrations/DSC02499.JPG,Art/Paintings_Illustrations/lightning-and-skull-face-drawing-santiago-salvador.jpg,Lightning and Skull Face Drawing,308571
Art/Paintings_Illustrations/DSC02501.JPG,Art/Paintings_Illustrations/long-nosed-skater-character-artwork-santiago-salvador.jpg,Long Nosed Skater Character,353766
Art/Paintings_Illustrations/DSC02503.JPG,Art/Paintings_Illustrations/three-eyed-dragon-line-drawing-santiago-salvador.jpg,Three Eyed Dragon Line Drawing,359663
Art/Paintings_Illustrations/DSC02504.JPG,Art/Paintings_Illustrations/long-haired-figure-red-line-drawing-santiago-salvador.jpg,Long Haired Figure Red Line Drawing,423982
Art/Paintings_Illustrations/DSC02505.JPG,Art/Paintings_Illustrations/pink-flame-headed-character-artwork-santiago-salvador.jpg,Pink Flame Headed Character,343050
Art/Paintings_Illustrations/DSC02506.JPG,Art/Paintings_Illustrations/star-shirt-fantasy-character-artwork-santiago-salvador.jpg,Star Shirt Fantasy Character,285299
Art/Paintings_Illustrations/DSC02507.JPG,Art/Paintings_Illustrations/bound-figure-in-red-and-blue-artwork-santiago-salvador.jpg,Bound Figure in Red and Blue,301265
Art/Paintings_Illustrations/DSC02508.JPG,Art/Paintings_Illustrations/pink-haired-character-detail-artwork-santiago-salvador.jpg,Pink Haired Character Detail,320125
Art/Paintings_Illustrations/DSC02509.JPG,Art/Paintings_Illustrations/small-blue-character-detail-artwork-santiago-salvador.jpg,Small Blue Character Detail,243845
Art/Paintings_Illustrations/DSC02510.JPG,Art/Paintings_Illustrations/pink-haired-character-composition-santiago-salvador.jpg,Pink Haired Character Composition,318363
Art/Paintings_Illustrations/DSC02511.JPG,Art/Paintings_Illustrations/star-shirt-warrior-pencil-sketch-santiago-salvador.jpg,Star Shirt Warrior Pencil Sketch,297728
Art/Paintings_Illustrations/DSC02512.JPG,Art/Paintings_Illustrations/seated-woman-profile-drawing-santiago-salvador.jpg,Seated Woman Profile Drawing,300380
Art/Paintings_Illustrations/DSC02513.JPG,Art/Paintings_Illustrations/fish-red-line-drawing-santiago-salvador.jpg,Fish Red Line Drawing,391725
Art/Paintings_Illustrations/DSC02514.JPG,Art/Paintings_Illustrations/guitarist-and-sound-waves-sketch-santiago-salvador.jpg,Guitarist and Sound Waves Sketch,198452
Art/Paintings_Illustrations/DSC02515.JPG,Art/Paintings_Illustrations/winged-figure-sketchbook-photo-santiago-salvador.jpg,Winged Figure Sketchbook Photo,339965
Art/Paintings_Illustrations/DSC02516.JPG,Art/Paintings_Illustrations/intricate-figure-purple-line-drawing-santiago-salvador.jpg,Intricate Figure Purple Line Drawing,295423
Art/Paintings_Illustrations/DSC02519.JPG,Art/Paintings_Illustrations/meditating-fantasy-figure-sketch-santiago-salvador.jpg,Meditating Fantasy Figure Sketch,342667
Art/Paintings_Illustrations/DSC02520.JPG,Art/Paintings_Illustrations/green-face-and-pink-background-drawing-santiago-salvador.jpg,Green Face and Pink Background Drawing,197186
Art/Paintings_Illustrations/DSC02525.JPG,Art/Paintings_Illustrations/green-ornamental-line-drawing-santiago-salvador.jpg,Green Ornamental Line Drawing,271767
Art/Paintings_Illustrations/DSC02526.JPG,Art/Paintings_Illustrations/red-ornamental-character-drawing-santiago-salvador.jpg,Red Ornamental Character Drawing,222808
Art/Paintings_Illustrations/DSC02527.JPG,Art/Paintings_Illustrations/laughing-buddha-line-drawing-santiago-salvador.jpg,Laughing Buddha Line Drawing,224066
Art/Paintings_Illustrations/DSC02528.JPG,Art/Paintings_Illustrations/screaming-figure-composition-santiago-salvador.jpg,Screaming Figure Composition,448026
Art/Paintings_Illustrations/DSC02530.JPG,Art/Paintings_Illustrations/bearded-sunglasses-character-artwork-santiago-salvador.jpg,Bearded Sunglasses Character,234989
Art/Paintings_Illustrations/DSC02533.JPG,Art/Paintings_Illustrations/tabletop-scene-sketch-santiago-salvador.jpg,Tabletop Scene Sketch,215871
Art/Paintings_Illustrations/DSC02535.JPG,Art/Paintings_Illustrations/tree-creature-sketch-santiago-salvador.jpg,Tree Creature Sketch,240517
Art/Paintings_Illustrations/DSC02536.JPG,Art/Paintings_Illustrations/sharp-toothed-creature-sketch-santiago-salvador.jpg,Sharp Toothed Creature Sketch,254878
Art/Paintings_Illustrations/DSC02537.JPG,Art/Paintings_Illustrations/standing-woman-pencil-sketch-santiago-salvador.jpg,Standing Woman Pencil Sketch,215499
Art/Paintings_Illustrations/DSC02538.JPG,Art/Paintings_Illustrations/character-and-creature-pencil-sketch-santiago-salvador.jpg,Character and Creature Pencil Sketch,246438
Art/Paintings_Illustrations/DSC02539.JPG,Art/Paintings_Illustrations/monster-group-pencil-sketch-santiago-salvador.jpg,Monster Group Pencil Sketch,213299
Art/Paintings_Illustrations/DSC02540.JPG,Art/Paintings_Illustrations/spiky-haired-character-design-santiago-salvador.jpg,Spiky Haired Character Design,250069
Art/Paintings_Illustrations/DSC02541.JPG,Art/Paintings_Illustrations/crouching-horned-creature-sketch-santiago-salvador.jpg,Crouching Horned Creature Sketch,198740
Art/Paintings_Illustrations/DSC02543.JPG,Art/Paintings_Illustrations/one-eyed-robot-character-sketch-santiago-salvador.jpg,One Eyed Robot Character Sketch,261265
Art/Paintings_Illustrations/DSC02544.JPG,Art/Paintings_Illustrations/flaming-skull-character-drawing-santiago-salvador.jpg,Flaming Skull Character Drawing,186232
Art/Paintings_Illustrations/DSC02545.JPG,Art/Paintings_Illustrations/hand-and-written-notes-sketchbook-santiago-salvador.jpg,Hand and Written Notes Sketchbook,208407
Art/Paintings_Illustrations/DSC02546.JPG,Art/Paintings_Illustrations/woman-in-white-dress-drawing-santiago-salvador.jpg,Woman in White Dress Drawing,136540
Art/Paintings_Illustrations/DSC02547.JPG,Art/Paintings_Illustrations/cartoon-action-scene-sketch-santiago-salvador.jpg,Cartoon Action Scene Sketch,235993
Art/Paintings_Illustrations/DSC02548.JPG,Art/Paintings_Illustrations/woman-in-control-room-sketch-santiago-salvador.jpg,Woman in Control Room Sketch,315733
Art/Paintings_Illustrations/DSC02549.JPG,Art/Paintings_Illustrations/surreal-mushroom-figure-composition-santiago-salvador.jpg,Surreal Mushroom Figure Composition,349302
Art/Paintings_Illustrations/DSC02551.JPG,Art/Paintings_Illustrations/fantasy-character-line-art-composition-santiago-salvador.jpg,Fantasy Character Line Art Composition,334294
Art/Paintings_Illustrations/DSC02552.JPG,Art/Paintings_Illustrations/green-clad-cartoon-character-santiago-salvador.jpg,Green Clad Cartoon Character,273677
Art/Paintings_Illustrations/DSC02553.JPG,Art/Paintings_Illustrations/guitarist-in-surreal-landscape-sketch-santiago-salvador.jpg,Guitarist in Surreal Landscape Sketch,384189
Art/Paintings_Illustrations/father.time.JPG,Art/Paintings_Illustrations/father-time-artwork-santiago-salvador.jpg,father time,3113538
Art/Paintings_Illustrations/fela.jpg,Art/Paintings_Illustrations/fela-artwork-santiago-salvador.jpg,fela,661947
Art/Paintings_Illustrations/fire.jpg,Art/Paintings_Illustrations/flames-and-logs-illustration-santiago-salvador.jpg,Flames and Logs Illustration,168119
Art/Paintings_Illustrations/Fire_Fairy_SantiagoSalvador.png,Art/Paintings_Illustrations/fire-fairy-artwork-santiago-salvador.png,Fire Fairy,3055581
Art/Paintings_Illustrations/geisha.jpg,Art/Paintings_Illustrations/geisha-artwork-santiago-salvador.jpg,geisha,5895429
Art/Paintings_Illustrations/ghoastgoblins.jpg,Art/Paintings_Illustrations/ghosts-and-goblins-artwork-santiago-salvador.jpg,Ghosts And Goblins,1115552
Art/Paintings_Illustrations/gorilla.jpg,Art/Paintings_Illustrations/gorilla-artwork-santiago-salvador.jpg,gorilla,2929321
Art/Paintings_Illustrations/GrimReeper.jpg,Art/Paintings_Illustrations/grim-reaper-artwork-santiago-salvador.jpg,Grim Reaper,2187969
Art/Paintings_Illustrations/guitar.jpg,Art/Paintings_Illustrations/guitar-artwork-santiago-salvador.jpg,guitar,5084655
Art/Paintings_Illustrations/HappyFamily.jpg,Art/Paintings_Illustrations/happy-family-artwork-santiago-salvador.jpg,Happy Family,2872982
Art/Paintings_Illustrations/happyworker.jpg,Art/Paintings_Illustrations/happy-worker-artwork-santiago-salvador.jpg,Happy Worker,2295922
Art/Paintings_Illustrations/HATEDEMONSanDiablo.jpg,Art/Paintings_Illustrations/hate-demon-san-diablo-artwork-santiago-salvador.jpg,Hate Demon San Diablo,5856279
Art/Paintings_Illustrations/HauntingWizard.jpg,Art/Paintings_Illustrations/haunting-wizard-artwork-santiago-salvador.jpg,Haunting Wizard,3402207
Art/Paintings_Illustrations/headshot.jpg,Art/Paintings_Illustrations/blue-face-circular-portrait-santiago-salvador.jpg,Blue Face Circular Portrait,1822754
Art/Paintings_Illustrations/heart.jpg,Art/Paintings_Illustrations/heart-santiago-salvador.jpg,heart,2782264
Art/Paintings_Illustrations/Holy Mountain FINAL.jpg,Art/Paintings_Illustrations/holy-mountain-final-artwork-santiago-salvador.jpg,Holy Mountain FINAL,16606444
Art/Paintings_Illustrations/Hope.png,Art/Paintings_Illustrations/hope-heart-and-rainbow-illustration-santiago-salvador.png,Hope Heart and Rainbow Illustration,86453941
Art/Paintings_Illustrations/hung - color.jpg,Art/Paintings_Illustrations/hung-color-artwork-santiago-salvador.jpg,hung - color,1541468
Art/Paintings_Illustrations/IMAG2572_1_1.jpg,Art/Paintings_Illustrations/abstract-musical-symbol-drawing-santiago-salvador.jpg,Abstract Musical Symbol Drawing,1266392
Art/Paintings_Illustrations/IMAG3270_1_1_1.jpg,Art/Paintings_Illustrations/heart-and-sun-circular-drawing-santiago-salvador.jpg,Heart and Sun Circular Drawing,913993
Art/Paintings_Illustrations/IMAG3561_1.jpg,Art/Paintings_Illustrations/faceless-figure-with-flowing-hair-artwork-santiago-salvador.jpg,Faceless Figure with Flowing Hair,631771
Art/Paintings_Illustrations/IMAG3576_1.jpg,Art/Paintings_Illustrations/winged-creature-tattoo-design-santiago-salvador.jpg,Winged Creature Tattoo Design,1505704
Art/Paintings_Illustrations/IMAG3626_1.jpg,Art/Paintings_Illustrations/shooting-star-and-musical-notes-artwork-santiago-salvador.jpg,Shooting Star and Musical Notes,1405991
Art/Paintings_Illustrations/IMAG3639.jpg,Art/Paintings_Illustrations/framed-dancing-figure-drawing-santiago-salvador.jpg,Framed Dancing Figure Drawing,2311111
Art/Paintings_Illustrations/IMG_20200525_020831.jpg,Art/Paintings_Illustrations/meditating-woman-chakra-line-drawing-santiago-salvador.jpg,Meditating Woman Chakra Line Drawing,2274398
Art/Paintings_Illustrations/IMG_20210216_162301.jpg,Art/Paintings_Illustrations/patriotic-fantasy-character-drawing-santiago-salvador.jpg,Patriotic Fantasy Character Drawing,8223645
Art/Paintings_Illustrations/IMG_20210216_162323.jpg,Art/Paintings_Illustrations/pink-suited-fantasy-character-drawing-santiago-salvador.jpg,Pink Suited Fantasy Character Drawing,8859950
Art/Paintings_Illustrations/indian.jpg,Art/Paintings_Illustrations/indian-artwork-santiago-salvador.jpg,indian,782388
Art/Paintings_Illustrations/IP.jpg,Art/Paintings_Illustrations/flaming-skull-character-illustration-santiago-salvador.jpg,Flaming Skull Character Illustration,3284652
Art/Paintings_Illustrations/IP2.jpg,Art/Paintings_Illustrations/dark-figure-in-pink-landscape-artwork-santiago-salvador.jpg,Dark Figure in Pink Landscape,4067341
Art/Paintings_Illustrations/It is our destiny to die.jpg,Art/Paintings_Illustrations/it-is-our-destiny-to-die-artwork-santiago-salvador.jpg,It is our destiny to die,8604077
Art/Paintings_Illustrations/Jarome And CannibalPrime.jpg,Art/Paintings_Illustrations/jarome-and-cannibal-prime-artwork-santiago-salvador.jpg,Jarome And Cannibal Prime,11923442
Art/Paintings_Illustrations/jarome1.jpg,Art/Paintings_Illustrations/jarome1-artwork-santiago-salvador.jpg,jarome1,3834161
Art/Paintings_Illustrations/jarometheindiancolor.jpg,Art/Paintings_Illustrations/jarome-the-indian-color-artwork-santiago-salvador.jpg,Jarome The Indian Color,1110817
Art/Paintings_Illustrations/jc.jpg,Art/Paintings_Illustrations/winged-figure-pencil-drawing-santiago-salvador-2.jpg,Winged Figure Pencil Drawing,2760858
Art/Paintings_Illustrations/jm&h.jpg,Art/Paintings_Illustrations/jm-and-h-artwork-santiago-salvador.jpg,jm&h,4319856
Art/Paintings_Illustrations/killa.jpg,Art/Paintings_Illustrations/killa-artwork-santiago-salvador.jpg,killa,847561
Art/Paintings_Illustrations/krsna.jpg,Art/Paintings_Illustrations/krsna-artwork-santiago-salvador.jpg,krsna,699200
Art/Paintings_Illustrations/kudokungol.jpg,Art/Paintings_Illustrations/kudokungol-artwork-santiago-salvador.jpg,kudokungol,10821826
Art/Paintings_Illustrations/l_608789acbc3a4959a04341f5207a8fcc.jpg,Art/Paintings_Illustrations/the-lions-den-concert-flyer-santiago-salvador.jpg,The Lions Den Concert Flyer,68490
Art/Paintings_Illustrations/lift.jpg,Art/Paintings_Illustrations/lift-artwork-santiago-salvador.jpg,lift,2729037
Art/Paintings_Illustrations/lions den flyer.jpg,Art/Paintings_Illustrations/lions-den-flyer-santiago-salvador.jpg,lions den flyer,336331
Art/Paintings_Illustrations/lions den flyer4x4.jpg,Art/Paintings_Illustrations/lions-den-flyer4x4-santiago-salvador.jpg,lions den flyer4x4,888541
Art/Paintings_Illustrations/lions den flyer4x4bnw.jpg,Art/Paintings_Illustrations/lions-den-flyer4x4bnw-santiago-salvador.jpg,lions den flyer4x4bnw,1711429
Art/Paintings_Illustrations/Live and Die Now _ Santiago Salvador.jpg,Art/Paintings_Illustrations/live-and-die-now-artwork-santiago-salvador.jpg,Live and Die Now,10600929
Art/Paintings_Illustrations/Live Love Laugh Learn.jpg,Art/Paintings_Illustrations/live-love-laugh-learn-artwork-santiago-salvador.jpg,Live Love Laugh Learn,9297930
Art/Paintings_Illustrations/livelovelaugh.jpg,Art/Paintings_Illustrations/live-love-laugh-artwork-santiago-salvador.jpg,Live Love Laugh,2738229
Art/Paintings_Illustrations/lizardkingp.jpg,Art/Paintings_Illustrations/lizard-king-artwork-santiago-salvador.jpg,Lizard King,7539490
Art/Paintings_Illustrations/madman.jpg,Art/Paintings_Illustrations/madman-artwork-santiago-salvador.jpg,madman,1256157
Art/Paintings_Illustrations/Mario.jpg,Art/Paintings_Illustrations/mario-artwork-santiago-salvador.jpg,Mario,5067854
Art/Paintings_Illustrations/mariofish.jpg,Art/Paintings_Illustrations/mario-fish-artwork-santiago-salvador.jpg,Mario Fish,1730713
Art/Paintings_Illustrations/medalian.jpg,Art/Paintings_Illustrations/medallion-artwork-santiago-salvador.jpg,Medallion,1699885
Art/Paintings_Illustrations/medusa2.jpg,Art/Paintings_Illustrations/medusa2-artwork-santiago-salvador.jpg,medusa2,2202661
Art/Paintings_Illustrations/Mermista.jpg,Art/Paintings_Illustrations/mermista-artwork-santiago-salvador.jpg,Mermista,1019907
Art/Paintings_Illustrations/milove.jpg,Art/Paintings_Illustrations/milove-artwork-santiago-salvador-2.jpg,milove,3118105
Art/Paintings_Illustrations/minatour.png,Art/Paintings_Illustrations/minotaur-artwork-santiago-salvador.png,Minotaur,2405613
Art/Paintings_Illustrations/mobopoly_template.jpg,Art/Paintings_Illustrations/mobopoly-template-artwork-santiago-salvador.jpg,mobopoly template,348207
Art/Paintings_Illustrations/music.jpg,Art/Paintings_Illustrations/guitarist-and-sound-waves-line-art-santiago-salvador.jpg,Guitarist and Sound Waves Line Art,384806
Art/Paintings_Illustrations/naturefairy-SantiagoSalvador.png,Art/Paintings_Illustrations/nature-fairy-artwork-santiago-salvador.png,Nature Fairy,2904130
Art/Paintings_Illustrations/nick and gloria.jpg,Art/Paintings_Illustrations/nick-and-gloria-artwork-santiago-salvador.jpg,nick and gloria,258420
Art/Paintings_Illustrations/nickshubcap.jpg,Art/Paintings_Illustrations/nicks-hubcap-artwork-santiago-salvador.jpg,Nicks Hubcap,1276022
Art/Paintings_Illustrations/nikorn.jpg,Art/Paintings_Illustrations/nikorn-artwork-santiago-salvador.jpg,nikorn,2787185
Art/Paintings_Illustrations/out of the box.jpg,Art/Paintings_Illustrations/out-of-the-box-artwork-santiago-salvador.jpg,out of the box,734824
Art/Paintings_Illustrations/over.protection.JPG,Art/Paintings_Illustrations/over-protection-artwork-santiago-salvador.jpg,over protection,2778120
Art/Paintings_Illustrations/P1010079.JPG,Art/Paintings_Illustrations/the-door-drawing-photograph-santiago-salvador.jpg,The Door Drawing Photograph,5953392
Art/Paintings_Illustrations/pencil sketch someguy.jpg,Art/Paintings_Illustrations/some-guy-pencil-sketch-santiago-salvador.jpg,Some Guy Pencil Sketch,9462858
Art/Paintings_Illustrations/pinbacks.jpg,Art/Paintings_Illustrations/pinbacks-artwork-santiago-salvador.jpg,pinbacks,1582597
Art/Paintings_Illustrations/prisoner.jpg,Art/Paintings_Illustrations/prisoner-artwork-santiago-salvador.jpg,prisoner,3245190
Art/Paintings_Illustrations/pumpkinking.jpg,Art/Paintings_Illustrations/pumpkin-king-artwork-santiago-salvador.jpg,Pumpkin King,1389553
Art/Paintings_Illustrations/reeper.jpg,Art/Paintings_Illustrations/reaper-artwork-santiago-salvador.jpg,Reaper,761086
Art/Paintings_Illustrations/retrogal.jpg,Art/Paintings_Illustrations/retro-gal-artwork-santiago-salvador.jpg,Retro Gal,3627467
Art/Paintings_Illustrations/ritsalmost530.jpg,Art/Paintings_Illustrations/almost-5-30-artwork-santiago-salvador.jpg,Almost 5 30,2124366
Art/Paintings_Illustrations/ROCK&ROLL.jpg,Art/Paintings_Illustrations/rock-and-roll-artwork-santiago-salvador.jpg,ROCK&ROLL,3091421
Art/Paintings_Illustrations/ronie.jpg,Art/Paintings_Illustrations/ronie-artwork-santiago-salvador.jpg,ronie,579402
Art/Paintings_Illustrations/Rose.jpg,Art/Paintings_Illustrations/rose-artwork-santiago-salvador.jpg,Rose,110561
Art/Paintings_Illustrations/rotating head.jpg,Art/Paintings_Illustrations/rotating-head-artwork-santiago-salvador.jpg,rotating head,74303
Art/Paintings_Illustrations/s.s.project.chevcap.jpg,Art/Paintings_Illustrations/chevrolet-hubcap-project-artwork-santiago-salvador.jpg,Chevrolet Hubcap Project,2870080
Art/Paintings_Illustrations/SanDiabloRockLegend_Santiago Salvador.png,Art/Paintings_Illustrations/san-diablo-rock-legend-artwork-santiago-salvador.png,San Diablo Rock Legend,3305566
Art/Paintings_Illustrations/sanfink.jpg,Art/Paintings_Illustrations/san-fink-artwork-santiago-salvador.jpg,San Fink,2611628
Art/Paintings_Illustrations/sanloki.jpg,Art/Paintings_Illustrations/san-loki-artwork-santiago-salvador.jpg,San Loki,629408
Art/Paintings_Illustrations/Santiago Salvador - Cowboy Kaboom - 2004..jpg,Art/Paintings_Illustrations/cowboy-kaboom-2004-artwork-santiago-salvador.jpg,Cowboy Kaboom - 2004,1161406
Art/Paintings_Illustrations/Santiago Salvador - Cowboy Kaboom - 2004.jpg,Art/Paintings_Illustrations/cowboy-kaboom-2004-artwork-santiago-salvador-2.jpg,Cowboy Kaboom - 2004,1156805
Art/Paintings_Illustrations/Santiago Salvador _ Room.png,Art/Paintings_Illustrations/room-artwork-santiago-salvador.png,Room,3211366
Art/Paintings_Illustrations/santiago_salvador_3eyedragon.jpg,Art/Paintings_Illustrations/three-eye-dragon-artwork-santiago-salvador.jpg,Three Eye Dragon,55866
Art/Paintings_Illustrations/santiago_salvador_afrowoman.jpg,Art/Paintings_Illustrations/afrowoman-artwork-santiago-salvador.jpg,Afrowoman,3295055
Art/Paintings_Illustrations/santiago_salvador_almost530.jpg,Art/Paintings_Illustrations/almost-5-30-artwork-santiago-salvador-2.jpg,Almost 5:30,74131
Art/Paintings_Illustrations/santiago_salvador_anarchistgorilla.jpg,Art/Paintings_Illustrations/anarchist-gorilla-artwork-santiago-salvador-2.jpg,Anarchist Gorilla,11627287
Art/Paintings_Illustrations/santiago_salvador_benderbitcoin.png,Art/Paintings_Illustrations/bender-bitcoin-artwork-santiago-salvador.png,Bender Bitcoin,286283
Art/Paintings_Illustrations/santiago_salvador_bff.jpg,Art/Paintings_Illustrations/bff-artwork-santiago-salvador.jpg,BFF,43654
Art/Paintings_Illustrations/santiago_salvador_bruceleechinacymbal.jpg,Art/Paintings_Illustrations/bruce-lee-cymbal-artwork-santiago-salvador.jpg,Bruce Lee Cymbal,52218
Art/Paintings_Illustrations/santiago_salvador_buddhabuddha.jpg,Art/Paintings_Illustrations/buddha-buddha-artwork-santiago-salvador.jpg,Buddha Buddha,6960520
Art/Paintings_Illustrations/santiago_salvador_burning.jpg,Art/Paintings_Illustrations/burning-artwork-santiago-salvador.jpg,burning,31398
Art/Paintings_Illustrations/santiago_salvador_cbk.jpg,Art/Paintings_Illustrations/cowboy-kaboom-artwork-santiago-salvador.jpg,Cowboy Kaboom,508439
Art/Paintings_Illustrations/santiago_salvador_cbk2.jpg,Art/Paintings_Illustrations/cowboy-kaboom-2-artwork-santiago-salvador.jpg,Cowboy Kaboom 2,27227
Art/Paintings_Illustrations/santiago_salvador_cbkperfect.jpg,Art/Paintings_Illustrations/cowboy-kaboom-alternate-artwork-santiago-salvador.jpg,Cowboy Kaboom Alternate,43668
Art/Paintings_Illustrations/santiago_salvador_conceptcharacter.jpg,Art/Paintings_Illustrations/concept-character-artwork-santiago-salvador.jpg,Concept Character,73658
Art/Paintings_Illustrations/santiago_salvador_cowboykaboom.jpg,Art/Paintings_Illustrations/cowboy-kaboom-artwork-santiago-salvador-2.jpg,Cowboy Kaboom,33384816
Art/Paintings_Illustrations/santiago_salvador_crazyjc.jpg,Art/Paintings_Illustrations/crazy-jc-artwork-santiago-salvador.jpg,Crazy Jc,1999010
Art/Paintings_Illustrations/santiago_salvador_cyclops.jpg,Art/Paintings_Illustrations/cyclops-artwork-santiago-salvador.jpg,cyclops,3141077
Art/Paintings_Illustrations/santiago_salvador_dancingdragon.jpg,Art/Paintings_Illustrations/dancing-dragon-artwork-santiago-salvador.jpg,Dancing Dragon,8716566
Art/Paintings_Illustrations/santiago_salvador_designmedallion.png,Art/Paintings_Illustrations/designmedallion-santiago-salvador.png,designmedallion,3740180
Art/Paintings_Illustrations/santiago_salvador_doom.jpg,Art/Paintings_Illustrations/doom-artwork-santiago-salvador.jpg,doom,9194638
Art/Paintings_Illustrations/santiago_salvador_doomcolor.jpg,Art/Paintings_Illustrations/doom-color-artwork-santiago-salvador.jpg,Doom Color,272263
Art/Paintings_Illustrations/santiago_salvador_dragon.jpg,Art/Paintings_Illustrations/dragon-artwork-santiago-salvador.jpg,dragon,7332572
Art/Paintings_Illustrations/santiago_salvador_drjeck.jpg,Art/Paintings_Illustrations/dr-jeck-artwork-santiago-salvador.jpg,Dr Jeck,3402442
Art/Paintings_Illustrations/santiago_salvador_euthanasia.jpg,Art/Paintings_Illustrations/euthanasia-artwork-santiago-salvador.jpg,euthanasia,19730946
Art/Paintings_Illustrations/santiago_salvador_fallingtoblue.jpg,Art/Paintings_Illustrations/falling-to-blue-artwork-santiago-salvador.jpg,Falling To Blue,4936542
Art/Paintings_Illustrations/santiago_salvador_fish2008.jpg,Art/Paintings_Illustrations/fish2008-artwork-santiago-salvador.jpg,fish2008,12880356
Art/Paintings_Illustrations/santiago_salvador_flower_chick.jpg,Art/Paintings_Illustrations/flower-woman-artwork-santiago-salvador.jpg,Flower Woman,102981
Art/Paintings_Illustrations/santiago_salvador_ghostrider.jpg,Art/Paintings_Illustrations/ghostrider-artwork-santiago-salvador.jpg,ghostrider,296098
Art/Paintings_Illustrations/santiago_salvador_guitar2.jpg,Art/Paintings_Illustrations/guitar-2-artwork-santiago-salvador.jpg,Guitar 2,1525231
Art/Paintings_Illustrations/santiago_salvador_hatedemon.jpg,Art/Paintings_Illustrations/hatedemon-artwork-santiago-salvador.jpg,hatedemon,56426
Art/Paintings_Illustrations/santiago_salvador_Hendrix.jpg,Art/Paintings_Illustrations/hendrix-artwork-santiago-salvador.jpg,Hendrix,5190963
Art/Paintings_Illustrations/santiago_salvador_hendrix2.jpg,Art/Paintings_Illustrations/hendrix-2-artwork-santiago-salvador.jpg,Hendrix 2,10432757
Art/Paintings_Illustrations/santiago_salvador_hischool.jpg,Art/Paintings_Illustrations/high-school-artwork-santiago-salvador.jpg,High School,22215725
Art/Paintings_Illustrations/santiago_salvador_holymountain.jpg,Art/Paintings_Illustrations/holy-mountain-artwork-santiago-salvador.jpg,Holy Mountain,79513
Art/Paintings_Illustrations/santiago_salvador_hornydevildarkangel.jpg,Art/Paintings_Illustrations/horny-devil-dark-angel-artwork-santiago-salvador.jpg,Horny Devil Dark Angel,145738
Art/Paintings_Illustrations/santiago_salvador_horror.jpg,Art/Paintings_Illustrations/horror-artwork-santiago-salvador.jpg,horror,48924
Art/Paintings_Illustrations/santiago_salvador_hung.jpg,Art/Paintings_Illustrations/hung-artwork-santiago-salvador.jpg,hung,12667157
Art/Paintings_Illustrations/santiago_salvador_iloveyoutons.jpg,Art/Paintings_Illustrations/i-love-you-tons-artwork-santiago-salvador.jpg,I Love You Tons,11993374
Art/Paintings_Illustrations/santiago_salvador_jamesmarshallhendrix.jpg,Art/Paintings_Illustrations/james-marshall-hendrix-artwork-santiago-salvador.jpg,James Marshall Hendrix,10201695
Art/Paintings_Illustrations/santiago_salvador_jaromeandcp.jpg,Art/Paintings_Illustrations/jarome-and-cannibal-prime-artwork-santiago-salvador-2.jpg,Jarome And Cannibal Prime,45333
Art/Paintings_Illustrations/santiago_salvador_jarometheindian.jpg,Art/Paintings_Illustrations/jarome-the-indian-artwork-santiago-salvador.jpg,Jarome The Indian,3104443
Art/Paintings_Illustrations/santiago_salvador_jimihendrix.jpg,Art/Paintings_Illustrations/jimi-hendrix-artwork-santiago-salvador.jpg,Jimi Hendrix,7957872
Art/Paintings_Illustrations/santiago_salvador_karma4king.jpg,Art/Paintings_Illustrations/karma-for-king-artwork-santiago-salvador.jpg,Karma For King,5137845
Art/Paintings_Illustrations/santiago_salvador_krisna.jpg,Art/Paintings_Illustrations/krisna-artwork-santiago-salvador.jpg,krisna,135387
Art/Paintings_Illustrations/santiago_salvador_kungfu.jpg,Art/Paintings_Illustrations/kung-fu-artwork-santiago-salvador.jpg,Kung Fu,1195759
Art/Paintings_Illustrations/santiago_salvador_leatherface.jpg,Art/Paintings_Illustrations/leatherface-artwork-santiago-salvador.jpg,leatherface,72268
Art/Paintings_Illustrations/santiago_salvador_librasunfire.jpg,Art/Paintings_Illustrations/libra-sun-fire-artwork-santiago-salvador.jpg,Libra Sun Fire,129667
Art/Paintings_Illustrations/santiago_salvador_lili.jpg,Art/Paintings_Illustrations/lili-artwork-santiago-salvador.jpg,lili,9433913
Art/Paintings_Illustrations/santiago_salvador_lizardking.jpg,Art/Paintings_Illustrations/lizard-king-artwork-santiago-salvador-2.jpg,Lizard King,948663
Art/Paintings_Illustrations/santiago_salvador_love.jpg,Art/Paintings_Illustrations/love-artwork-santiago-salvador.jpg,love,50688990
Art/Paintings_Illustrations/santiago_salvador_luckydevildarkangel.jpg,Art/Paintings_Illustrations/lucky-devil-dark-angel-artwork-santiago-salvador.jpg,Lucky Devil Dark Angel,91864
Art/Paintings_Illustrations/santiago_salvador_medalian2.jpg,Art/Paintings_Illustrations/medallion-2-artwork-santiago-salvador.jpg,Medallion 2,87645
Art/Paintings_Illustrations/santiago_salvador_medusa.jpg,Art/Paintings_Illustrations/medusa-artwork-santiago-salvador.jpg,medusa,6862499
Art/Paintings_Illustrations/santiago_salvador_minotaur_line_s.s._color_c.w..jpg,Art/Paintings_Illustrations/minotaur-line-ss-color-cw-artwork-santiago-salvador.jpg,Minotaur Line Ss Color Cw,81174
Art/Paintings_Illustrations/santiago_salvador_model.jpg,Art/Paintings_Illustrations/model-artwork-santiago-salvador.jpg,model,25737
Art/Paintings_Illustrations/santiago_salvador_moses.jpg,Art/Paintings_Illustrations/moses-artwork-santiago-salvador.jpg,moses,816046
Art/Paintings_Illustrations/santiago_salvador_native.jpg,Art/Paintings_Illustrations/native-artwork-santiago-salvador.jpg,native,2874205
Art/Paintings_Illustrations/santiago_salvador_nirvana.jpg,Art/Paintings_Illustrations/nirvana-artwork-santiago-salvador.jpg,nirvana,12019694
Art/Paintings_Illustrations/santiago_salvador_oceanprotector.jpg,Art/Paintings_Illustrations/ocean-protector-artwork-santiago-salvador.jpg,Ocean Protector,69342
Art/Paintings_Illustrations/santiago_salvador_oldman.jpg,Art/Paintings_Illustrations/old-man-artwork-santiago-salvador.jpg,Old Man,10779624
Art/Paintings_Illustrations/santiago_salvador_peacelotus.jpg,Art/Paintings_Illustrations/peace-lotus-artwork-santiago-salvador.jpg,Peace Lotus,23639789
Art/Paintings_Illustrations/santiago_salvador_peaceloveserenity.jpg,Art/Paintings_Illustrations/peace-love-serenity-artwork-santiago-salvador.jpg,Peace Love Serenity,2465195
Art/Paintings_Illustrations/santiago_salvador_pumpkinkingmonster.jpg,Art/Paintings_Illustrations/pumpkin-king-monster-artwork-santiago-salvador.jpg,Pumpkin King Monster,7303840
Art/Paintings_Illustrations/santiago_salvador_rocker.jpg,Art/Paintings_Illustrations/rocker-artwork-santiago-salvador.jpg,rocker,6098327
Art/Paintings_Illustrations/santiago_salvador_sandiablo.jpg,Art/Paintings_Illustrations/san-diablo-artwork-santiago-salvador.jpg,San Diablo,3001684
Art/Paintings_Illustrations/santiago_salvador_sandiablo2.jpg,Art/Paintings_Illustrations/san-diablo-2-artwork-santiago-salvador.jpg,San Diablo 2,2955359
Art/Paintings_Illustrations/santiago_salvador_santfink.jpg,Art/Paintings_Illustrations/san-fink-artwork-santiago-salvador-2.jpg,San Fink,5975285
Art/Paintings_Illustrations/santiago_salvador_scorpioofrisingsun.jpg,Art/Paintings_Illustrations/scorpio-of-rising-sun-artwork-santiago-salvador.jpg,Scorpio Of Rising Sun,75001
Art/Paintings_Illustrations/santiago_salvador_skull.jpg,Art/Paintings_Illustrations/skull-artwork-santiago-salvador.jpg,skull,2140133
Art/Paintings_Illustrations/santiago_salvador_someguy.jpg,Art/Paintings_Illustrations/some-guy-artwork-santiago-salvador.jpg,Some Guy,22944
Art/Paintings_Illustrations/santiago_salvador_splatterhousedoom.jpg,Art/Paintings_Illustrations/splatterhouse-doom-artwork-santiago-salvador.jpg,Splatterhouse Doom,521269
Art/Paintings_Illustrations/santiago_salvador_squigg.jpg,Art/Paintings_Illustrations/squigg-artwork-santiago-salvador.jpg,squigg,1964160
Art/Paintings_Illustrations/santiago_salvador_tailofdevilboy.jpg,Art/Paintings_Illustrations/tale-of-devil-boy-artwork-santiago-salvador.jpg,Tale Of Devil Boy,53460
Art/Paintings_Illustrations/santiago_salvador_thedoor.jpg,Art/Paintings_Illustrations/the-door-artwork-santiago-salvador.jpg,The Door,8762119
Art/Paintings_Illustrations/santiago_salvador_thehand.jpg,Art/Paintings_Illustrations/the-hand-artwork-santiago-salvador.jpg,The Hand,1001779
Art/Paintings_Illustrations/santiago_salvador_thesunandthelioness.jpg,Art/Paintings_Illustrations/the-sun-and-the-lioness-artwork-santiago-salvador.jpg,The Sun And The Lioness,110892
Art/Paintings_Illustrations/santiago_salvador_toxi.png,Art/Paintings_Illustrations/toxic-avenger-crusader-ii-artwork-santiago-salvador.png,Toxic Avenger Crusader II,34124833
Art/Paintings_Illustrations/santiago_salvador_treeoflifeanddeath.jpg,Art/Paintings_Illustrations/tree-of-life-and-death-artwork-santiago-salvador.jpg,Tree Of Life And Death,41885
Art/Paintings_Illustrations/santiago_salvador_truethoflove.jpg,Art/Paintings_Illustrations/truth-of-love-artwork-santiago-salvador.jpg,Truth Of Love,10510
Art/Paintings_Illustrations/santiago_salvador_venice.jpg,Art/Paintings_Illustrations/venice-artwork-santiago-salvador.jpg,venice,129695
Art/Paintings_Illustrations/santiago_salvador_vetcap.jpg,Art/Paintings_Illustrations/corvette-hubcap-artwork-santiago-salvador.jpg,Corvette Hubcap,57458
Art/Paintings_Illustrations/santiago_salvador_vetcap2.jpg,Art/Paintings_Illustrations/corvette-hubcap-2-artwork-santiago-salvador.jpg,Corvette Hubcap 2,27628
Art/Paintings_Illustrations/santiago_salvador_vetcap3.jpg,Art/Paintings_Illustrations/corvette-hubcap-3-artwork-santiago-salvador.jpg,Corvette Hubcap 3,28898
Art/Paintings_Illustrations/santiago_salvador_wave.jpg,Art/Paintings_Illustrations/wave-artwork-santiago-salvador.jpg,wave,92451
Art/Paintings_Illustrations/santiago_salvador_wildstyle.jpg,Art/Paintings_Illustrations/wild-style-artwork-santiago-salvador.jpg,Wild Style,21328831
Art/Paintings_Illustrations/santiago_salvador_wizard.jpg,Art/Paintings_Illustrations/wizard-artwork-santiago-salvador.jpg,wizard,5474157
Art/Paintings_Illustrations/santiago_salvador_wizardry1.jpg,Art/Paintings_Illustrations/wizardry-1-artwork-santiago-salvador.jpg,Wizardry 1,34520
Art/Paintings_Illustrations/santiago_salvador_wizardvsdragon.jpg,Art/Paintings_Illustrations/wizard-vs-dragon-artwork-santiago-salvador.jpg,Wizard Vs Dragon,2073005
Art/Paintings_Illustrations/santiago_salvador_woman.jpg,Art/Paintings_Illustrations/woman-artwork-santiago-salvador.jpg,woman,1902350
Art/Paintings_Illustrations/santiago_salvador_yogadragon.jpg,Art/Paintings_Illustrations/yoga-dragon-artwork-santiago-salvador.jpg,Yoga Dragon,2267796
Art/Paintings_Illustrations/santiago_salvador_zoso.jpg,Art/Paintings_Illustrations/zoso-artwork-santiago-salvador.jpg,zoso,5956947
Art/Paintings_Illustrations/santiagosalvadorGalleryTRADITIONAL--She....gif,Art/Paintings_Illustrations/gallery-traditional-she-artwork-santiago-salvador.gif,Gallery TRADITIONAL--She,1853754
Art/Paintings_Illustrations/SAUCES MEDITATION TA.jpg,Art/Paintings_Illustrations/sauces-meditation-ta-artwork-santiago-salvador.jpg,SAUCES MEDITATION TA,3085237
Art/Paintings_Illustrations/saucestat.jpg,Art/Paintings_Illustrations/sauces-tattoo-artwork-santiago-salvador.jpg,Sauces Tattoo,605216
Art/Paintings_Illustrations/Scan(1).jpg,Art/Paintings_Illustrations/circular-emblem-design-sheet-santiago-salvador.jpg,Circular Emblem Design Sheet,970900
Art/Paintings_Illustrations/Scan(2).jpg,Art/Paintings_Illustrations/skull-and-mask-design-sheet-santiago-salvador.jpg,Skull and Mask Design Sheet,724250
Art/Paintings_Illustrations/scarecrow1.jpg,Art/Paintings_Illustrations/scarecrow1-artwork-santiago-salvador.jpg,scarecrow1,2033926
Art/Paintings_Illustrations/Scenedrjeck.jpg,Art/Paintings_Illustrations/dr-jeck-scene-artwork-santiago-salvador.jpg,Dr Jeck Scene,135200
Art/Paintings_Illustrations/schemer.jpg,Art/Paintings_Illustrations/schemer-artwork-santiago-salvador.jpg,schemer,1081564
Art/Paintings_Illustrations/schoolofmusic.jpg,Art/Paintings_Illustrations/school-of-music-artwork-santiago-salvador.jpg,School Of Music,14649432
Art/Paintings_Illustrations/scorpion.jpg,Art/Paintings_Illustrations/scorpion-artwork-santiago-salvador.jpg,scorpion,2322338
Art/Paintings_Illustrations/selfportraite.jpg,Art/Paintings_Illustrations/self-portrait-santiago-salvador.jpg,Self Portrait,3376385
Art/Paintings_Illustrations/SheGotWork.png,Art/Paintings_Illustrations/she-got-work-artwork-santiago-salvador.png,She Got Work,3099365
Art/Paintings_Illustrations/shera(1).jpg,Art/Paintings_Illustrations/she-ra-artwork-santiago-salvador.jpg,She Ra,883023
Art/Paintings_Illustrations/silence.jpg,Art/Paintings_Illustrations/silence-artwork-santiago-salvador.jpg,silence,191669
Art/Paintings_Illustrations/snakesquaredirtySQUAREPRINT2.25.jpg,Art/Paintings_Illustrations/snake-square-print-artwork-santiago-salvador.jpg,Snake Square Print,11175791
Art/Paintings_Illustrations/SNESPUNCHOUT_copy.jpg,Art/Paintings_Illustrations/snes-punch-out-artwork-santiago-salvador.jpg,Snes Punch Out,4216705
Art/Paintings_Illustrations/SolicebySantiagoSalvador.jpg,Art/Paintings_Illustrations/solice-artwork-santiago-salvador.jpg,Solice,10683882
Art/Paintings_Illustrations/sORCERESS.jpg,Art/Paintings_Illustrations/sorceress-artwork-santiago-salvador.jpg,Sorceress,648204
Art/Paintings_Illustrations/sorceressBitton.jpg,Art/Paintings_Illustrations/sorceress-button-artwork-santiago-salvador.jpg,Sorceress Button,535525
Art/Paintings_Illustrations/spider man - ala santi v2.jpg,Art/Paintings_Illustrations/spider-man-ala-santi-v2-artwork-santiago-salvador.jpg,spider man - ala santi v2,3201665
Art/Paintings_Illustrations/stuff.jpg,Art/Paintings_Illustrations/maze-drawing-and-cloud-photo-collage-santiago-salvador.jpg,Maze Drawing and Cloud Photo Collage,2604373
Art/Paintings_Illustrations/sunk.png,Art/Paintings_Illustrations/lightning-and-skull-face-illustration-santiago-salvador.png,Lightning and Skull Face Illustration,1529600
Art/Paintings_Illustrations/t-shirtproject.jpg,Art/Paintings_Illustrations/t-shirt-project-artwork-santiago-salvador.jpg,T Shirt Project,3461510
Art/Paintings_Illustrations/tgirdeyedragon.jpg,Art/Paintings_Illustrations/third-eye-dragon-artwork-santiago-salvador.jpg,Third Eye Dragon,17983105
Art/Paintings_Illustrations/thetaleofdevilboy.jpg,Art/Paintings_Illustrations/the-tale-of-devil-boy-artwork-santiago-salvador.jpg,The Tale Of Devil Boy,3370957
Art/Paintings_Illustrations/TreeofLifeandDeath(TattooforSasanbySantiagoSalvador.jpg,Art/Paintings_Illustrations/tree-of-life-and-death-tattoo-for-sasan-artwork-santiago-salvador.jpg,Tree Of Life And Death Tattoo For Sasan,112824
Art/Paintings_Illustrations/triclops.jpg,Art/Paintings_Illustrations/tri-klops-artwork-santiago-salvador.jpg,Tri Klops,2252502
Art/Paintings_Illustrations/tshirtdesign.jpg,Art/Paintings_Illustrations/t-shirt-design-santiago-salvador.jpg,T Shirt Design,1771352
Art/Paintings_Illustrations/Unicorn Wizard _ Santiago Salvador.png,Art/Paintings_Illustrations/unicorn-wizard-artwork-santiago-salvador.png,Unicorn Wizard,2678401
Art/Paintings_Illustrations/wall.png,Art/Paintings_Illustrations/fantasy-character-wall-composition-santiago-salvador.png,Fantasy Character Wall Composition,3863468
Art/Paintings_Illustrations/wallpaper.jpg,Art/Paintings_Illustrations/fantasy-character-mandala-wallpaper-santiago-salvador.jpg,Fantasy Character Mandala Wallpaper,595068
Art/Paintings_Illustrations/wallpaper2.jpg,Art/Paintings_Illustrations/embracing-figures-wallpaper-santiago-salvador.jpg,Embracing Figures Wallpaper,12095311
Art/Paintings_Illustrations/Warlock.jpg,Art/Paintings_Illustrations/warlock-artwork-santiago-salvador.jpg,Warlock,13711426
Art/Paintings_Illustrations/web.jpg,Art/Paintings_Illustrations/purple-guitarist-on-blue-artwork-santiago-salvador.jpg,Purple Guitarist on Blue,149026
Art/Paintings_Illustrations/whsyrbd.jpg,Art/Paintings_Illustrations/dotted-face-line-drawing-santiago-salvador.jpg,Dotted Face Line Drawing,629968
Art/Paintings_Illustrations/wild.style.original.JPG,Art/Paintings_Illustrations/wild-style-original-artwork-santiago-salvador.jpg,wild style original,4178833
Art/Paintings_Illustrations/witchp.jpg,Art/Paintings_Illustrations/witch-artwork-santiago-salvador.jpg,Witch,19271452
Art/Paintings_Illustrations/wizardry.jpg,Art/Paintings_Illustrations/wizardry-artwork-santiago-salvador.jpg,wizardry,4323300
Art/Paintings_Illustrations/wizardshroom.jpg,Art/Paintings_Illustrations/wizard-mushroom-artwork-santiago-salvador.jpg,Wizard Mushroom,831432
Art/Paintings_Illustrations/wolverine.jpg,Art/Paintings_Illustrations/wolverine-artwork-santiago-salvador.jpg,wolverine,3559160
Art/Paintings_Illustrations/Wonderbreadcoast.jpg,Art/Paintings_Illustrations/wonder-bread-coast-artwork-santiago-salvador.jpg,Wonder Bread Coast,10637134
Art/Paintings_Illustrations/wrestlingbuddy2.jpg,Art/Paintings_Illustrations/wrestling-buddy-2-artwork-santiago-salvador.jpg,Wrestling Buddy 2,1127146
Art/Paintings_Illustrations/yogadragonp.jpg,Art/Paintings_Illustrations/yoga-dragon-artwork-santiago-salvador-2.jpg,Yoga Dragon,9311990
Art/Paintings_Illustrations/youth copy.jpg,Art/Paintings_Illustrations/youth-copy-artwork-santiago-salvador.jpg,youth copy,10008207
Art/Paintings_Illustrations/zoecarlasantifamily.jpg,Art/Paintings_Illustrations/zoe-carla-santi-family-artwork-santiago-salvador.jpg,Zoe Carla Santi Family,2762769
assets/images/games/bitrot/capsule.jpg,assets/images/games/bitrot/bit-rot-capsule.jpg,Bit Rot capsule,2763
assets/images/games/bitrot/header.jpg,assets/images/games/bitrot/bit-rot-header.jpg,Bit Rot header,9164
assets/images/games/bitrot/hero.jpg,assets/images/games/bitrot/bit-rot-hero.jpg,Bit Rot hero,60435
assets/images/games/bitrot/library.jpg,assets/images/games/bitrot/bit-rot-library.jpg,Bit Rot library,57874
assets/images/games/bitrot/mainCapsule.jpg,assets/images/games/bitrot/bit-rot-main-capsule.jpg,Bit Rot main Capsule,15685
assets/images/games/bitrot/screenshot.jpg,assets/images/games/bitrot/bit-rot-screenshot.jpg,Bit Rot screenshot,78950
assets/images/games/bonecleaver/capsule.jpg,assets/images/games/bonecleaver/bone-cleaver-capsule.jpg,Bone Cleaver capsule,7838
assets/images/games/bonecleaver/header.jpg,assets/images/games/bonecleaver/bone-cleaver-header.jpg,Bone Cleaver header,35140
assets/images/games/bonecleaver/hero.jpg,assets/images/games/bonecleaver/bone-cleaver-hero.jpg,Bone Cleaver hero,284563
assets/images/games/bonecleaver/library.jpg,assets/images/games/bonecleaver/bone-cleaver-library.jpg,Bone Cleaver library,86356
assets/images/games/bonecleaver/mainCapsule.jpg,assets/images/games/bonecleaver/bone-cleaver-main-capsule.jpg,Bone Cleaver main Capsule,31015
assets/images/games/bonecleaver/screenshot.jpg,assets/images/games/bonecleaver/bone-cleaver-screenshot.jpg,Bone Cleaver screenshot,514995
assets/images/games/charango/capsule.jpg,assets/images/games/charango/charango-capsule.jpg,Charango capsule,1379
assets/images/games/charango/header.jpg,assets/images/games/charango/charango-header.jpg,Charango header,6754
assets/images/games/charango/hero.jpg,assets/images/games/charango/charango-hero.jpg,Charango hero,66973
assets/images/games/charango/library.jpg,assets/images/games/charango/charango-library.jpg,Charango library,48205
assets/images/games/charango/mainCapsule.jpg,assets/images/games/charango/charango-main-capsule.jpg,Charango main Capsule,14622
assets/images/games/charango/screenshot.jpg,assets/images/games/charango/charango-screenshot.jpg,Charango screenshot,122763
assets/images/games/cosmicvibes/capsule.jpg,assets/images/games/cosmicvibes/cosmic-vibes-capsule.jpg,Cosmic Vibes capsule,1983
assets/images/games/cosmicvibes/header.jpg,assets/images/games/cosmicvibes/cosmic-vibes-header.jpg,Cosmic Vibes header,7630
assets/images/games/cosmicvibes/hero.jpg,assets/images/games/cosmicvibes/cosmic-vibes-hero.jpg,Cosmic Vibes hero,48654
assets/images/games/cosmicvibes/library.jpg,assets/images/games/cosmicvibes/cosmic-vibes-library.jpg,Cosmic Vibes library,36652
assets/images/games/cosmicvibes/mainCapsule.jpg,assets/images/games/cosmicvibes/cosmic-vibes-main-capsule.jpg,Cosmic Vibes main Capsule,15057
assets/images/games/cosmicvibes/screenshot.jpg,assets/images/games/cosmicvibes/cosmic-vibes-screenshot.jpg,Cosmic Vibes screenshot,78623
assets/images/games/echoeevoid/capsule.jpg,assets/images/games/echoeevoid/echoee-void-capsule.jpg,Echoee Void capsule,2053
assets/images/games/echoeevoid/header.jpg,assets/images/games/echoeevoid/echoee-void-header.jpg,Echoee Void header,5519
assets/images/games/echoeevoid/hero.jpg,assets/images/games/echoeevoid/echoee-void-hero.jpg,Echoee Void hero,31861
assets/images/games/echoeevoid/library.jpg,assets/images/games/echoeevoid/echoee-void-library.jpg,Echoee Void library,38798
assets/images/games/echoeevoid/mainCapsule.jpg,assets/images/games/echoeevoid/echoee-void-main-capsule.jpg,Echoee Void main Capsule,9013
assets/images/games/echoeevoid/screenshot.jpg,assets/images/games/echoeevoid/echoee-void-screenshot.jpg,Echoee Void screenshot,45103
assets/images/games/fraknfrakr/capsule.jpg,assets/images/games/fraknfrakr/frakn-frakr-capsule.jpg,Frakn Frakr capsule,2214
assets/images/games/fraknfrakr/header.jpg,assets/images/games/fraknfrakr/frakn-frakr-header.jpg,Frakn Frakr header,5877
assets/images/games/fraknfrakr/hero.jpg,assets/images/games/fraknfrakr/frakn-frakr-hero.jpg,Frakn Frakr hero,34415
assets/images/games/fraknfrakr/library.jpg,assets/images/games/fraknfrakr/frakn-frakr-library.jpg,Frakn Frakr library,26491
assets/images/games/fraknfrakr/mainCapsule.jpg,assets/images/games/fraknfrakr/frakn-frakr-main-capsule.jpg,Frakn Frakr main Capsule,10127
assets/images/games/fraknfrakr/screenshot.jpg,assets/images/games/fraknfrakr/frakn-frakr-screenshot.jpg,Frakn Frakr screenshot,46994
assets/images/games/guitaristbuddy/capsule.jpg,assets/images/games/guitaristbuddy/guitarist-buddy-capsule.jpg,Guitarist Buddy capsule,1775
assets/images/games/guitaristbuddy/header.jpg,assets/images/games/guitaristbuddy/guitarist-buddy-header.jpg,Guitarist Buddy header,4740
assets/images/games/guitaristbuddy/hero.jpg,assets/images/games/guitaristbuddy/guitarist-buddy-hero.jpg,Guitarist Buddy hero,37188
assets/images/games/guitaristbuddy/library.jpg,assets/images/games/guitaristbuddy/guitarist-buddy-library.jpg,Guitarist Buddy library,24455
assets/images/games/guitaristbuddy/mainCapsule.jpg,assets/images/games/guitaristbuddy/guitarist-buddy-main-capsule.jpg,Guitarist Buddy main Capsule,8735
assets/images/games/guitaristbuddy/screenshot.jpg,assets/images/games/guitaristbuddy/guitarist-buddy-screenshot.jpg,Guitarist Buddy screenshot,48450
assets/images/games/neighborwars/capsule.jpg,assets/images/games/neighborwars/neighbor-wars-capsule.jpg,Neighbor Wars capsule,4747
assets/images/games/neighborwars/header.jpg,assets/images/games/neighborwars/neighbor-wars-header.jpg,Neighbor Wars header,18069
assets/images/games/neighborwars/hero.jpg,assets/images/games/neighborwars/neighbor-wars-hero.jpg,Neighbor Wars hero,80878
assets/images/games/neighborwars/library.jpg,assets/images/games/neighborwars/neighbor-wars-library.jpg,Neighbor Wars library,46586
assets/images/games/neighborwars/mainCapsule.jpg,assets/images/games/neighborwars/neighbor-wars-main-capsule.jpg,Neighbor Wars main Capsule,34650
assets/images/games/neighborwars/screenshot.jpg,assets/images/games/neighborwars/neighbor-wars-screenshot.jpg,Neighbor Wars screenshot,180628
assets/images/games/plex78/capsule.jpg,assets/images/games/plex78/plex-78-capsule.jpg,PLEX 78 capsule,671
assets/images/games/plex78/header.jpg,assets/images/games/plex78/plex-78-header.jpg,PLEX 78 header,1456
assets/images/games/plex78/hero.jpg,assets/images/games/plex78/plex-78-hero.jpg,PLEX 78 hero,9756
assets/images/games/plex78/library.jpg,assets/images/games/plex78/plex-78-library.jpg,PLEX 78 library,129477
assets/images/games/plex78/mainCapsule.jpg,assets/images/games/plex78/plex-78-main-capsule.jpg,PLEX 78 main Capsule,2553
assets/images/games/plex78/screenshot.jpg,assets/images/games/plex78/plex-78-screenshot.jpg,PLEX 78 screenshot,14525
assets/images/games/roadtripracer/capsule.jpg,assets/images/games/roadtripracer/road-trip-racer-capsule.jpg,Road Trip Racer capsule,5476
assets/images/games/roadtripracer/header.jpg,assets/images/games/roadtripracer/road-trip-racer-header.jpg,Road Trip Racer header,14442
assets/images/games/roadtripracer/hero.jpg,assets/images/games/roadtripracer/road-trip-racer-hero.jpg,Road Trip Racer hero,76733
assets/images/games/roadtripracer/library.jpg,assets/images/games/roadtripracer/road-trip-racer-library.jpg,Road Trip Racer library,30505
assets/images/games/roadtripracer/mainCapsule.jpg,assets/images/games/roadtripracer/road-trip-racer-main-capsule.jpg,Road Trip Racer main Capsule,22672
assets/images/games/roadtripracer/screenshot.jpg,assets/images/games/roadtripracer/road-trip-racer-screenshot.jpg,Road Trip Racer screenshot,55046
assets/images/games/vectorinterceptor/capsule.jpg,assets/images/games/vectorinterceptor/vector-interceptor-2600-capsule.jpg,Vector Interceptor 2600 capsule,1988
assets/images/games/vectorinterceptor/header.jpg,assets/images/games/vectorinterceptor/vector-interceptor-2600-header.jpg,Vector Interceptor 2600 header,4959
assets/images/games/vectorinterceptor/hero.jpg,assets/images/games/vectorinterceptor/vector-interceptor-2600-hero.jpg,Vector Interceptor 2600 hero,58066
assets/images/games/vectorinterceptor/library.jpg,assets/images/games/vectorinterceptor/vector-interceptor-2600-library.jpg,Vector Interceptor 2600 library,25960
assets/images/games/vectorinterceptor/mainCapsule.jpg,assets/images/games/vectorinterceptor/vector-interceptor-2600-main-capsule.jpg,Vector Interceptor 2600 main Capsule,9182
assets/images/games/vectorinterceptor/screenshot.jpg,assets/images/games/vectorinterceptor/vector-interceptor-2600-screenshot.jpg,Vector Interceptor 2600 screenshot,97505
images/avatar.gif,images/santiago-salvador-portrait.gif,Santiago Salvador Portrait,39964146
images/avatar.jpg,images/santiago-salvador-portrait.jpg,Santiago Salvador Portrait,53076
images/avatar2.jpg,images/santiago-salvador-portrait-alternate.jpg,Santiago Salvador Portrait Alternate,3114269
images/bg.jpg,images/dark-website-background.jpg,Dark Website Background,213194
images/fulls/santiago_salvador_3eyedragon.jpg,images/fulls/three-eye-dragon-santiago-salvador.jpg,Three Eye Dragon,55866
images/fulls/santiago_salvador_abra.jpg,images/fulls/abra-custom-plush-doll-santiago-salvador.jpg,Abra Custom Plush Doll,26312
images/fulls/santiago_salvador_activision_csqa.jpg,images/fulls/award-winning-activision-custom-csqa-design-santiago-salvador.jpg,Award Winning Activision Custom CSQA design,176104
images/fulls/santiago_salvador_afrowoman.jpg,images/fulls/afrowoman-santiago-salvador.jpg,Afrowoman,87964
images/fulls/santiago_salvador_almost530.jpg,images/fulls/almost-5-30-santiago-salvador.jpg,Almost 5:30,74131
images/fulls/santiago_salvador_anarchistgorilla.jpg,images/fulls/anarchist-gorilla-santiago-salvador.jpg,Anarchist Gorilla,31649
images/fulls/santiago_salvador_angelsareinmydreams.jpg,images/fulls/angels-are-in-my-dreams-santiago-salvador.jpg,Angels are in My Dreams,51339
images/fulls/santiago_salvador_AntiEterniaHeMan.jpg,images/fulls/anti-eternia-he-man-vintage-custom-masters-of-the-universe-figure-santiago-salvador.jpg,Anti-Eternia He-Man Vintage Custom Masters of the Universe Figure,109321
images/fulls/santiago_salvador_AntiEterniaHeManTheLoyalSubjects.jpg,images/fulls/anti-eternia-he-man-the-loyal-subjects-custom-figure-santiago-salvador.jpg,Anti Eternia He-Man The Loyal Subjects Custom Figure,77252
images/fulls/santiago_salvador_BattleCatWhiteTiger.jpg,images/fulls/battle-cat-white-tiger-santiago-salvador.jpg,Battle Cat White Tiger,111209
images/fulls/santiago_salvador_benderbitcoin.png,images/fulls/bender-bitcoin-santiago-salvador.png,Bender Bitcoin,286283
images/fulls/santiago_salvador_bff.jpg,images/fulls/bff-santiago-salvador.jpg,BFF,43654
images/fulls/santiago_salvador_bruceleechinacymbal.jpg,images/fulls/bruce-lee-cymbal-santiago-salvador.jpg,Bruce Lee Cymbal,52218
images/fulls/santiago_salvador_buddhablack.jpg,images/fulls/black-buddha-santiago-salvador.jpg,Black Buddha,66230
images/fulls/santiago_salvador_buddhabuddha.jpg,images/fulls/buddha-buddha-santiago-salvador.jpg,Buddha Buddha,31863
images/fulls/santiago_salvador_burning.jpg,images/fulls/burning-santiago-salvador.jpg,burning,31398
images/fulls/santiago_salvador_cbk.jpg,images/fulls/cowboy-kaboom-santiago-salvador.jpg,Cowboy Kaboom,24273
images/fulls/santiago_salvador_cbk2.jpg,images/fulls/cowboy-kaboom-2-santiago-salvador.jpg,Cowboy Kaboom 2,27227
images/fulls/santiago_salvador_cbkperfect.jpg,images/fulls/cowboy-kaboom-alternate-santiago-salvador.jpg,Cowboy Kaboom Alternate,43668
images/fulls/santiago_salvador_conceptcharacter.jpg,images/fulls/concept-character-santiago-salvador.jpg,Concept Character,33949
images/fulls/santiago_salvador_coraline.jpg,images/fulls/coraline-santiago-salvador.jpg,coraline,229051
images/fulls/santiago_salvador_cowboykaboom.jpg,images/fulls/cowboy-kaboom-santiago-salvador-2.jpg,Cowboy Kaboom,82769
images/fulls/santiago_salvador_crazyjc.jpg,images/fulls/crazy-jc-santiago-salvador.jpg,Crazy Jc,110375
images/fulls/santiago_salvador_CustomMOTUMask.jpg,images/fulls/custom-motu-mask-santiago-salvador.jpg,Custom MOTU Mask,119430
images/fulls/santiago_salvador_cyclops.jpg,images/fulls/cyclops-santiago-salvador.jpg,cyclops,50106
images/fulls/santiago_salvador_dancingdragon.jpg,images/fulls/dancing-dragon-santiago-salvador.jpg,Dancing Dragon,73680
images/fulls/santiago_salvador_demok.jpg,images/fulls/demok-santiago-salvador.jpg,demok,59273
images/fulls/santiago_salvador_designmedallion.jpg,images/fulls/designmedallion-santiago-salvador.jpg,designmedallion,27390
images/fulls/santiago_salvador_doom.jpg,images/fulls/doom-santiago-salvador.jpg,doom,49304
images/fulls/santiago_salvador_doomcolor.jpg,images/fulls/doom-color-santiago-salvador.jpg,Doom Color,40825
images/fulls/santiago_salvador_dragon.jpg,images/fulls/dragon-santiago-salvador.jpg,dragon,57750
images/fulls/santiago_salvador_drjeck.jpg,images/fulls/dr-jeck-santiago-salvador.jpg,Dr Jeck,90266
images/fulls/santiago_salvador_euthanasia.jpg,images/fulls/euthanasia-santiago-salvador.jpg,euthanasia,57432
images/fulls/santiago_salvador_fairy.jpg,images/fulls/fairy-santiago-salvador.jpg,fairy,184380
images/fulls/santiago_salvador_fallingtoblue.jpg,images/fulls/falling-to-blue-santiago-salvador.jpg,Falling To Blue,19548
images/fulls/santiago_salvador_firefairy.jpg,images/fulls/firefairy-santiago-salvador.jpg,firefairy,124324
images/fulls/santiago_salvador_fish2008.jpg,images/fulls/fish2008-santiago-salvador.jpg,fish2008,115572
images/fulls/santiago_salvador_flower_chick.jpg,images/fulls/flower-woman-santiago-salvador.jpg,Flower Woman,102981
images/fulls/santiago_salvador_ghostrider.jpg,images/fulls/ghostrider-santiago-salvador.jpg,ghostrider,296098
images/fulls/santiago_salvador_GoatMan.jpg,images/fulls/goat-man-santiago-salvador.jpg,Goat Man,182648
images/fulls/santiago_salvador_guitar2.jpg,images/fulls/guitar-2-santiago-salvador.jpg,Guitar 2,49025
images/fulls/santiago_salvador_harryrunanimation.gif,images/fulls/harry-running-animation-santiago-salvador.gif,Harry Running Animation,96262
images/fulls/santiago_salvador_hatedemon.jpg,images/fulls/hatedemon-santiago-salvador.jpg,hatedemon,56426
images/fulls/santiago_salvador_Heletor_Heletaur.jpg,images/fulls/heletor-heletaur-santiago-salvador.jpg,Heletor Heletaur,109775
images/fulls/santiago_salvador_Hendrix.jpg,images/fulls/hendrix-santiago-salvador.jpg,Hendrix,71659
images/fulls/santiago_salvador_hendrix2.jpg,images/fulls/hendrix-2-santiago-salvador.jpg,Hendrix 2,40462
images/fulls/santiago_salvador_hischool.jpg,images/fulls/high-school-santiago-salvador.jpg,High School,70797
images/fulls/santiago_salvador_holymountain.jpg,images/fulls/holy-mountain-santiago-salvador.jpg,Holy Mountain,79513
images/fulls/santiago_salvador_hornydevildarkangel.jpg,images/fulls/horny-devil-dark-angel-santiago-salvador.jpg,Horny Devil Dark Angel,145738
images/fulls/santiago_salvador_horror.jpg,images/fulls/horror-santiago-salvador.jpg,horror,48924
images/fulls/santiago_salvador_hung.jpg,images/fulls/hung-santiago-salvador.jpg,hung,58215
images/fulls/santiago_salvador_IceArmorHeManVintage.jpg,images/fulls/ice-armor-he-man-vintage-santiago-salvador.jpg,Ice Armor He Man Vintage,160053
images/fulls/santiago_salvador_iloveyoutons.jpg,images/fulls/i-love-you-tons-santiago-salvador.jpg,I Love You Tons,54108
images/fulls/santiago_salvador_jamesmarshallhendrix.jpg,images/fulls/james-marshall-hendrix-santiago-salvador.jpg,James Marshall Hendrix,54098
images/fulls/santiago_salvador_jarome.jpg,images/fulls/jarome-santiago-salvador.jpg,jarome,39599
images/fulls/santiago_salvador_jaromeandcp.jpg,images/fulls/jarome-and-cannibal-prime-santiago-salvador.jpg,Jarome And Cannibal Prime,45333
images/fulls/santiago_salvador_jarometheindian.jpg,images/fulls/jarome-the-indian-santiago-salvador.jpg,Jarome The Indian,44925
images/fulls/santiago_salvador_jimihendrix.jpg,images/fulls/jimi-hendrix-santiago-salvador.jpg,Jimi Hendrix,35642
images/fulls/santiago_salvador_jumpingjaxsjailbreak.jpg,images/fulls/jumping-jaxs-jailbreak-santiago-salvador.jpg,Jumping Jaxs Jailbreak,53143
images/fulls/santiago_salvador_jumpingjaxsjailbreak_cubecraft.jpg,images/fulls/jumping-jaxs-jailbreak-cubecraft-santiago-salvador.jpg,Jumping Jaxs Jailbreak Cubecraft,1363836
images/fulls/santiago_salvador_jumpingjaxsjailbreakcubecraftfinal.jpg,images/fulls/jumping-jaxs-jailbreak-cubecraft-final-santiago-salvador.jpg,Jumping Jaxs Jailbreak Cubecraft Final,4185416
images/fulls/santiago_salvador_karma4king.jpg,images/fulls/karma-for-king-santiago-salvador.jpg,Karma For King,46737
images/fulls/santiago_salvador_krisna.jpg,images/fulls/krisna-santiago-salvador.jpg,krisna,135387
images/fulls/santiago_salvador_kungfu.jpg,images/fulls/kung-fu-santiago-salvador.jpg,Kung Fu,51187
images/fulls/santiago_salvador_leatherface.jpg,images/fulls/leatherface-santiago-salvador.jpg,leatherface,72268
images/fulls/santiago_salvador_librasrule.jpg,images/fulls/librasrule-santiago-salvador.jpg,librasrule,238369
images/fulls/santiago_salvador_librasunfire.jpg,images/fulls/libra-sun-fire-santiago-salvador.jpg,Libra Sun Fire,31958
images/fulls/santiago_salvador_lili.jpg,images/fulls/lili-santiago-salvador.jpg,lili,63218
images/fulls/santiago_salvador_lizardking.jpg,images/fulls/lizard-king-santiago-salvador.jpg,Lizard King,45976
images/fulls/santiago_salvador_lizardkingabstract.jpg,images/fulls/lizardkingabstract-santiago-salvador.jpg,lizardkingabstract,39103
images/fulls/santiago_salvador_love.jpg,images/fulls/love-santiago-salvador.jpg,love,107795
images/fulls/santiago_salvador_luckydevildarkangel.jpg,images/fulls/lucky-devil-dark-angel-santiago-salvador.jpg,Lucky Devil Dark Angel,91864
images/fulls/santiago_salvador_maze.jpg,images/fulls/maze-santiago-salvador.jpg,maze,43396
images/fulls/santiago_salvador_maze1.jpg,images/fulls/maze1-santiago-salvador.jpg,maze1,80471
images/fulls/santiago_salvador_maze2.jpg,images/fulls/maze2-santiago-salvador.jpg,maze2,39482
images/fulls/santiago_salvador_medalian2.jpg,images/fulls/medallion-2-santiago-salvador.jpg,Medallion 2,87645
images/fulls/santiago_salvador_medusa.jpg,images/fulls/medusa-santiago-salvador.jpg,medusa,39094
images/fulls/santiago_salvador_merman.jpg,images/fulls/merman-santiago-salvador.jpg,merman,126620
images/fulls/santiago_salvador_metroid.jpg,images/fulls/metroid-santiago-salvador.jpg,metroid,21205
images/fulls/santiago_salvador_minotaur_line_s.s._color_c.w..jpg,images/fulls/minotaur-line-ss-color-cw-santiago-salvador.jpg,Minotaur Line Ss Color Cw,81174
images/fulls/santiago_salvador_model.jpg,images/fulls/model-santiago-salvador.jpg,model,25737
images/fulls/santiago_salvador_moses.jpg,images/fulls/moses-santiago-salvador.jpg,moses,47843
images/fulls/santiago_salvador_motu_rm.jpg,images/fulls/motu-rm-santiago-salvador.jpg,motu rm,111020
images/fulls/santiago_salvador_motubattle.jpg,images/fulls/motubattle-santiago-salvador.jpg,motubattle,182692
images/fulls/santiago_salvador_native.jpg,images/fulls/native-santiago-salvador.jpg,native,70346
images/fulls/santiago_salvador_nirvana.jpg,images/fulls/nirvana-santiago-salvador.jpg,nirvana,171632
images/fulls/santiago_salvador_oceanprotector.jpg,images/fulls/ocean-protector-santiago-salvador.jpg,Ocean Protector,69342
images/fulls/santiago_salvador_oldman.jpg,images/fulls/old-man-santiago-salvador.jpg,Old Man,58328
images/fulls/santiago_salvador_peacelotus.jpg,images/fulls/peace-lotus-santiago-salvador.jpg,Peace Lotus,94091
images/fulls/santiago_salvador_peaceloveserenity.jpg,images/fulls/peace-love-serenity-santiago-salvador.jpg,Peace Love Serenity,37019
images/fulls/santiago_salvador_pumpkinkingmonster.jpg,images/fulls/pumpkin-king-monster-santiago-salvador.jpg,Pumpkin King Monster,30857
images/fulls/santiago_salvador_rainyroom.jpg,images/fulls/rainyroom-santiago-salvador.jpg,rainyroom,35959
images/fulls/santiago_salvador_rocker.jpg,images/fulls/rocker-santiago-salvador.jpg,rocker,37097
images/fulls/santiago_salvador_sandiablo.jpg,images/fulls/san-diablo-santiago-salvador.jpg,San Diablo,19958
images/fulls/santiago_salvador_sandiablo2.jpg,images/fulls/san-diablo-2-santiago-salvador.jpg,San Diablo 2,51810
images/fulls/santiago_salvador_santfink.jpg,images/fulls/san-fink-santiago-salvador.jpg,San Fink,55516
images/fulls/santiago_salvador_scorpioofrisingsun.jpg,images/fulls/scorpio-of-rising-sun-santiago-salvador.jpg,Scorpio Of Rising Sun,75001
images/fulls/santiago_salvador_skull.jpg,images/fulls/skull-santiago-salvador.jpg,skull,59946
images/fulls/santiago_salvador_solice.jpg,images/fulls/solice-santiago-salvador.jpg,Solice,80479
images/fulls/santiago_salvador_someguy.jpg,images/fulls/some-guy-santiago-salvador.jpg,Some Guy,22944
images/fulls/santiago_salvador_splatterhousedoom.jpg,images/fulls/splatterhouse-doom-santiago-salvador.jpg,Splatterhouse Doom,521269
images/fulls/santiago_salvador_squigg.jpg,images/fulls/squigg-santiago-salvador.jpg,squigg,22405
images/fulls/santiago_salvador_tailofdevilboy.jpg,images/fulls/tale-of-devil-boy-santiago-salvador.jpg,Tale Of Devil Boy,53460
images/fulls/santiago_salvador_thedoor.jpg,images/fulls/the-door-santiago-salvador.jpg,The Door,36372
images/fulls/santiago_salvador_thehand.jpg,images/fulls/the-hand-santiago-salvador.jpg,The Hand,20976
images/fulls/santiago_salvador_thesunandthelioness.jpg,images/fulls/the-sun-and-the-lioness-santiago-salvador.jpg,The Sun And The Lioness,110892
images/fulls/santiago_salvador_toxi.png,images/fulls/toxic-avenger-crusader-ii-santiago-salvador.png,Toxic Avenger Crusader II,34124833
images/fulls/santiago_salvador_treeoflifeanddeath.jpg,images/fulls/tree-of-life-and-death-santiago-salvador.jpg,Tree Of Life And Death,41885
images/fulls/santiago_salvador_truethoflove.jpg,images/fulls/truth-of-love-santiago-salvador.jpg,Truth Of Love,10510
images/fulls/santiago_salvador_tvm_1.jpg,images/fulls/theseus-vs-the-minotaur-1-santiago-salvador.jpg,Theseus Vs The Minotaur  1,154207
images/fulls/santiago_salvador_tvm_2.jpg,images/fulls/theseus-vs-the-minotaur-2-santiago-salvador.jpg,Theseus Vs The Minotaur  2,183300
images/fulls/santiago_salvador_tvm_3.jpg,images/fulls/theseus-vs-the-minotaur-3-santiago-salvador.jpg,Theseus Vs The Minotaur  3,148452
images/fulls/santiago_salvador_tvm_4.png,images/fulls/theseus-vs-the-minotaur-4-santiago-salvador.png,Theseus Vs The Minotaur  4,294302
images/fulls/santiago_salvador_venice.jpg,images/fulls/venice-santiago-salvador.jpg,venice,129695
images/fulls/santiago_salvador_vetcap.jpg,images/fulls/corvette-hubcap-santiago-salvador.jpg,Corvette Hubcap,57458
images/fulls/santiago_salvador_vetcap2.jpg,images/fulls/corvette-hubcap-2-santiago-salvador.jpg,Corvette Hubcap 2,27628
images/fulls/santiago_salvador_vetcap3.jpg,images/fulls/corvette-hubcap-3-santiago-salvador.jpg,Corvette Hubcap 3,28898
images/fulls/santiago_salvador_wave.jpg,images/fulls/wave-santiago-salvador.jpg,wave,35065
images/fulls/santiago_salvador_wildstyle.jpg,images/fulls/wild-style-santiago-salvador.jpg,Wild Style,159242
images/fulls/santiago_salvador_witch.jpg,images/fulls/witch-santiago-salvador.jpg,witch,87386
images/fulls/santiago_salvador_wizard.jpg,images/fulls/wizard-santiago-salvador.jpg,wizard,40162
images/fulls/santiago_salvador_wizardry1.jpg,images/fulls/wizardry-1-santiago-salvador.jpg,Wizardry 1,34520
images/fulls/santiago_salvador_wizardvsdragon.jpg,images/fulls/wizard-vs-dragon-santiago-salvador.jpg,Wizard Vs Dragon,52942
images/fulls/santiago_salvador_wnfstudios_splash.jpg,images/fulls/wnf-studios-splash-santiago-salvador.jpg,Wnf Studios Splash,170009
images/fulls/santiago_salvador_woman.jpg,images/fulls/woman-santiago-salvador.jpg,woman,66165
images/fulls/santiago_salvador_yogadragon.jpg,images/fulls/yoga-dragon-santiago-salvador.jpg,Yoga Dragon,50490
images/fulls/santiago_salvador_zoso.jpg,images/fulls/zoso-santiago-salvador.jpg,zoso,84198
images/headshot.png,images/blue-face-circular-portrait-cutout.png,Blue Face Circular Portrait Cutout,5112160
images/thumbs/santiago_salvador_3eyedragon.jpg,images/thumbs/three-eye-dragon-santiago-salvador.jpg,Three Eye Dragon,55866
images/thumbs/santiago_salvador_abra.jpg,images/thumbs/abra-custom-plush-doll-santiago-salvador.jpg,Abra Custom Plush Doll,26312
images/thumbs/santiago_salvador_activision_csqa.jpg,images/thumbs/award-winning-activision-custom-csqa-design-santiago-salvador.jpg,Award Winning Activision Custom CSQA design,176104
images/thumbs/santiago_salvador_afrobeast.png,images/thumbs/afrobeast-santiago-salvador.png,afrobeast,7612863
images/thumbs/santiago_salvador_afrowoman.jpg,images/thumbs/afrowoman-santiago-salvador.jpg,Afrowoman,87964
images/thumbs/santiago_salvador_almost530.jpg,images/thumbs/almost-5-30-santiago-salvador.jpg,Almost 5:30,74131
images/thumbs/santiago_salvador_anarchistgorilla.jpg,images/thumbs/anarchist-gorilla-santiago-salvador.jpg,Anarchist Gorilla,31649
images/thumbs/santiago_salvador_angelsareinmydreams.jpg,images/thumbs/angels-are-in-my-dreams-santiago-salvador.jpg,Angels are in My Dreams,51339
images/thumbs/santiago_salvador_AntiEterniaHeMan.jpg,images/thumbs/anti-eternia-he-man-vintage-custom-masters-of-the-universe-figure-santiago-salvador.jpg,Anti-Eternia He-Man Vintage Custom Masters of the Universe Figure,109321
images/thumbs/santiago_salvador_AntiEterniaHeManTheLoyalSubjects.jpg,images/thumbs/anti-eternia-he-man-the-loyal-subjects-custom-figure-santiago-salvador.jpg,Anti Eternia He-Man The Loyal Subjects Custom Figure,77252
images/thumbs/santiago_salvador_BattleCatWhiteTiger.jpg,images/thumbs/battle-cat-white-tiger-santiago-salvador.jpg,Battle Cat White Tiger,111209
images/thumbs/santiago_salvador_benderbitcoin.png,images/thumbs/bender-bitcoin-santiago-salvador.png,Bender Bitcoin,286283
images/thumbs/santiago_salvador_bff.jpg,images/thumbs/bff-santiago-salvador.jpg,BFF,43654
images/thumbs/santiago_salvador_bruceleechinacymbal.jpg,images/thumbs/bruce-lee-cymbal-santiago-salvador.jpg,Bruce Lee Cymbal,52218
images/thumbs/santiago_salvador_buddhablack.jpg,images/thumbs/black-buddha-santiago-salvador.jpg,Black Buddha,66230
images/thumbs/santiago_salvador_buddhabuddha.jpg,images/thumbs/buddha-buddha-santiago-salvador.jpg,Buddha Buddha,31863
images/thumbs/santiago_salvador_burning.jpg,images/thumbs/burning-santiago-salvador.jpg,burning,31398
images/thumbs/santiago_salvador_cbk.jpg,images/thumbs/cowboy-kaboom-santiago-salvador.jpg,Cowboy Kaboom,24273
images/thumbs/santiago_salvador_cbk2.jpg,images/thumbs/cowboy-kaboom-2-santiago-salvador.jpg,Cowboy Kaboom 2,27227
images/thumbs/santiago_salvador_cbkperfect.jpg,images/thumbs/cowboy-kaboom-alternate-santiago-salvador.jpg,Cowboy Kaboom Alternate,43668
images/thumbs/santiago_salvador_conceptcharacter.jpg,images/thumbs/concept-character-santiago-salvador.jpg,Concept Character,33949
images/thumbs/santiago_salvador_coraline.jpg,images/thumbs/coraline-santiago-salvador.jpg,coraline,229051
images/thumbs/santiago_salvador_cowboykaboom.jpg,images/thumbs/cowboy-kaboom-santiago-salvador-2.jpg,Cowboy Kaboom,82769
images/thumbs/santiago_salvador_crazyjc.jpg,images/thumbs/crazy-jc-santiago-salvador.jpg,Crazy Jc,110375
images/thumbs/santiago_salvador_CustomMOTUMask.jpg,images/thumbs/custom-motu-mask-santiago-salvador.jpg,Custom MOTU Mask,119430
images/thumbs/santiago_salvador_cyclops.jpg,images/thumbs/cyclops-santiago-salvador.jpg,cyclops,50106
images/thumbs/santiago_salvador_dancingdragon.jpg,images/thumbs/dancing-dragon-santiago-salvador.jpg,Dancing Dragon,73680
images/thumbs/santiago_salvador_demok.jpg,images/thumbs/demok-santiago-salvador.jpg,demok,59273
images/thumbs/santiago_salvador_designmedallion.jpg,images/thumbs/designmedallion-santiago-salvador.jpg,designmedallion,27390
images/thumbs/santiago_salvador_doom.jpg,images/thumbs/doom-santiago-salvador.jpg,doom,49304
images/thumbs/santiago_salvador_doomcolor.jpg,images/thumbs/doom-color-santiago-salvador.jpg,Doom Color,40825
images/thumbs/santiago_salvador_dragon.jpg,images/thumbs/dragon-santiago-salvador.jpg,dragon,57750
images/thumbs/santiago_salvador_drjeck.jpg,images/thumbs/dr-jeck-santiago-salvador.jpg,Dr Jeck,90266
images/thumbs/santiago_salvador_euthanasia.jpg,images/thumbs/euthanasia-santiago-salvador.jpg,euthanasia,57432
images/thumbs/santiago_salvador_fairy.jpg,images/thumbs/fairy-santiago-salvador.jpg,fairy,184380
images/thumbs/santiago_salvador_fallingtoblue.jpg,images/thumbs/falling-to-blue-santiago-salvador.jpg,Falling To Blue,19548
images/thumbs/santiago_salvador_firefairy.jpg,images/thumbs/firefairy-santiago-salvador.jpg,firefairy,124324
images/thumbs/santiago_salvador_fish2008.jpg,images/thumbs/fish2008-santiago-salvador.jpg,fish2008,115572
images/thumbs/santiago_salvador_flower_chick.jpg,images/thumbs/flower-woman-santiago-salvador.jpg,Flower Woman,102981
images/thumbs/santiago_salvador_ghostrider.jpg,images/thumbs/ghostrider-santiago-salvador.jpg,ghostrider,296098
images/thumbs/santiago_salvador_GoatMan.jpg,images/thumbs/goat-man-santiago-salvador.jpg,Goat Man,182648
images/thumbs/santiago_salvador_guitar2.jpg,images/thumbs/guitar-2-santiago-salvador.jpg,Guitar 2,49025
images/thumbs/santiago_salvador_harryrunanimation.gif,images/thumbs/harry-running-animation-santiago-salvador.gif,Harry Running Animation,96262
images/thumbs/santiago_salvador_hatedemon.jpg,images/thumbs/hatedemon-santiago-salvador.jpg,hatedemon,56426
images/thumbs/santiago_salvador_Heletor_Heletaur.jpg,images/thumbs/heletor-heletaur-santiago-salvador.jpg,Heletor Heletaur,109775
images/thumbs/santiago_salvador_Hendrix.jpg,images/thumbs/hendrix-santiago-salvador.jpg,Hendrix,71659
images/thumbs/santiago_salvador_hendrix2.jpg,images/thumbs/hendrix-2-santiago-salvador.jpg,Hendrix 2,40462
images/thumbs/santiago_salvador_hischool.jpg,images/thumbs/high-school-santiago-salvador.jpg,High School,70797
images/thumbs/santiago_salvador_holymountain.jpg,images/thumbs/holy-mountain-santiago-salvador.jpg,Holy Mountain,79513
images/thumbs/santiago_salvador_hornydevildarkangel.jpg,images/thumbs/horny-devil-dark-angel-santiago-salvador.jpg,Horny Devil Dark Angel,145738
images/thumbs/santiago_salvador_horror.jpg,images/thumbs/horror-santiago-salvador.jpg,horror,48924
images/thumbs/santiago_salvador_hung.jpg,images/thumbs/hung-santiago-salvador.jpg,hung,58215
images/thumbs/santiago_salvador_IceArmorHeManVintage.jpg,images/thumbs/ice-armor-he-man-vintage-santiago-salvador.jpg,Ice Armor He Man Vintage,160053
images/thumbs/santiago_salvador_iloveyoutons.jpg,images/thumbs/i-love-you-tons-santiago-salvador.jpg,I Love You Tons,54108
images/thumbs/santiago_salvador_jamesmarshallhendrix.jpg,images/thumbs/james-marshall-hendrix-santiago-salvador.jpg,James Marshall Hendrix,54098
images/thumbs/santiago_salvador_jarome.jpg,images/thumbs/jarome-santiago-salvador.jpg,jarome,39599
images/thumbs/santiago_salvador_jaromeandcp.jpg,images/thumbs/jarome-and-cannibal-prime-santiago-salvador.jpg,Jarome And Cannibal Prime,45333
images/thumbs/santiago_salvador_jarometheindian.jpg,images/thumbs/jarome-the-indian-santiago-salvador.jpg,Jarome The Indian,44925
images/thumbs/santiago_salvador_jimihendrix.jpg,images/thumbs/jimi-hendrix-santiago-salvador.jpg,Jimi Hendrix,35642
images/thumbs/santiago_salvador_jumpingjaxsjailbreak.jpg,images/thumbs/jumping-jaxs-jailbreak-santiago-salvador.jpg,Jumping Jaxs Jailbreak,53143
images/thumbs/santiago_salvador_jumpingjaxsjailbreak_cubecraft.jpg,images/thumbs/jumping-jaxs-jailbreak-cubecraft-santiago-salvador.jpg,Jumping Jaxs Jailbreak Cubecraft,1363836
images/thumbs/santiago_salvador_jumpingjaxsjailbreakcubecraftfinal.jpg,images/thumbs/jumping-jaxs-jailbreak-cubecraft-final-santiago-salvador.jpg,Jumping Jaxs Jailbreak Cubecraft Final,4185416
images/thumbs/santiago_salvador_karma4king.jpg,images/thumbs/karma-for-king-santiago-salvador.jpg,Karma For King,46737
images/thumbs/santiago_salvador_krisna.jpg,images/thumbs/krisna-santiago-salvador.jpg,krisna,135387
images/thumbs/santiago_salvador_kungfu.jpg,images/thumbs/kung-fu-santiago-salvador.jpg,Kung Fu,51187
images/thumbs/santiago_salvador_leatherface.jpg,images/thumbs/leatherface-santiago-salvador.jpg,leatherface,72268
images/thumbs/santiago_salvador_librasrule.jpg,images/thumbs/librasrule-santiago-salvador.jpg,librasrule,238369
images/thumbs/santiago_salvador_librasunfire.jpg,images/thumbs/libra-sun-fire-santiago-salvador.jpg,Libra Sun Fire,31958
images/thumbs/santiago_salvador_lili.jpg,images/thumbs/lili-santiago-salvador.jpg,lili,63218
images/thumbs/santiago_salvador_liquidweb.jpg,images/thumbs/liquid-web-spider-man-santiago-salvador.jpg,Liquid Web Spider-Man,27357509
images/thumbs/santiago_salvador_lizardking.jpg,images/thumbs/lizard-king-santiago-salvador.jpg,Lizard King,45976
images/thumbs/santiago_salvador_lizardkingabstract.jpg,images/thumbs/lizardkingabstract-santiago-salvador.jpg,lizardkingabstract,39103
images/thumbs/santiago_salvador_love.jpg,images/thumbs/love-santiago-salvador.jpg,love,107795
images/thumbs/santiago_salvador_luckydevildarkangel.jpg,images/thumbs/lucky-devil-dark-angel-santiago-salvador.jpg,Lucky Devil Dark Angel,91864
images/thumbs/santiago_salvador_maze.jpg,images/thumbs/maze-santiago-salvador.jpg,maze,43396
images/thumbs/santiago_salvador_maze1.jpg,images/thumbs/maze1-santiago-salvador.jpg,maze1,80471
images/thumbs/santiago_salvador_maze2.jpg,images/thumbs/maze2-santiago-salvador.jpg,maze2,39482
images/thumbs/santiago_salvador_medalian2.jpg,images/thumbs/medallion-2-santiago-salvador.jpg,Medallion 2,87645
images/thumbs/santiago_salvador_medusa.jpg,images/thumbs/medusa-santiago-salvador.jpg,medusa,39094
images/thumbs/santiago_salvador_merman.jpg,images/thumbs/merman-santiago-salvador.jpg,merman,126620
images/thumbs/santiago_salvador_metroid.jpg,images/thumbs/metroid-santiago-salvador.jpg,metroid,21205
images/thumbs/santiago_salvador_minotaur_line_s.s._color_c.w..jpg,images/thumbs/minotaur-line-ss-color-cw-santiago-salvador.jpg,Minotaur Line Ss Color Cw,81174
images/thumbs/santiago_salvador_model.jpg,images/thumbs/model-santiago-salvador.jpg,model,25737
images/thumbs/santiago_salvador_moses.jpg,images/thumbs/moses-santiago-salvador.jpg,moses,47843
images/thumbs/santiago_salvador_motu_rm.jpg,images/thumbs/motu-rm-santiago-salvador.jpg,motu rm,111020
images/thumbs/santiago_salvador_motubattle.jpg,images/thumbs/motubattle-santiago-salvador.jpg,motubattle,182692
images/thumbs/santiago_salvador_native.jpg,images/thumbs/native-santiago-salvador.jpg,native,70346
images/thumbs/santiago_salvador_nirvana.jpg,images/thumbs/nirvana-santiago-salvador.jpg,nirvana,171632
images/thumbs/santiago_salvador_oceanprotector.jpg,images/thumbs/ocean-protector-santiago-salvador.jpg,Ocean Protector,69342
images/thumbs/santiago_salvador_oldman.jpg,images/thumbs/old-man-santiago-salvador.jpg,Old Man,58328
images/thumbs/santiago_salvador_peacelotus.jpg,images/thumbs/peace-lotus-santiago-salvador.jpg,Peace Lotus,94091
images/thumbs/santiago_salvador_peaceloveserenity.jpg,images/thumbs/peace-love-serenity-santiago-salvador.jpg,Peace Love Serenity,37019
images/thumbs/santiago_salvador_pumpkinkingmonster.jpg,images/thumbs/pumpkin-king-monster-santiago-salvador.jpg,Pumpkin King Monster,30857
images/thumbs/santiago_salvador_rainyroom.jpg,images/thumbs/rainyroom-santiago-salvador.jpg,rainyroom,35959
images/thumbs/santiago_salvador_rocker.jpg,images/thumbs/rocker-santiago-salvador.jpg,rocker,37097
images/thumbs/santiago_salvador_sandiablo.jpg,images/thumbs/san-diablo-santiago-salvador.jpg,San Diablo,19958
images/thumbs/santiago_salvador_sandiablo2.jpg,images/thumbs/san-diablo-2-santiago-salvador.jpg,San Diablo 2,51810
images/thumbs/santiago_salvador_santfink.jpg,images/thumbs/san-fink-santiago-salvador.jpg,San Fink,55516
images/thumbs/santiago_salvador_scorpioofrisingsun.jpg,images/thumbs/scorpio-of-rising-sun-santiago-salvador.jpg,Scorpio Of Rising Sun,75001
images/thumbs/santiago_salvador_skull.jpg,images/thumbs/skull-santiago-salvador.jpg,skull,59946
images/thumbs/santiago_salvador_solice.jpg,images/thumbs/solice-santiago-salvador.jpg,Solice,80479
images/thumbs/santiago_salvador_someguy.jpg,images/thumbs/some-guy-santiago-salvador.jpg,Some Guy,22944
images/thumbs/santiago_salvador_splatterhousedoom.jpg,images/thumbs/splatterhouse-doom-santiago-salvador.jpg,Splatterhouse Doom,521269
images/thumbs/santiago_salvador_squigg.jpg,images/thumbs/squigg-santiago-salvador.jpg,squigg,22405
images/thumbs/santiago_salvador_tailofdevilboy.jpg,images/thumbs/tale-of-devil-boy-santiago-salvador.jpg,Tale Of Devil Boy,53460
images/thumbs/santiago_salvador_thedoor.jpg,images/thumbs/the-door-santiago-salvador.jpg,The Door,36372
images/thumbs/santiago_salvador_thehand.jpg,images/thumbs/the-hand-santiago-salvador.jpg,The Hand,20976
images/thumbs/santiago_salvador_thesunandthelioness.jpg,images/thumbs/the-sun-and-the-lioness-santiago-salvador.jpg,The Sun And The Lioness,110892
images/thumbs/santiago_salvador_toxi.png,images/thumbs/toxic-avenger-crusader-ii-santiago-salvador.png,Toxic Avenger Crusader II,34124833
images/thumbs/santiago_salvador_treeoflifeanddeath.jpg,images/thumbs/tree-of-life-and-death-santiago-salvador.jpg,Tree Of Life And Death,41885
images/thumbs/santiago_salvador_truethoflove.jpg,images/thumbs/truth-of-love-santiago-salvador.jpg,Truth Of Love,10510
images/thumbs/santiago_salvador_tvm_1.jpg,images/thumbs/theseus-vs-the-minotaur-1-santiago-salvador.jpg,Theseus Vs The Minotaur  1,154207
images/thumbs/santiago_salvador_tvm_2.jpg,images/thumbs/theseus-vs-the-minotaur-2-santiago-salvador.jpg,Theseus Vs The Minotaur  2,183300
images/thumbs/santiago_salvador_tvm_3.jpg,images/thumbs/theseus-vs-the-minotaur-3-santiago-salvador.jpg,Theseus Vs The Minotaur  3,148452
images/thumbs/santiago_salvador_tvm_4.png,images/thumbs/theseus-vs-the-minotaur-4-santiago-salvador.png,Theseus Vs The Minotaur  4,294302
images/thumbs/santiago_salvador_venice.jpg,images/thumbs/venice-santiago-salvador.jpg,venice,129695
images/thumbs/santiago_salvador_vetcap.jpg,images/thumbs/corvette-hubcap-santiago-salvador.jpg,Corvette Hubcap,57458
images/thumbs/santiago_salvador_vetcap2.jpg,images/thumbs/corvette-hubcap-2-santiago-salvador.jpg,Corvette Hubcap 2,27628
images/thumbs/santiago_salvador_vetcap3.jpg,images/thumbs/corvette-hubcap-3-santiago-salvador.jpg,Corvette Hubcap 3,28898
images/thumbs/santiago_salvador_wave.jpg,images/thumbs/wave-santiago-salvador.jpg,wave,35065
images/thumbs/santiago_salvador_wildstyle.jpg,images/thumbs/wild-style-santiago-salvador.jpg,Wild Style,159242
images/thumbs/santiago_salvador_witch.jpg,images/thumbs/witch-santiago-salvador.jpg,witch,87386
images/thumbs/santiago_salvador_wizard.jpg,images/thumbs/wizard-santiago-salvador.jpg,wizard,40162
images/thumbs/santiago_salvador_wizardry1.jpg,images/thumbs/wizardry-1-santiago-salvador.jpg,Wizardry 1,34520
images/thumbs/santiago_salvador_wizardvsdragon.jpg,images/thumbs/wizard-vs-dragon-santiago-salvador.jpg,Wizard Vs Dragon,52942
images/thumbs/santiago_salvador_wnfstudios_splash.jpg,images/thumbs/wnf-studios-splash-santiago-salvador.jpg,Wnf Studios Splash,170009
images/thumbs/santiago_salvador_woman.jpg,images/thumbs/woman-santiago-salvador.jpg,woman,66165
images/thumbs/santiago_salvador_yogadragon.jpg,images/thumbs/yoga-dragon-santiago-salvador.jpg,Yoga Dragon,50490
images/thumbs/santiago_salvador_zoso.jpg,images/thumbs/zoso-santiago-salvador.jpg,zoso,84198
Labels/fulls/Famicom_SFC/Dragon Ball Z - Hyper Dimension (1).png,Labels/fulls/Famicom_SFC/dragon-ball-z-hyper-dimension-1-famicom-sfc-cartridge-label.png,Dragon Ball Z   Hyper Dimension (1),522375
Labels/fulls/Famicom_SFC/Dragon Ball Z - Hyper Dimension.png,Labels/fulls/Famicom_SFC/dragon-ball-z-hyper-dimension-famicom-sfc-cartridge-label.png,Dragon Ball Z   Hyper Dimension,612226
Labels/fulls/Famicom_SFC/FX Pak _sfc_V1.png,Labels/fulls/Famicom_SFC/fx-pak-sfc-v1-famicom-sfc-cartridge-label.png,FX Pak  sfc V1,177821
Labels/fulls/Famicom_SFC/FX Pak _sfc_V2.png,Labels/fulls/Famicom_SFC/fx-pak-sfc-v2-famicom-sfc-cartridge-label.png,FX Pak  sfc V2,74526
Labels/fulls/Famicom_SFC/FX Pak _sfc_V3.png,Labels/fulls/Famicom_SFC/fx-pak-sfc-v3-famicom-sfc-cartridge-label.png,FX Pak  sfc V3,342318
Labels/fulls/Famicom_SFC/maxresdefault.jpg,Labels/fulls/Famicom_SFC/maxresdefault-famicom-sfc-cartridge-label.jpg,maxresdefault,267021
Labels/fulls/Famicom_SFC/MegaManX3.png,Labels/fulls/Famicom_SFC/megamanx3-famicom-sfc-cartridge-label.png,MegaManX3,605007
Labels/fulls/Famicom_SFC/MegaManX3V2.png,Labels/fulls/Famicom_SFC/megamanx3v2-famicom-sfc-cartridge-label.png,MegaManX3V2,670716
Labels/fulls/Famicom_SFC/Nightmare Busters.jpg,Labels/fulls/Famicom_SFC/nightmare-busters-famicom-sfc-cartridge-label.jpg,Nightmare Busters,157336
Labels/fulls/Famicom_SFC/rockman3x_sfc_v1.png,Labels/fulls/Famicom_SFC/rockman3x-sfc-v1-famicom-sfc-cartridge-label.png,rockman3x sfc v1,690606
Labels/fulls/Famicom_SFC/rockmanx3.png,Labels/fulls/Famicom_SFC/rockmanx3-famicom-sfc-cartridge-label.png,rockmanx3,690606
Labels/fulls/Famicom_SFC/SuperMarioRPG_sfc_v1.png,Labels/fulls/Famicom_SFC/supermariorpg-sfc-v1-famicom-sfc-cartridge-label.png,SuperMarioRPG sfc v1,244231
Labels/fulls/Famicom_SFC/SuperValisIV_sfc_V1.png,Labels/fulls/Famicom_SFC/supervalisiv-sfc-v1-famicom-sfc-cartridge-label.png,SuperValisIV sfc V1,661801
Labels/fulls/Famicom_SFC/SuperValisIV_sfc_V2.png,Labels/fulls/Famicom_SFC/supervalisiv-sfc-v2-famicom-sfc-cartridge-label.png,SuperValisIV sfc V2,557167
Labels/fulls/Famicom_SFC/SuperValisIV_sfc_V3.png,Labels/fulls/Famicom_SFC/supervalisiv-sfc-v3-famicom-sfc-cartridge-label.png,SuperValisIV sfc V3,570928
Labels/fulls/Famicom_SFC/SuperValisIV_sfc_V4.png,Labels/fulls/Famicom_SFC/supervalisiv-sfc-v4-famicom-sfc-cartridge-label.png,SuperValisIV sfc V4,583472
Labels/fulls/Famicom_SFC/SuperValisIV_sfc_V5.png,Labels/fulls/Famicom_SFC/supervalisiv-sfc-v5-famicom-sfc-cartridge-label.png,SuperValisIV sfc V5,903129
Labels/fulls/Famicom_SFC/TECMO SUPER BOWL.png,Labels/fulls/Famicom_SFC/tecmo-super-bowl-famicom-sfc-cartridge-label.png,TECMO SUPER BOWL,190704
Labels/fulls/Famicom_SFC/TMNT Turtles in Time V2.png,Labels/fulls/Famicom_SFC/tmnt-turtles-in-time-v2-famicom-sfc-cartridge-label.png,TMNT Turtles in Time V2,752756
Labels/fulls/Famicom_SFC/TMNT Turtles in Time.png,Labels/fulls/Famicom_SFC/tmnt-turtles-in-time-famicom-sfc-cartridge-label.png,TMNT Turtles in Time,772509
Labels/fulls/GameBoy/Any Design Custom Made _gba_v1.PNG,Labels/fulls/GameBoy/any-design-custom-made-gba-v1-gameboy-cartridge-label.png,Any Design Custom Made  gba v1,487161
Labels/fulls/GameBoy/Castlevania II Belmonts Revenge _gbc_v1.png,Labels/fulls/GameBoy/castlevania-ii-belmonts-revenge-gbc-v1-gameboy-cartridge-label.png,Castlevania II Belmonts Revenge  gbc v1,1018739
Labels/fulls/GameBoy/Cronelas_GBC_V1.png,Labels/fulls/GameBoy/cronelas-gbc-v1-gameboy-cartridge-label.png,Cronelas GBC V1,1446987
Labels/fulls/GameBoy/d8xv37u-043067c3-a17f-4e09-aab1-3def5205408e.png,Labels/fulls/GameBoy/d8xv37u-043067c3-a17f-4e09-aab1-3def5205408e-gameboy-cartridge-label.png,d8xv37u 043067c3 a17f 4e09 aab1 3def5205408e,336466
Labels/fulls/GameBoy/d9263b1-6e60db47-a167-4244-92ee-6ff39d9dc90b.png,Labels/fulls/GameBoy/d9263b1-6e60db47-a167-4244-92ee-6ff39d9dc90b-gameboy-cartridge-label.png,d9263b1 6e60db47 a167 4244 92ee 6ff39d9dc90b,298849
Labels/fulls/GameBoy/Donkey Kong Country _gba_v1.png,Labels/fulls/GameBoy/donkey-kong-country-gba-v1-gameboy-cartridge-label.png,Donkey Kong Country  gba v1,789740
Labels/fulls/GameBoy/Elf Bowling 1 and 2 _gba_v1.png,Labels/fulls/GameBoy/elf-bowling-1-and-2-gba-v1-gameboy-cartridge-label.png,Elf Bowling 1 and 2  gba v1,916100
Labels/fulls/GameBoy/Everdrive GB_GB.png,Labels/fulls/GameBoy/everdrive-gb-gb-gameboy-cartridge-label.png,Everdrive GB GB,580612
Labels/fulls/GameBoy/Everdrive Tetris _GBC_V1.png,Labels/fulls/GameBoy/everdrive-tetris-gbc-v1-gameboy-cartridge-label.png,Everdrive Tetris  GBC V1,1125297
Labels/fulls/GameBoy/Everdrive Tetris _GBC_V2.png,Labels/fulls/GameBoy/everdrive-tetris-gbc-v2-gameboy-cartridge-label.png,Everdrive Tetris  GBC V2,1324004
Labels/fulls/GameBoy/Everdrive X7.png,Labels/fulls/GameBoy/everdrive-x7-gameboy-cartridge-label.png,Everdrive X7,1076839
Labels/fulls/GameBoy/Everdrive X7_Mario.png,Labels/fulls/GameBoy/everdrive-x7-mario-gameboy-cartridge-label.png,Everdrive X7 Mario,1296318
Labels/fulls/GameBoy/Everdrive X7_Metroid.png,Labels/fulls/GameBoy/everdrive-x7-metroid-gameboy-cartridge-label.png,Everdrive X7 Metroid,287184
Labels/fulls/GameBoy/Everdrive_Mega Man 2_GBC_V1.png,Labels/fulls/GameBoy/everdrive-mega-man-2-gbc-v1-gameboy-cartridge-label.png,Everdrive Mega Man 2 GBC V1,1366067
Labels/fulls/GameBoy/Everdrive_Metroid_GBlisting.png,Labels/fulls/GameBoy/everdrive-metroid-gblisting-gameboy-cartridge-label.png,Everdrive Metroid GBlisting,664549
Labels/fulls/GameBoy/Everdrive_MetroidNoBodies_GBlisting.png,Labels/fulls/GameBoy/everdrive-metroidnobodies-gblisting-gameboy-cartridge-label.png,Everdrive MetroidNoBodies GBlisting,653593
Labels/fulls/GameBoy/Everdrive_PokemongbcV1.png,Labels/fulls/GameBoy/everdrive-pokemongbcv1-gameboy-cartridge-label.png,Everdrive PokemongbcV1,1005083
Labels/fulls/GameBoy/Everdrive_PokémongbcV.png,Labels/fulls/GameBoy/everdrive-pokemongbcv-gameboy-cartridge-label.png,Everdrive PokémongbcV,926391
Labels/fulls/GameBoy/Galaga_Fighter.png,Labels/fulls/GameBoy/galaga-fighter-gameboy-cartridge-label.png,Galaga Fighter,321647
Labels/fulls/GameBoy/Game Boy Horror_GBC_V1.png,Labels/fulls/GameBoy/game-boy-horror-gbc-v1-gameboy-cartridge-label.png,Game Boy Horror GBC V1,931951
Labels/fulls/GameBoy/gbcV.png,Labels/fulls/GameBoy/gbcv-gameboy-cartridge-label.png,gbcV,411292
Labels/fulls/GameBoy/GNGgbcLabel.png,Labels/fulls/GameBoy/gnggbclabel-gameboy-cartridge-label.png,GNGgbcLabel,396639
Labels/fulls/GameBoy/GNGgbcLabel2.png,Labels/fulls/GameBoy/gnggbclabel2-gameboy-cartridge-label.png,GNGgbcLabel2,415854
Labels/fulls/GameBoy/GNGgbcLabel3.png,Labels/fulls/GameBoy/gnggbclabel3-gameboy-cartridge-label.png,GNGgbcLabel3,372261
Labels/fulls/GameBoy/GNGgbcLabel4.png,Labels/fulls/GameBoy/gnggbclabel4-gameboy-cartridge-label.png,GNGgbcLabel4,407603
Labels/fulls/GameBoy/Kirby Nightmare in Dream Land _gba_v1.PNG,Labels/fulls/GameBoy/kirby-nightmare-in-dream-land-gba-v1-gameboy-cartridge-label.png,Kirby Nightmare in Dream Land  gba v1,422847
Labels/fulls/GameBoy/Kirby Nightmare in Dream Land _gba_v2.PNG,Labels/fulls/GameBoy/kirby-nightmare-in-dream-land-gba-v2-gameboy-cartridge-label.png,Kirby Nightmare in Dream Land  gba v2,731716
Labels/fulls/GameBoy/Kirby Nightmare in Dream Land _gba_v3.PNG,Labels/fulls/GameBoy/kirby-nightmare-in-dream-land-gba-v3-gameboy-cartridge-label.png,Kirby Nightmare in Dream Land  gba v3,570839
Labels/fulls/GameBoy/MarioGolfgbcLabel.png,Labels/fulls/GameBoy/mariogolfgbclabel-gameboy-cartridge-label.png,MarioGolfgbcLabel,963847
Labels/fulls/GameBoy/MarioGolfgbcLabelv2.png,Labels/fulls/GameBoy/mariogolfgbclabelv2-gameboy-cartridge-label.png,MarioGolfgbcLabelv2,1185862
Labels/fulls/GameBoy/MarioGolfgbcLabelv3.png,Labels/fulls/GameBoy/mariogolfgbclabelv3-gameboy-cartridge-label.png,MarioGolfgbcLabelv3,1100093
Labels/fulls/GameBoy/MarioGolfgbcLabelv4.png,Labels/fulls/GameBoy/mariogolfgbclabelv4-gameboy-cartridge-label.png,MarioGolfgbcLabelv4,928076
Labels/fulls/GameBoy/MarioGolfgbcLabelv5.png,Labels/fulls/GameBoy/mariogolfgbclabelv5-gameboy-cartridge-label.png,MarioGolfgbcLabelv5,1154248
Labels/fulls/GameBoy/MarioGolfgbcLabelv6.png,Labels/fulls/GameBoy/mariogolfgbclabelv6-gameboy-cartridge-label.png,MarioGolfgbcLabelv6,1109325
Labels/fulls/GameBoy/Metroid II DX_GBC_V1.png,Labels/fulls/GameBoy/metroid-ii-dx-gbc-v1-gameboy-cartridge-label.png,Metroid II DX GBC V1,1013151
Labels/fulls/GameBoy/Metroid II Return of Samus V1.png,Labels/fulls/GameBoy/metroid-ii-return-of-samus-v1-gameboy-cartridge-label.png,Metroid II Return of Samus V1,1329334
Labels/fulls/GameBoy/Metroid II Return of Samus V2.png,Labels/fulls/GameBoy/metroid-ii-return-of-samus-v2-gameboy-cartridge-label.png,Metroid II Return of Samus V2,1176738
Labels/fulls/GameBoy/Metroid II Return of Samus V3.png,Labels/fulls/GameBoy/metroid-ii-return-of-samus-v3-gameboy-cartridge-label.png,Metroid II Return of Samus V3,1008789
Labels/fulls/GameBoy/Micro Machines.png,Labels/fulls/GameBoy/micro-machines-gameboy-cartridge-label.png,Micro Machines,931450
Labels/fulls/GameBoy/Micro MachinesV2.png,Labels/fulls/GameBoy/micro-machinesv2-gameboy-cartridge-label.png,Micro MachinesV2,1188231
Labels/fulls/GameBoy/Micro MachinesV3.png,Labels/fulls/GameBoy/micro-machinesv3-gameboy-cartridge-label.png,Micro MachinesV3,1118085
Labels/fulls/GameBoy/northbestelectronics_GBC_V1.png,Labels/fulls/GameBoy/northbestelectronics-gbc-v1-gameboy-cartridge-label.png,northbestelectronics GBC V1,208401
Labels/fulls/GameBoy/Pine Creek _gbc_v1.jpg.png,Labels/fulls/GameBoy/pine-creek-gbc-v1-jpg-gameboy-cartridge-label.png,Pine Creek  gbc v1.jpg,523282
Labels/fulls/GameBoy/pokemon clear version.png,Labels/fulls/GameBoy/pokemon-clear-version-gameboy-cartridge-label.png,pokemon clear version,1047132
Labels/fulls/GameBoy/pokemon gold versionV1.png,Labels/fulls/GameBoy/pokemon-gold-versionv1-gameboy-cartridge-label.png,pokemon gold versionV1,1241076
Labels/fulls/GameBoy/Pokemon Mystery Dungeon Red Rescue Team _gba_v1.PNG,Labels/fulls/GameBoy/pokemon-mystery-dungeon-red-rescue-team-gba-v1-gameboy-cartridge-label.png,Pokemon Mystery Dungeon Red Rescue Team  gba v1,398429
Labels/fulls/GameBoy/Pokemon Mystery Dungeon Red Rescue Team _gba_v2.PNG,Labels/fulls/GameBoy/pokemon-mystery-dungeon-red-rescue-team-gba-v2-gameboy-cartridge-label.png,Pokemon Mystery Dungeon Red Rescue Team  gba v2,840883
Labels/fulls/GameBoy/pokemon pikachu.png,Labels/fulls/GameBoy/pokemon-pikachu-gameboy-cartridge-label.png,pokemon pikachu,286926
Labels/fulls/GameBoy/pokemon pikachuV2.png,Labels/fulls/GameBoy/pokemon-pikachuv2-gameboy-cartridge-label.png,pokemon pikachuV2,294850
Labels/fulls/GameBoy/Pokemon V2.png,Labels/fulls/GameBoy/pokemon-v2-gameboy-cartridge-label.png,Pokemon V2,298849
Labels/fulls/GameBoy/Pokemon_Blue_DX_label_GBC.png,Labels/fulls/GameBoy/pokemon-blue-dx-label-gbc-gameboy-cartridge-label.png,Pokemon Blue DX label GBC,1099116
Labels/fulls/GameBoy/PokemonCustomgbcV2.png,Labels/fulls/GameBoy/pokemoncustomgbcv2-gameboy-cartridge-label.png,PokemonCustomgbcV2,936360
Labels/fulls/GameBoy/PokemonGreen_GBC_V1.png,Labels/fulls/GameBoy/pokemongreen-gbc-v1-gameboy-cartridge-label.png,PokemonGreen GBC V1,1055223
Labels/fulls/GameBoy/PokemonLicky_GBC_V1.png,Labels/fulls/GameBoy/pokemonlicky-gbc-v1-gameboy-cartridge-label.png,PokemonLicky GBC V1,517660
Labels/fulls/GameBoy/PokemonLicky_GBC_V2.png,Labels/fulls/GameBoy/pokemonlicky-gbc-v2-gameboy-cartridge-label.png,PokemonLicky GBC V2,521126
Labels/fulls/GameBoy/PokemonTicket_gbaV.png,Labels/fulls/GameBoy/pokemonticket-gbav-gameboy-cartridge-label.png,PokemonTicket gbaV,868851
Labels/fulls/GameBoy/PokemonTicketV2_gbaListing.png,Labels/fulls/GameBoy/pokemonticketv2-gbalisting-gameboy-cartridge-label.png,PokemonTicketV2 gbaListing,929454
Labels/fulls/GameBoy/PokemonTPRV - Copy.png,Labels/fulls/GameBoy/pokemontprv-copy-gameboy-cartridge-label.png,PokemonTPRV   Copy,1063476
Labels/fulls/GameBoy/PokemonTPRV.png,Labels/fulls/GameBoy/pokemontprv-gameboy-cartridge-label.png,PokemonTPRV,1041614
Labels/fulls/GameBoy/PokemonTPRV_V2 - Copy.png,Labels/fulls/GameBoy/pokemontprv-v2-copy-gameboy-cartridge-label.png,PokemonTPRV V2   Copy,945308
Labels/fulls/GameBoy/PokemonTPRV_V2.png,Labels/fulls/GameBoy/pokemontprv-v2-gameboy-cartridge-label.png,PokemonTPRV V2,1047132
Labels/fulls/GameBoy/PokemonTPRV_V3 - Copy.png,Labels/fulls/GameBoy/pokemontprv-v3-copy-gameboy-cartridge-label.png,PokemonTPRV V3   Copy,1272458
Labels/fulls/GameBoy/PokemonTPRV_V3.png,Labels/fulls/GameBoy/pokemontprv-v3-gameboy-cartridge-label.png,PokemonTPRV V3,1272458
Labels/fulls/GameBoy/PokémonCrystalClearV1.png,Labels/fulls/GameBoy/pokemoncrystalclearv1-gameboy-cartridge-label.png,PokémonCrystalClearV1,930678
Labels/fulls/GameBoy/PokémonCrystalClearV2.png,Labels/fulls/GameBoy/pokemoncrystalclearv2-gameboy-cartridge-label.png,PokémonCrystalClearV2,917033
Labels/fulls/GameBoy/PokémonCrystalClearV3.png,Labels/fulls/GameBoy/pokemoncrystalclearv3-gameboy-cartridge-label.png,PokémonCrystalClearV3,936872
Labels/fulls/GameBoy/PokémonEmeraldGBA.png,Labels/fulls/GameBoy/pokemonemeraldgba-gameboy-cartridge-label.png,PokémonEmeraldGBA,683121
Labels/fulls/GameBoy/PokémonPrizm.png,Labels/fulls/GameBoy/pokemonprizm-gameboy-cartridge-label.png,PokémonPrizm,940910
Labels/fulls/GameBoy/PokémonPrizmebay.png,Labels/fulls/GameBoy/pokemonprizmebay-gameboy-cartridge-label.png,PokémonPrizmebay,855208
Labels/fulls/GameBoy/PokémonPrizmV2.png,Labels/fulls/GameBoy/pokemonprizmv2-gameboy-cartridge-label.png,PokémonPrizmV2,948019
Labels/fulls/GameBoy/PokémonPrizmV3.png,Labels/fulls/GameBoy/pokemonprizmv3-gameboy-cartridge-label.png,PokémonPrizmV3,945502
Labels/fulls/GameBoy/PokémonPrizmV4.png,Labels/fulls/GameBoy/pokemonprizmv4-gameboy-cartridge-label.png,PokémonPrizmV4,1029507
Labels/fulls/GameBoy/PokémonRubyVersionGBA.png,Labels/fulls/GameBoy/pokemonrubyversiongba-gameboy-cartridge-label.png,PokémonRubyVersionGBA,568386
Labels/fulls/GameBoy/PokémonSapphireVersionGBA.png,Labels/fulls/GameBoy/pokemonsapphireversiongba-gameboy-cartridge-label.png,PokémonSapphireVersionGBA,602488
Labels/fulls/GameBoy/sf2.png,Labels/fulls/GameBoy/sf2-gameboy-cartridge-label.png,sf2,1259738
Labels/fulls/GameBoy/SFAgbcLabel.png,Labels/fulls/GameBoy/sfagbclabel-gameboy-cartridge-label.png,SFAgbcLabel,363181
Labels/fulls/GameBoy/SFAV2gbcLabel.png,Labels/fulls/GameBoy/sfav2gbclabel-gameboy-cartridge-label.png,SFAV2gbcLabel,345650
Labels/fulls/GameBoy/SFAV3gbcLabel.png,Labels/fulls/GameBoy/sfav3gbclabel-gameboy-cartridge-label.png,SFAV3gbcLabel,341661
Labels/fulls/GameBoy/SFAV4gbcLabel.png,Labels/fulls/GameBoy/sfav4gbclabel-gameboy-cartridge-label.png,SFAV4gbcLabel,317912
Labels/fulls/GameBoy/shantaiGBCLabel.png,Labels/fulls/GameBoy/shantaigbclabel-gameboy-cartridge-label.png,shantaiGBCLabel,188089
Labels/fulls/GameBoy/shantaiGBCLabel2.png,Labels/fulls/GameBoy/shantaigbclabel2-gameboy-cartridge-label.png,shantaiGBCLabel2,339808
Labels/fulls/GameBoy/shantaiGBCLabel3.png,Labels/fulls/GameBoy/shantaigbclabel3-gameboy-cartridge-label.png,shantaiGBCLabel3,355442
Labels/fulls/GameBoy/shantaiGBCLabel4.png,Labels/fulls/GameBoy/shantaigbclabel4-gameboy-cartridge-label.png,shantaiGBCLabel4,127784
Labels/fulls/GameBoy/SuperMarioBrosDeluxe_GBC_V1.png,Labels/fulls/GameBoy/supermariobrosdeluxe-gbc-v1-gameboy-cartridge-label.png,SuperMarioBrosDeluxe GBC V1,1313196
Labels/fulls/GameBoy/Taiwanese Bootleg_GBC_V1.png,Labels/fulls/GameBoy/taiwanese-bootleg-gbc-v1-gameboy-cartridge-label.png,Taiwanese Bootleg GBC V1,1346050
Labels/fulls/GameBoy/testrisdx_01.png,Labels/fulls/GameBoy/testrisdx-01-gameboy-cartridge-label.png,testrisdx 01,364148
Labels/fulls/GameBoy/testrisdx_02.png,Labels/fulls/GameBoy/testrisdx-02-gameboy-cartridge-label.png,testrisdx 02,220779
Labels/fulls/GameBoy/testrisdx_03.png,Labels/fulls/GameBoy/testrisdx-03-gameboy-cartridge-label.png,testrisdx 03,321178
Labels/fulls/GameBoy/testrisdx_04.png,Labels/fulls/GameBoy/testrisdx-04-gameboy-cartridge-label.png,testrisdx 04,315921
Labels/fulls/GameBoy/Tetris _GBC_V1.png,Labels/fulls/GameBoy/tetris-gbc-v1-gameboy-cartridge-label.png,Tetris  GBC V1,1127102
Labels/fulls/GameBoy/Tetris _GBC_V2.png,Labels/fulls/GameBoy/tetris-gbc-v2-gameboy-cartridge-label.png,Tetris  GBC V2,917351
Labels/fulls/GameBoy/The Legend of Zelda A Link to the Past Four Swords _gba_v1.png,Labels/fulls/GameBoy/the-legend-of-zelda-a-link-to-the-past-four-swords-gba-v1-gameboy-cartridge-label.png,The Legend of Zelda A Link to the Past Four Swords  gba v1,404622
Labels/fulls/GameBoy/The Legend of Zelda A Link to the Past Four Swords _gba_v2.png,Labels/fulls/GameBoy/the-legend-of-zelda-a-link-to-the-past-four-swords-gba-v2-gameboy-cartridge-label.png,The Legend of Zelda A Link to the Past Four Swords  gba v2,409918
Labels/fulls/GameBoy/The Legend of Zelda Links Awakening.png,Labels/fulls/GameBoy/the-legend-of-zelda-links-awakening-gameboy-cartridge-label.png,The Legend of Zelda Links Awakening,203444
Labels/fulls/Genesis_MegaDrive/_V1.png,Labels/fulls/Genesis_MegaDrive/v1-genesis-megadrive-cartridge-label.png,V1,2109430
Labels/fulls/Genesis_MegaDrive/_V1_Genesis.png,Labels/fulls/Genesis_MegaDrive/v1-genesis-genesis-megadrive-cartridge-label.png,V1 Genesis,2552182
Labels/fulls/Genesis_MegaDrive/Aaahh Real Monsters_V1.png,Labels/fulls/Genesis_MegaDrive/aaahh-real-monsters-v1-genesis-megadrive-cartridge-label.png,Aaahh Real Monsters V1,1840787
Labels/fulls/Genesis_MegaDrive/Aladdin _genesis_v1.png,Labels/fulls/Genesis_MegaDrive/aladdin-genesis-v1-genesis-megadrive-cartridge-label.png,Aladdin  genesis v1,193493
Labels/fulls/Genesis_MegaDrive/Aladdin _genesis_v2.png,Labels/fulls/Genesis_MegaDrive/aladdin-genesis-v2-genesis-megadrive-cartridge-label.png,Aladdin  genesis v2,254413
Labels/fulls/Genesis_MegaDrive/Altered Beast Genesis_V1A.png,Labels/fulls/Genesis_MegaDrive/altered-beast-genesis-v1a-genesis-megadrive-cartridge-label.png,Altered Beast Genesis V1A,3569630
Labels/fulls/Genesis_MegaDrive/Altered Beast Genesis_V2.png,Labels/fulls/Genesis_MegaDrive/altered-beast-genesis-v2-genesis-megadrive-cartridge-label.png,Altered Beast Genesis V2,3896619
Labels/fulls/Genesis_MegaDrive/Altered Beast Gensis_V1B.png,Labels/fulls/Genesis_MegaDrive/altered-beast-gensis-v1b-genesis-megadrive-cartridge-label.png,Altered Beast Gensis V1B,3724837
Labels/fulls/Genesis_MegaDrive/Arcus Odyssey Label Genesis_V1.png,Labels/fulls/Genesis_MegaDrive/arcus-odyssey-label-genesis-v1-genesis-megadrive-cartridge-label.png,Arcus Odyssey Label Genesis V1,1049853
Labels/fulls/Genesis_MegaDrive/Arcus Odyssey Label Genesis_V2.png,Labels/fulls/Genesis_MegaDrive/arcus-odyssey-label-genesis-v2-genesis-megadrive-cartridge-label.png,Arcus Odyssey Label Genesis V2,2640784
Labels/fulls/Genesis_MegaDrive/Batman Genesis_V1.png,Labels/fulls/Genesis_MegaDrive/batman-genesis-v1-genesis-megadrive-cartridge-label.png,Batman Genesis V1,1193002
Labels/fulls/Genesis_MegaDrive/Batman Revenge of the Joker _genesis_v1.png,Labels/fulls/Genesis_MegaDrive/batman-revenge-of-the-joker-genesis-v1-genesis-megadrive-cartridge-label.png,Batman Revenge of the Joker  genesis v1,3128354
Labels/fulls/Genesis_MegaDrive/Batman Revenge of the Joker _genesis_v2.png,Labels/fulls/Genesis_MegaDrive/batman-revenge-of-the-joker-genesis-v2-genesis-megadrive-cartridge-label.png,Batman Revenge of the Joker  genesis v2,471951
Labels/fulls/Genesis_MegaDrive/Battletoads Genesis_V1.png,Labels/fulls/Genesis_MegaDrive/battletoads-genesis-v1-genesis-megadrive-cartridge-label.png,Battletoads Genesis V1,1299398
Labels/fulls/Genesis_MegaDrive/Battletoads Genesis_V2.png,Labels/fulls/Genesis_MegaDrive/battletoads-genesis-v2-genesis-megadrive-cartridge-label.png,Battletoads Genesis V2,3159878
Labels/fulls/Genesis_MegaDrive/BurningForce Genesis_V1.png,Labels/fulls/Genesis_MegaDrive/burningforce-genesis-v1-genesis-megadrive-cartridge-label.png,BurningForce Genesis V1,3691143
Labels/fulls/Genesis_MegaDrive/BurningForce Genesis_V2.png,Labels/fulls/Genesis_MegaDrive/burningforce-genesis-v2-genesis-megadrive-cartridge-label.png,BurningForce Genesis V2,4374499
Labels/fulls/Genesis_MegaDrive/castlevaniaBloodlinesRedLabel.png,Labels/fulls/Genesis_MegaDrive/castlevaniabloodlinesredlabel-genesis-megadrive-cartridge-label.png,castlevaniaBloodlinesRedLabel,4026914
Labels/fulls/Genesis_MegaDrive/castlevaniaBloodlinesRedLabel2.png,Labels/fulls/Genesis_MegaDrive/castlevaniabloodlinesredlabel2-genesis-megadrive-cartridge-label.png,castlevaniaBloodlinesRedLabel2,4963323
Labels/fulls/Genesis_MegaDrive/castlevaniaBloodlinesRedLabel3.png,Labels/fulls/Genesis_MegaDrive/castlevaniabloodlinesredlabel3-genesis-megadrive-cartridge-label.png,castlevaniaBloodlinesRedLabel3,3166995
Labels/fulls/Genesis_MegaDrive/Cave Story _V1_Genesis.png,Labels/fulls/Genesis_MegaDrive/cave-story-v1-genesis-genesis-megadrive-cartridge-label.png,Cave Story  V1 Genesis,1960783
Labels/fulls/Genesis_MegaDrive/comix zone alt 3  genLabel.png,Labels/fulls/Genesis_MegaDrive/comix-zone-alt-3-genlabel-genesis-megadrive-cartridge-label.png,comix zone alt 3  genLabel,2900592
Labels/fulls/Genesis_MegaDrive/comixzoneblacklabel2.png,Labels/fulls/Genesis_MegaDrive/comixzoneblacklabel2-genesis-megadrive-cartridge-label.png,comixzoneblacklabel2,2893786
Labels/fulls/Genesis_MegaDrive/ComixZoneLabel.png,Labels/fulls/Genesis_MegaDrive/comixzonelabel-genesis-megadrive-cartridge-label.png,ComixZoneLabel,4536768
Labels/fulls/Genesis_MegaDrive/ComixZoneRedLabel.png,Labels/fulls/Genesis_MegaDrive/comixzoneredlabel-genesis-megadrive-cartridge-label.png,ComixZoneRedLabel,5117815
Labels/fulls/Genesis_MegaDrive/Crusader of Centy.png,Labels/fulls/Genesis_MegaDrive/crusader-of-centy-genesis-megadrive-cartridge-label.png,Crusader of Centy,4659183
Labels/fulls/Genesis_MegaDrive/Darxide.png,Labels/fulls/Genesis_MegaDrive/darxide-genesis-megadrive-cartridge-label.png,Darxide,1896586
Labels/fulls/Genesis_MegaDrive/DazeBeforeChristmas_V1.png,Labels/fulls/Genesis_MegaDrive/dazebeforechristmas-v1-genesis-megadrive-cartridge-label.png,DazeBeforeChristmas V1,2457708
Labels/fulls/Genesis_MegaDrive/DazeBeforeChristmas_V2.png,Labels/fulls/Genesis_MegaDrive/dazebeforechristmas-v2-genesis-megadrive-cartridge-label.png,DazeBeforeChristmas V2,2572254
Labels/fulls/Genesis_MegaDrive/DazeBeforeChristmas_V3.png,Labels/fulls/Genesis_MegaDrive/dazebeforechristmas-v3-genesis-megadrive-cartridge-label.png,DazeBeforeChristmas V3,1921331
Labels/fulls/Genesis_MegaDrive/Demolition Man V2.png,Labels/fulls/Genesis_MegaDrive/demolition-man-v2-genesis-megadrive-cartridge-label.png,Demolition Man V2,2575104
Labels/fulls/Genesis_MegaDrive/Demolition Man V3.png,Labels/fulls/Genesis_MegaDrive/demolition-man-v3-genesis-megadrive-cartridge-label.png,Demolition Man V3,3082756
Labels/fulls/Genesis_MegaDrive/Demolition Man.png,Labels/fulls/Genesis_MegaDrive/demolition-man-genesis-megadrive-cartridge-label.png,Demolition Man,791035
Labels/fulls/Genesis_MegaDrive/Dick Tracy_V1.png,Labels/fulls/Genesis_MegaDrive/dick-tracy-v1-genesis-megadrive-cartridge-label.png,Dick Tracy V1,2384395
Labels/fulls/Genesis_MegaDrive/DoomRedLabel.png,Labels/fulls/Genesis_MegaDrive/doomredlabel-genesis-megadrive-cartridge-label.png,DoomRedLabel,3546135
Labels/fulls/Genesis_MegaDrive/DrRobotniksMeanBeanMachine_V1.png,Labels/fulls/Genesis_MegaDrive/drrobotniksmeanbeanmachine-v1-genesis-megadrive-cartridge-label.png,DrRobotniksMeanBeanMachine V1,2052070
Labels/fulls/Genesis_MegaDrive/Earthworm Jim _V3.png,Labels/fulls/Genesis_MegaDrive/earthworm-jim-v3-genesis-megadrive-cartridge-label.png,Earthworm Jim  V3,4495839
Labels/fulls/Genesis_MegaDrive/Earthworm Jim_V1.png,Labels/fulls/Genesis_MegaDrive/earthworm-jim-v1-genesis-megadrive-cartridge-label.png,Earthworm Jim V1,3440515
Labels/fulls/Genesis_MegaDrive/Earthworm Jim_V2.png,Labels/fulls/Genesis_MegaDrive/earthworm-jim-v2-genesis-megadrive-cartridge-label.png,Earthworm Jim V2,3705939
Labels/fulls/Genesis_MegaDrive/EliminateDown_V1.png,Labels/fulls/Genesis_MegaDrive/eliminatedown-v1-genesis-megadrive-cartridge-label.png,EliminateDown V1,2840672
Labels/fulls/Genesis_MegaDrive/EliminateDown_V2.png,Labels/fulls/Genesis_MegaDrive/eliminatedown-v2-genesis-megadrive-cartridge-label.png,EliminateDown V2,4320705
Labels/fulls/Genesis_MegaDrive/EliminateDown_V3.png,Labels/fulls/Genesis_MegaDrive/eliminatedown-v3-genesis-megadrive-cartridge-label.png,EliminateDown V3,3376257
Labels/fulls/Genesis_MegaDrive/EliminateDown_V4.png,Labels/fulls/Genesis_MegaDrive/eliminatedown-v4-genesis-megadrive-cartridge-label.png,EliminateDown V4,3746211
Labels/fulls/Genesis_MegaDrive/Eternal Champions _Genesis_V1.png,Labels/fulls/Genesis_MegaDrive/eternal-champions-genesis-v1-genesis-megadrive-cartridge-label.png,Eternal Champions  Genesis V1,2623107
Labels/fulls/Genesis_MegaDrive/Felix the Cat _V1_Genesis.png,Labels/fulls/Genesis_MegaDrive/felix-the-cat-v1-genesis-genesis-megadrive-cartridge-label.png,Felix the Cat  V1 Genesis,934131
Labels/fulls/Genesis_MegaDrive/Felix the Cat _V2_Genesis.png,Labels/fulls/Genesis_MegaDrive/felix-the-cat-v2-genesis-genesis-megadrive-cartridge-label.png,Felix the Cat  V2 Genesis,2373262
Labels/fulls/Genesis_MegaDrive/Felix the Cat _V3_Genesis.png,Labels/fulls/Genesis_MegaDrive/felix-the-cat-v3-genesis-genesis-megadrive-cartridge-label.png,Felix the Cat  V3 Genesis,2544779
Labels/fulls/Genesis_MegaDrive/Fireshark_02.png,Labels/fulls/Genesis_MegaDrive/fireshark-02-genesis-megadrive-cartridge-label.png,Fireshark 02,5378393
Labels/fulls/Genesis_MegaDrive/Fireshark_03.png,Labels/fulls/Genesis_MegaDrive/fireshark-03-genesis-megadrive-cartridge-label.png,Fireshark 03,4556734
Labels/fulls/Genesis_MegaDrive/Firesharl_01.png,Labels/fulls/Genesis_MegaDrive/firesharl-01-genesis-megadrive-cartridge-label.png,Firesharl 01,5483646
Labels/fulls/Genesis_MegaDrive/Gaiares_V1.png,Labels/fulls/Genesis_MegaDrive/gaiares-v1-genesis-megadrive-cartridge-label.png,Gaiares V1,1032902
Labels/fulls/Genesis_MegaDrive/Gaiares_V2.png,Labels/fulls/Genesis_MegaDrive/gaiares-v2-genesis-megadrive-cartridge-label.png,Gaiares V2,2856164
Labels/fulls/Genesis_MegaDrive/Gaiares_V3.png,Labels/fulls/Genesis_MegaDrive/gaiares-v3-genesis-megadrive-cartridge-label.png,Gaiares V3,5109494
Labels/fulls/Genesis_MegaDrive/Gaiares_V4.png,Labels/fulls/Genesis_MegaDrive/gaiares-v4-genesis-megadrive-cartridge-label.png,Gaiares V4,2487653
Labels/fulls/Genesis_MegaDrive/Gaiares_V5.png,Labels/fulls/Genesis_MegaDrive/gaiares-v5-genesis-megadrive-cartridge-label.png,Gaiares V5,3865656
Labels/fulls/Genesis_MegaDrive/Gaiares_V6.png,Labels/fulls/Genesis_MegaDrive/gaiares-v6-genesis-megadrive-cartridge-label.png,Gaiares V6,2247299
Labels/fulls/Genesis_MegaDrive/Gaiares_V7.png,Labels/fulls/Genesis_MegaDrive/gaiares-v7-genesis-megadrive-cartridge-label.png,Gaiares V7,3207446
Labels/fulls/Genesis_MegaDrive/Gargoyles _genesis_v1.png,Labels/fulls/Genesis_MegaDrive/gargoyles-genesis-v1-genesis-megadrive-cartridge-label.png,Gargoyles  genesis v1,337342
Labels/fulls/Genesis_MegaDrive/Genesis_Sonic and Knuckles Layout.png,Labels/fulls/Genesis_MegaDrive/genesis-sonic-and-knuckles-layout-genesis-megadrive-cartridge-label.png,Genesis Sonic and Knuckles Layout,673697
Labels/fulls/Genesis_MegaDrive/GhostBusters _V1_Genesis.png,Labels/fulls/Genesis_MegaDrive/ghostbusters-v1-genesis-genesis-megadrive-cartridge-label.png,GhostBusters  V1 Genesis,411826
Labels/fulls/Genesis_MegaDrive/GhostBusters _V2_Genesis.png,Labels/fulls/Genesis_MegaDrive/ghostbusters-v2-genesis-genesis-megadrive-cartridge-label.png,GhostBusters  V2 Genesis,1928658
Labels/fulls/Genesis_MegaDrive/GhostBusters _V3_Genesis.png,Labels/fulls/Genesis_MegaDrive/ghostbusters-v3-genesis-genesis-megadrive-cartridge-label.png,GhostBusters  V3 Genesis,1169898
Labels/fulls/Genesis_MegaDrive/ghouls-n-ghosts_Label.png,Labels/fulls/Genesis_MegaDrive/ghouls-n-ghosts-label-genesis-megadrive-cartridge-label.png,ghouls n ghosts Label,3308408
Labels/fulls/Genesis_MegaDrive/GhoulsN Ghosts _genesis_v2.png,Labels/fulls/Genesis_MegaDrive/ghoulsn-ghosts-genesis-v2-genesis-megadrive-cartridge-label.png,GhoulsN Ghosts  genesis v2,246801
Labels/fulls/Genesis_MegaDrive/GhoulsN Ghosts _genesis_v3.png,Labels/fulls/Genesis_MegaDrive/ghoulsn-ghosts-genesis-v3-genesis-megadrive-cartridge-label.png,GhoulsN Ghosts  genesis v3,1206372
Labels/fulls/Genesis_MegaDrive/GoldenAxeRedLabel.png,Labels/fulls/Genesis_MegaDrive/goldenaxeredlabel-genesis-megadrive-cartridge-label.png,GoldenAxeRedLabel,3840364
Labels/fulls/Genesis_MegaDrive/Growl.png,Labels/fulls/Genesis_MegaDrive/growl-genesis-megadrive-cartridge-label.png,Growl,5164008
Labels/fulls/Genesis_MegaDrive/gshBlack_Label.png,Labels/fulls/Genesis_MegaDrive/gshblack-label-genesis-megadrive-cartridge-label.png,gshBlack Label,3668652
Labels/fulls/Genesis_MegaDrive/Gunship _V1_Genesis.png,Labels/fulls/Genesis_MegaDrive/gunship-v1-genesis-genesis-megadrive-cartridge-label.png,Gunship  V1 Genesis,2651740
Labels/fulls/Genesis_MegaDrive/GunstarHeroes_Label.png,Labels/fulls/Genesis_MegaDrive/gunstarheroes-label-genesis-megadrive-cartridge-label.png,GunstarHeroes Label,2592502
Labels/fulls/Genesis_MegaDrive/LandStalker_V1.png,Labels/fulls/Genesis_MegaDrive/landstalker-v1-genesis-megadrive-cartridge-label.png,LandStalker V1,2908683
Labels/fulls/Genesis_MegaDrive/LandStalker_V2.png,Labels/fulls/Genesis_MegaDrive/landstalker-v2-genesis-megadrive-cartridge-label.png,LandStalker V2,3782063
Labels/fulls/Genesis_MegaDrive/LandStalker_V3.png,Labels/fulls/Genesis_MegaDrive/landstalker-v3-genesis-megadrive-cartridge-label.png,LandStalker V3,3213059
Labels/fulls/Genesis_MegaDrive/Maximum Carnage.png,Labels/fulls/Genesis_MegaDrive/maximum-carnage-genesis-megadrive-cartridge-label.png,Maximum Carnage,2684224
Labels/fulls/Genesis_MegaDrive/Maximum CarnageV2.png,Labels/fulls/Genesis_MegaDrive/maximum-carnagev2-genesis-megadrive-cartridge-label.png,Maximum CarnageV2,2476867
Labels/fulls/Genesis_MegaDrive/Maximum CarnageV3.png,Labels/fulls/Genesis_MegaDrive/maximum-carnagev3-genesis-megadrive-cartridge-label.png,Maximum CarnageV3,3049024
Labels/fulls/Genesis_MegaDrive/Maximum CarnageV4.png,Labels/fulls/Genesis_MegaDrive/maximum-carnagev4-genesis-megadrive-cartridge-label.png,Maximum CarnageV4,3341826
Labels/fulls/Genesis_MegaDrive/Maximum CarnageV5.png,Labels/fulls/Genesis_MegaDrive/maximum-carnagev5-genesis-megadrive-cartridge-label.png,Maximum CarnageV5,2808188
Labels/fulls/Genesis_MegaDrive/Maximum CarnageV6.png,Labels/fulls/Genesis_MegaDrive/maximum-carnagev6-genesis-megadrive-cartridge-label.png,Maximum CarnageV6,2342450
Labels/fulls/Genesis_MegaDrive/MaximumCarnageV6.png,Labels/fulls/Genesis_MegaDrive/maximumcarnagev6-genesis-megadrive-cartridge-label.png,MaximumCarnageV6,2134555
Labels/fulls/Genesis_MegaDrive/mega-everdrive.jpg,Labels/fulls/Genesis_MegaDrive/mega-everdrive-genesis-megadrive-cartridge-label.jpg,mega everdrive,1588480
Labels/fulls/Genesis_MegaDrive/MegaManLabel.png,Labels/fulls/Genesis_MegaDrive/megamanlabel-genesis-megadrive-cartridge-label.png,MegaManLabel,1180387
Labels/fulls/Genesis_MegaDrive/Metal Gear _V1_Genesis.png,Labels/fulls/Genesis_MegaDrive/metal-gear-v1-genesis-genesis-megadrive-cartridge-label.png,Metal Gear  V1 Genesis,4244531
Labels/fulls/Genesis_MegaDrive/Metal Gear _V2_Genesis.png,Labels/fulls/Genesis_MegaDrive/metal-gear-v2-genesis-genesis-megadrive-cartridge-label.png,Metal Gear  V2 Genesis,2667130
Labels/fulls/Genesis_MegaDrive/Metal Gear _V3_Genesis.png,Labels/fulls/Genesis_MegaDrive/metal-gear-v3-genesis-genesis-megadrive-cartridge-label.png,Metal Gear  V3 Genesis,1707228
Labels/fulls/Genesis_MegaDrive/Michael Jacksons Moonwalker _genesis_v2.png,Labels/fulls/Genesis_MegaDrive/michael-jacksons-moonwalker-genesis-v2-genesis-megadrive-cartridge-label.png,Michael Jacksons Moonwalker  genesis v2,673764
Labels/fulls/Genesis_MegaDrive/Minecraft  _V2_Genesis.png,Labels/fulls/Genesis_MegaDrive/minecraft-v2-genesis-genesis-megadrive-cartridge-label.png,Minecraft   V2 Genesis,2150601
Labels/fulls/Genesis_MegaDrive/Minecraft  _V3_Genesis.png,Labels/fulls/Genesis_MegaDrive/minecraft-v3-genesis-genesis-megadrive-cartridge-label.png,Minecraft   V3 Genesis,2900967
Labels/fulls/Genesis_MegaDrive/Minecraft _V1_Genesis.png,Labels/fulls/Genesis_MegaDrive/minecraft-v1-genesis-genesis-megadrive-cartridge-label.png,Minecraft  V1 Genesis,444098
Labels/fulls/Genesis_MegaDrive/mjmoonwalkerlabelV2(fixed version).png,Labels/fulls/Genesis_MegaDrive/mjmoonwalkerlabelv2-fixed-version-genesis-megadrive-cartridge-label.png,mjmoonwalkerlabelV2(fixed version),2109430
Labels/fulls/Genesis_MegaDrive/MoonweawalkerRedLabel.png,Labels/fulls/Genesis_MegaDrive/moonweawalkerredlabel-genesis-megadrive-cartridge-label.png,MoonweawalkerRedLabel,1517647
Labels/fulls/Genesis_MegaDrive/out of thei s world label.png,Labels/fulls/Genesis_MegaDrive/out-of-thei-s-world-label-genesis-megadrive-cartridge-label.png,out of thei s world label,2542812
Labels/fulls/Genesis_MegaDrive/Phantasy Star Collection _V1.png,Labels/fulls/Genesis_MegaDrive/phantasy-star-collection-v1-genesis-megadrive-cartridge-label.png,Phantasy Star Collection  V1,2552572
Labels/fulls/Genesis_MegaDrive/Phantasy Star II_BLACK_Label.png,Labels/fulls/Genesis_MegaDrive/phantasy-star-ii-black-label-genesis-megadrive-cartridge-label.png,Phantasy Star II BLACK Label,4174254
Labels/fulls/Genesis_MegaDrive/Phantasy Star II_Label.png,Labels/fulls/Genesis_MegaDrive/phantasy-star-ii-label-genesis-megadrive-cartridge-label.png,Phantasy Star II Label,3245046
Labels/fulls/Genesis_MegaDrive/Phantom2040_V2.png,Labels/fulls/Genesis_MegaDrive/phantom2040-v2-genesis-megadrive-cartridge-label.png,Phantom2040 V2,2651663
Labels/fulls/Genesis_MegaDrive/Phantom2040_V3.png,Labels/fulls/Genesis_MegaDrive/phantom2040-v3-genesis-megadrive-cartridge-label.png,Phantom2040 V3,3251470
Labels/fulls/Genesis_MegaDrive/Phantom2040_V4.png,Labels/fulls/Genesis_MegaDrive/phantom2040-v4-genesis-megadrive-cartridge-label.png,Phantom2040 V4,3911533
Labels/fulls/Genesis_MegaDrive/Phantpm2040_V1.png,Labels/fulls/Genesis_MegaDrive/phantpm2040-v1-genesis-megadrive-cartridge-label.png,Phantpm2040 V1,2496464
Labels/fulls/Genesis_MegaDrive/Power Drive _V1.png,Labels/fulls/Genesis_MegaDrive/power-drive-v1-genesis-megadrive-cartridge-label.png,Power Drive  V1,4774049
Labels/fulls/Genesis_MegaDrive/Power Drive _V1_Genesis.png,Labels/fulls/Genesis_MegaDrive/power-drive-v1-genesis-genesis-megadrive-cartridge-label.png,Power Drive  V1 Genesis,3617399
Labels/fulls/Genesis_MegaDrive/Power Drive _V2_Genesis.png,Labels/fulls/Genesis_MegaDrive/power-drive-v2-genesis-genesis-megadrive-cartridge-label.png,Power Drive  V2 Genesis,4670365
Labels/fulls/Genesis_MegaDrive/psiiMDred_Label.png,Labels/fulls/Genesis_MegaDrive/psiimdred-label-genesis-megadrive-cartridge-label.png,psiiMDred Label,4067310
Labels/fulls/Genesis_MegaDrive/psiired_Label.png,Labels/fulls/Genesis_MegaDrive/psiired-label-genesis-megadrive-cartridge-label.png,psiired Label,3604731
Labels/fulls/Genesis_MegaDrive/PunisherLabel.png,Labels/fulls/Genesis_MegaDrive/punisherlabel-genesis-megadrive-cartridge-label.png,PunisherLabel,2649042
Labels/fulls/Genesis_MegaDrive/PunisherLabel_02.png,Labels/fulls/Genesis_MegaDrive/punisherlabel-02-genesis-megadrive-cartridge-label.png,PunisherLabel 02,3496951
Labels/fulls/Genesis_MegaDrive/PunisherLabel_03.png,Labels/fulls/Genesis_MegaDrive/punisherlabel-03-genesis-megadrive-cartridge-label.png,PunisherLabel 03,3203776
Labels/fulls/Genesis_MegaDrive/PunisherLabel_04.png,Labels/fulls/Genesis_MegaDrive/punisherlabel-04-genesis-megadrive-cartridge-label.png,PunisherLabel 04,3651708
Labels/fulls/Genesis_MegaDrive/PunisherLabel_05.png,Labels/fulls/Genesis_MegaDrive/punisherlabel-05-genesis-megadrive-cartridge-label.png,PunisherLabel 05,1909256
Labels/fulls/Genesis_MegaDrive/RaidenTrad_V1.png,Labels/fulls/Genesis_MegaDrive/raidentrad-v1-genesis-megadrive-cartridge-label.png,RaidenTrad V1,4489239
Labels/fulls/Genesis_MegaDrive/RaidenTrad_V2.png,Labels/fulls/Genesis_MegaDrive/raidentrad-v2-genesis-megadrive-cartridge-label.png,RaidenTrad V2,3989329
Labels/fulls/Genesis_MegaDrive/RaidenTrad_V3.png,Labels/fulls/Genesis_MegaDrive/raidentrad-v3-genesis-megadrive-cartridge-label.png,RaidenTrad V3,1879927
Labels/fulls/Genesis_MegaDrive/RaidenTrad_V4.png,Labels/fulls/Genesis_MegaDrive/raidentrad-v4-genesis-megadrive-cartridge-label.png,RaidenTrad V4,3347794
Labels/fulls/Genesis_MegaDrive/Rainbow Islands  _V1_Genesis.png,Labels/fulls/Genesis_MegaDrive/rainbow-islands-v1-genesis-genesis-megadrive-cartridge-label.png,Rainbow Islands   V1 Genesis,3789410
Labels/fulls/Genesis_MegaDrive/Rainbow Islands  _V3_Genesis.png,Labels/fulls/Genesis_MegaDrive/rainbow-islands-v3-genesis-genesis-megadrive-cartridge-label.png,Rainbow Islands   V3 Genesis,2775019
Labels/fulls/Genesis_MegaDrive/Rainbow Islands _V2.png,Labels/fulls/Genesis_MegaDrive/rainbow-islands-v2-genesis-megadrive-cartridge-label.png,Rainbow Islands  V2,3413550
Labels/fulls/Genesis_MegaDrive/RevengeofShinobiRedLabel.png,Labels/fulls/Genesis_MegaDrive/revengeofshinobiredlabel-genesis-megadrive-cartridge-label.png,RevengeofShinobiRedLabel,2130691
Labels/fulls/Genesis_MegaDrive/Robocop Versus The Terminator _V1.png,Labels/fulls/Genesis_MegaDrive/robocop-versus-the-terminator-v1-genesis-megadrive-cartridge-label.png,Robocop Versus The Terminator  V1,1618918
Labels/fulls/Genesis_MegaDrive/Robocop Versus The Terminator _V2.png,Labels/fulls/Genesis_MegaDrive/robocop-versus-the-terminator-v2-genesis-megadrive-cartridge-label.png,Robocop Versus The Terminator  V2,3580877
Labels/fulls/Genesis_MegaDrive/Robocop Versus The Terminator _V3.png,Labels/fulls/Genesis_MegaDrive/robocop-versus-the-terminator-v3-genesis-megadrive-cartridge-label.png,Robocop Versus The Terminator  V3,3263288
Labels/fulls/Genesis_MegaDrive/Robocop Versus The Terminator _V4.png,Labels/fulls/Genesis_MegaDrive/robocop-versus-the-terminator-v4-genesis-megadrive-cartridge-label.png,Robocop Versus The Terminator  V4,3995118
Labels/fulls/Genesis_MegaDrive/Robocop Versus The Terminator _V5.png,Labels/fulls/Genesis_MegaDrive/robocop-versus-the-terminator-v5-genesis-megadrive-cartridge-label.png,Robocop Versus The Terminator  V5,3403914
Labels/fulls/Genesis_MegaDrive/Robocop Versus The Terminator _V6.png,Labels/fulls/Genesis_MegaDrive/robocop-versus-the-terminator-v6-genesis-megadrive-cartridge-label.png,Robocop Versus The Terminator  V6,5112342
Labels/fulls/Genesis_MegaDrive/Sagaia _V1_Genesis.png,Labels/fulls/Genesis_MegaDrive/sagaia-v1-genesis-genesis-megadrive-cartridge-label.png,Sagaia  V1 Genesis,3474097
Labels/fulls/Genesis_MegaDrive/SamshoAlternateLabel.png,Labels/fulls/Genesis_MegaDrive/samshoalternatelabel-genesis-megadrive-cartridge-label.png,SamshoAlternateLabel,2489167
Labels/fulls/Genesis_MegaDrive/SamshoBlackLabel.png,Labels/fulls/Genesis_MegaDrive/samshoblacklabel-genesis-megadrive-cartridge-label.png,SamshoBlackLabel,4501493
Labels/fulls/Genesis_MegaDrive/SamshoLabel.png,Labels/fulls/Genesis_MegaDrive/samsholabel-genesis-megadrive-cartridge-label.png,SamshoLabel,4041255
Labels/fulls/Genesis_MegaDrive/shadowrun_label.jpg,Labels/fulls/Genesis_MegaDrive/shadowrun-label-genesis-megadrive-cartridge-label.jpg,shadowrun label,961630
Labels/fulls/Genesis_MegaDrive/shadowrunredlabel.png,Labels/fulls/Genesis_MegaDrive/shadowrunredlabel-genesis-megadrive-cartridge-label.png,shadowrunredlabel,3418887
Labels/fulls/Genesis_MegaDrive/shadowrunredlabel2.png,Labels/fulls/Genesis_MegaDrive/shadowrunredlabel2-genesis-megadrive-cartridge-label.png,shadowrunredlabel2,3195212
Labels/fulls/Genesis_MegaDrive/ShiningForce_Label.png,Labels/fulls/Genesis_MegaDrive/shiningforce-label-genesis-megadrive-cartridge-label.png,ShiningForce Label,4057789
Labels/fulls/Genesis_MegaDrive/ShininginthedarknessLabel.png,Labels/fulls/Genesis_MegaDrive/shininginthedarknesslabel-genesis-megadrive-cartridge-label.png,ShininginthedarknessLabel,3354794
Labels/fulls/Genesis_MegaDrive/Smurfs_V1.png,Labels/fulls/Genesis_MegaDrive/smurfs-v1-genesis-megadrive-cartridge-label.png,Smurfs V1,2213813
Labels/fulls/Genesis_MegaDrive/Smurfs_V2.png,Labels/fulls/Genesis_MegaDrive/smurfs-v2-genesis-megadrive-cartridge-label.png,Smurfs V2,2522638
Labels/fulls/Genesis_MegaDrive/Smurfs_V3.png,Labels/fulls/Genesis_MegaDrive/smurfs-v3-genesis-megadrive-cartridge-label.png,Smurfs V3,2351330
Labels/fulls/Genesis_MegaDrive/SolDeace_labelV1.png,Labels/fulls/Genesis_MegaDrive/soldeace-labelv1-genesis-megadrive-cartridge-label.png,SolDeace labelV1,1166793
Labels/fulls/Genesis_MegaDrive/Sonic & Knuckles_genesis_V0.png,Labels/fulls/Genesis_MegaDrive/sonic-and-knuckles-genesis-v0-genesis-megadrive-cartridge-label.png,Sonic & Knuckles genesis V0,238537
Labels/fulls/Genesis_MegaDrive/Sonic & Knuckles_genesis_V1.png,Labels/fulls/Genesis_MegaDrive/sonic-and-knuckles-genesis-v1-genesis-megadrive-cartridge-label.png,Sonic & Knuckles genesis V1,673697
Labels/fulls/Genesis_MegaDrive/Sonic & Knuckles_genesis_V2.png,Labels/fulls/Genesis_MegaDrive/sonic-and-knuckles-genesis-v2-genesis-megadrive-cartridge-label.png,Sonic & Knuckles genesis V2,237765
Labels/fulls/Genesis_MegaDrive/Sonic & Knuckles_genesis_V3.png,Labels/fulls/Genesis_MegaDrive/sonic-and-knuckles-genesis-v3-genesis-megadrive-cartridge-label.png,Sonic & Knuckles genesis V3,238522
Labels/fulls/Genesis_MegaDrive/Sonic Spinball_V1.jpg,Labels/fulls/Genesis_MegaDrive/sonic-spinball-v1-genesis-megadrive-cartridge-label.jpg,Sonic Spinball V1,349712
Labels/fulls/Genesis_MegaDrive/Sonic the Hedgehog 2 V.1.png,Labels/fulls/Genesis_MegaDrive/sonic-the-hedgehog-2-v-1-genesis-megadrive-cartridge-label.png,Sonic the Hedgehog 2 V.1,2108035
Labels/fulls/Genesis_MegaDrive/Sonic the Hedgehog 2 V.2.png,Labels/fulls/Genesis_MegaDrive/sonic-the-hedgehog-2-v-2-genesis-megadrive-cartridge-label.png,Sonic the Hedgehog 2 V.2,3096340
Labels/fulls/Genesis_MegaDrive/Sonic the Hedgehog 2 V.3.png,Labels/fulls/Genesis_MegaDrive/sonic-the-hedgehog-2-v-3-genesis-megadrive-cartridge-label.png,Sonic the Hedgehog 2 V.3,2499692
Labels/fulls/Genesis_MegaDrive/Sonic the Hedgehog 2 V.4.jpg,Labels/fulls/Genesis_MegaDrive/sonic-the-hedgehog-2-v-4-genesis-megadrive-cartridge-label.jpg,Sonic the Hedgehog 2 V.4,258529
Labels/fulls/Genesis_MegaDrive/Sonic the Hedgehog 3 _genesis_v3.png,Labels/fulls/Genesis_MegaDrive/sonic-the-hedgehog-3-genesis-v3-genesis-megadrive-cartridge-label.png,Sonic the Hedgehog 3  genesis v3,351549
Labels/fulls/Genesis_MegaDrive/Sonic The Hedgehog 3_V1.png,Labels/fulls/Genesis_MegaDrive/sonic-the-hedgehog-3-v1-genesis-megadrive-cartridge-label.png,Sonic The Hedgehog 3 V1,3004230
Labels/fulls/Genesis_MegaDrive/Sonic The Hedgehog 3_V2.png,Labels/fulls/Genesis_MegaDrive/sonic-the-hedgehog-3-v2-genesis-megadrive-cartridge-label.png,Sonic The Hedgehog 3 V2,3023827
Labels/fulls/Genesis_MegaDrive/Sonic the Hedgehog _genesis_v2.png,Labels/fulls/Genesis_MegaDrive/sonic-the-hedgehog-genesis-v2-genesis-megadrive-cartridge-label.png,Sonic the Hedgehog  genesis v2,615584
Labels/fulls/Genesis_MegaDrive/Sonic the Hedgehog _genesis_v3.png,Labels/fulls/Genesis_MegaDrive/sonic-the-hedgehog-genesis-v3-genesis-megadrive-cartridge-label.png,Sonic the Hedgehog  genesis v3,72843
Labels/fulls/Genesis_MegaDrive/Sonic The Hedgehog_V0.png,Labels/fulls/Genesis_MegaDrive/sonic-the-hedgehog-v0-genesis-megadrive-cartridge-label.png,Sonic The Hedgehog V0,2191132
Labels/fulls/Genesis_MegaDrive/Sonic The Hedgehog_V1.png,Labels/fulls/Genesis_MegaDrive/sonic-the-hedgehog-v1-genesis-megadrive-cartridge-label.png,Sonic The Hedgehog V1,2550936
Labels/fulls/Genesis_MegaDrive/Sonic The Hedgehog_V3.jpg,Labels/fulls/Genesis_MegaDrive/sonic-the-hedgehog-v3-genesis-megadrive-cartridge-label.jpg,Sonic The Hedgehog V3,637921
Labels/fulls/Genesis_MegaDrive/Sparkster_V1.png,Labels/fulls/Genesis_MegaDrive/sparkster-v1-genesis-megadrive-cartridge-label.png,Sparkster V1,3254294
Labels/fulls/Genesis_MegaDrive/Sparkster_V2.png,Labels/fulls/Genesis_MegaDrive/sparkster-v2-genesis-megadrive-cartridge-label.png,Sparkster V2,1228836
Labels/fulls/Genesis_MegaDrive/SplatterHouse2BlackRed.png,Labels/fulls/Genesis_MegaDrive/splatterhouse2blackred-genesis-megadrive-cartridge-label.png,SplatterHouse2BlackRed,2989222
Labels/fulls/Genesis_MegaDrive/SplatterHouse2GreenGutsLabel.png,Labels/fulls/Genesis_MegaDrive/splatterhouse2greengutslabel-genesis-megadrive-cartridge-label.png,SplatterHouse2GreenGutsLabel,3037014
Labels/fulls/Genesis_MegaDrive/Splatterhouse2v4_Label.png,Labels/fulls/Genesis_MegaDrive/splatterhouse2v4-label-genesis-megadrive-cartridge-label.png,Splatterhouse2v4 Label,3958614
Labels/fulls/Genesis_MegaDrive/SplatterHouse3Black.png,Labels/fulls/Genesis_MegaDrive/splatterhouse3black-genesis-megadrive-cartridge-label.png,SplatterHouse3Black,2141392
Labels/fulls/Genesis_MegaDrive/SplatterHouse3BloodRedLabel.png,Labels/fulls/Genesis_MegaDrive/splatterhouse3bloodredlabel-genesis-megadrive-cartridge-label.png,SplatterHouse3BloodRedLabel,2155582
Labels/fulls/Genesis_MegaDrive/SplatterHouse3Label.png,Labels/fulls/Genesis_MegaDrive/splatterhouse3label-genesis-megadrive-cartridge-label.png,SplatterHouse3Label,2481860
Labels/fulls/Genesis_MegaDrive/SplatterHouse3LabelGreenGuts.jpg,Labels/fulls/Genesis_MegaDrive/splatterhouse3labelgreenguts-genesis-megadrive-cartridge-label.jpg,SplatterHouse3LabelGreenGuts,898125
Labels/fulls/Genesis_MegaDrive/SplatterHouse3OGSTYLE.png,Labels/fulls/Genesis_MegaDrive/splatterhouse3ogstyle-genesis-megadrive-cartridge-label.png,SplatterHouse3OGSTYLE,2186189
Labels/fulls/Genesis_MegaDrive/splatterhouselabe01l.png,Labels/fulls/Genesis_MegaDrive/splatterhouselabe01l-genesis-megadrive-cartridge-label.png,splatterhouselabe01l,3024268
Labels/fulls/Genesis_MegaDrive/splatterhouselabe02.png,Labels/fulls/Genesis_MegaDrive/splatterhouselabe02-genesis-megadrive-cartridge-label.png,splatterhouselabe02,3002142
Labels/fulls/Genesis_MegaDrive/splatterhouselabel.png,Labels/fulls/Genesis_MegaDrive/splatterhouselabel-genesis-megadrive-cartridge-label.png,splatterhouselabel,3200232
Labels/fulls/Genesis_MegaDrive/splatterhouseLabel2.png,Labels/fulls/Genesis_MegaDrive/splatterhouselabel2-genesis-megadrive-cartridge-label.png,splatterhouseLabel2,3416100
Labels/fulls/Genesis_MegaDrive/Splatv4red_Label.png,Labels/fulls/Genesis_MegaDrive/splatv4red-label-genesis-megadrive-cartridge-label.png,Splatv4red Label,2770038
Labels/fulls/Genesis_MegaDrive/Street Fighter 2 Special Champion Edition _V1.png,Labels/fulls/Genesis_MegaDrive/street-fighter-2-special-champion-edition-v1-genesis-megadrive-cartridge-label.png,Street Fighter 2 Special Champion Edition  V1,3734456
Labels/fulls/Genesis_MegaDrive/Streets of Rage (Original).png,Labels/fulls/Genesis_MegaDrive/streets-of-rage-original-genesis-megadrive-cartridge-label.png,Streets of Rage (Original),3532302
Labels/fulls/Genesis_MegaDrive/StreetsofRage2Label_01.png,Labels/fulls/Genesis_MegaDrive/streetsofrage2label-01-genesis-megadrive-cartridge-label.png,StreetsofRage2Label 01,1860412
Labels/fulls/Genesis_MegaDrive/StreetsofRage2Label_02.png,Labels/fulls/Genesis_MegaDrive/streetsofrage2label-02-genesis-megadrive-cartridge-label.png,StreetsofRage2Label 02,2992394
Labels/fulls/Genesis_MegaDrive/StreetsofRage2Label_03.png,Labels/fulls/Genesis_MegaDrive/streetsofrage2label-03-genesis-megadrive-cartridge-label.png,StreetsofRage2Label 03,2224786
Labels/fulls/Genesis_MegaDrive/StreetsofRage3_Label.png,Labels/fulls/Genesis_MegaDrive/streetsofrage3-label-genesis-megadrive-cartridge-label.png,StreetsofRage3 Label,3042527
Labels/fulls/Genesis_MegaDrive/StreetsofRage3Label.png,Labels/fulls/Genesis_MegaDrive/streetsofrage3label-genesis-megadrive-cartridge-label.png,StreetsofRage3Label,1268819
Labels/fulls/Genesis_MegaDrive/StreetsofRage3Label02.png,Labels/fulls/Genesis_MegaDrive/streetsofrage3label02-genesis-megadrive-cartridge-label.png,StreetsofRage3Label02,3600219
Labels/fulls/Genesis_MegaDrive/StreetsofRage3Label03.png,Labels/fulls/Genesis_MegaDrive/streetsofrage3label03-genesis-megadrive-cartridge-label.png,StreetsofRage3Label03,2724759
Labels/fulls/Genesis_MegaDrive/StreetsofRage3Label04.png,Labels/fulls/Genesis_MegaDrive/streetsofrage3label04-genesis-megadrive-cartridge-label.png,StreetsofRage3Label04,3417766
Labels/fulls/Genesis_MegaDrive/StreetsofRage3Label05.png,Labels/fulls/Genesis_MegaDrive/streetsofrage3label05-genesis-megadrive-cartridge-label.png,StreetsofRage3Label05,2635672
Labels/fulls/Genesis_MegaDrive/StreetsofRage3LabelOG.png,Labels/fulls/Genesis_MegaDrive/streetsofrage3labelog-genesis-megadrive-cartridge-label.png,StreetsofRage3LabelOG,2897519
Labels/fulls/Genesis_MegaDrive/StreetsofRage3LabelOGV5.png,Labels/fulls/Genesis_MegaDrive/streetsofrage3labelogv5-genesis-megadrive-cartridge-label.png,StreetsofRage3LabelOGV5,3833982
Labels/fulls/Genesis_MegaDrive/streetsofrageLabel3.png,Labels/fulls/Genesis_MegaDrive/streetsofragelabel3-genesis-megadrive-cartridge-label.png,streetsofrageLabel3,3532211
Labels/fulls/Genesis_MegaDrive/streetsofrageLabelv2.png,Labels/fulls/Genesis_MegaDrive/streetsofragelabelv2-genesis-megadrive-cartridge-label.png,streetsofrageLabelv2,3980526
Labels/fulls/Genesis_MegaDrive/strider Label.png,Labels/fulls/Genesis_MegaDrive/strider-label-genesis-megadrive-cartridge-label.png,strider Label,2910697
Labels/fulls/Genesis_MegaDrive/strider red label.png,Labels/fulls/Genesis_MegaDrive/strider-red-label-genesis-megadrive-cartridge-label.png,strider red label,3173492
Labels/fulls/Genesis_MegaDrive/striderLabel_02.png,Labels/fulls/Genesis_MegaDrive/striderlabel-02-genesis-megadrive-cartridge-label.png,striderLabel 02,3921528
Labels/fulls/Genesis_MegaDrive/striderLabel_03.png,Labels/fulls/Genesis_MegaDrive/striderlabel-03-genesis-megadrive-cartridge-label.png,striderLabel 03,3327383
Labels/fulls/Genesis_MegaDrive/Super Street Fighter II _V1_Genesis.png,Labels/fulls/Genesis_MegaDrive/super-street-fighter-ii-v1-genesis-genesis-megadrive-cartridge-label.png,Super Street Fighter II  V1 Genesis,2159666
Labels/fulls/Genesis_MegaDrive/Super Street Fighter II _V2_Genesis.png,Labels/fulls/Genesis_MegaDrive/super-street-fighter-ii-v2-genesis-genesis-megadrive-cartridge-label.png,Super Street Fighter II  V2 Genesis,2032061
Labels/fulls/Genesis_MegaDrive/Super Street Fighter II _V3_Genesis.png,Labels/fulls/Genesis_MegaDrive/super-street-fighter-ii-v3-genesis-genesis-megadrive-cartridge-label.png,Super Street Fighter II  V3 Genesis,1180031
Labels/fulls/Genesis_MegaDrive/Sword of Vermilian V2.png,Labels/fulls/Genesis_MegaDrive/sword-of-vermilian-v2-genesis-megadrive-cartridge-label.png,Sword of Vermilian V2,3467839
Labels/fulls/Genesis_MegaDrive/Sword of Vermilian V3.png,Labels/fulls/Genesis_MegaDrive/sword-of-vermilian-v3-genesis-megadrive-cartridge-label.png,Sword of Vermilian V3,1405528
Labels/fulls/Genesis_MegaDrive/Sword of Vermilian V4.png,Labels/fulls/Genesis_MegaDrive/sword-of-vermilian-v4-genesis-megadrive-cartridge-label.png,Sword of Vermilian V4,1202137
Labels/fulls/Genesis_MegaDrive/Sword of Vermillian.png,Labels/fulls/Genesis_MegaDrive/sword-of-vermillian-genesis-megadrive-cartridge-label.png,Sword of Vermillian,4699006
Labels/fulls/Genesis_MegaDrive/Teenage Mutant Ninja Turtles Hyperstone Heist _V1.png,Labels/fulls/Genesis_MegaDrive/teenage-mutant-ninja-turtles-hyperstone-heist-v1-genesis-megadrive-cartridge-label.png,Teenage Mutant Ninja Turtles Hyperstone Heist  V1,6353787
Labels/fulls/Genesis_MegaDrive/Terminator.png,Labels/fulls/Genesis_MegaDrive/terminator-genesis-megadrive-cartridge-label.png,Terminator,2205644
Labels/fulls/Genesis_MegaDrive/The Adventures of BATMAN and ROBIN _md_v1.png,Labels/fulls/Genesis_MegaDrive/the-adventures-of-batman-and-robin-md-v1-genesis-megadrive-cartridge-label.png,The Adventures of BATMAN and ROBIN  md v1,882982
Labels/fulls/Genesis_MegaDrive/The Adventures of BATMAN and ROBIN _md_v2.png,Labels/fulls/Genesis_MegaDrive/the-adventures-of-batman-and-robin-md-v2-genesis-megadrive-cartridge-label.png,The Adventures of BATMAN and ROBIN  md v2,1125352
Labels/fulls/Genesis_MegaDrive/The Death and Return of Super-Man.png,Labels/fulls/Genesis_MegaDrive/the-death-and-return-of-super-man-genesis-megadrive-cartridge-label.png,The Death and Return of Super Man,2187387
Labels/fulls/Genesis_MegaDrive/The Immortal.png,Labels/fulls/Genesis_MegaDrive/the-immortal-genesis-megadrive-cartridge-label.png,The Immortal,4275190
Labels/fulls/Genesis_MegaDrive/The Incredible Hulk.png,Labels/fulls/Genesis_MegaDrive/the-incredible-hulk-genesis-megadrive-cartridge-label.png,The Incredible Hulk,3144852
Labels/fulls/Genesis_MegaDrive/The Incredible Hulk_V1.png,Labels/fulls/Genesis_MegaDrive/the-incredible-hulk-v1-genesis-megadrive-cartridge-label.png,The Incredible Hulk V1,3187148
Labels/fulls/Genesis_MegaDrive/The Last Battle _genesis_v1.png,Labels/fulls/Genesis_MegaDrive/the-last-battle-genesis-v1-genesis-megadrive-cartridge-label.png,The Last Battle  genesis v1,767141
Labels/fulls/Genesis_MegaDrive/The Lion King _genesis_v1.png,Labels/fulls/Genesis_MegaDrive/the-lion-king-genesis-v1-genesis-megadrive-cartridge-label.png,The Lion King  genesis v1,131091
Labels/fulls/Genesis_MegaDrive/The Lost Vikings _genesis_v1.png,Labels/fulls/Genesis_MegaDrive/the-lost-vikings-genesis-v1-genesis-megadrive-cartridge-label.png,The Lost Vikings  genesis v1,986226
Labels/fulls/Genesis_MegaDrive/The Lost World Jurassic Park.png,Labels/fulls/Genesis_MegaDrive/the-lost-world-jurassic-park-genesis-megadrive-cartridge-label.png,The Lost World Jurassic Park,2488748
Labels/fulls/Genesis_MegaDrive/The Lost World Jurassic ParkV2.png,Labels/fulls/Genesis_MegaDrive/the-lost-world-jurassic-parkv2-genesis-megadrive-cartridge-label.png,The Lost World Jurassic ParkV2,3138891
Labels/fulls/Genesis_MegaDrive/The Lost World Jurassic ParkV3.png,Labels/fulls/Genesis_MegaDrive/the-lost-world-jurassic-parkv3-genesis-megadrive-cartridge-label.png,The Lost World Jurassic ParkV3,3574279
Labels/fulls/Genesis_MegaDrive/The Lost World Jurassic ParkV4.png,Labels/fulls/Genesis_MegaDrive/the-lost-world-jurassic-parkv4-genesis-megadrive-cartridge-label.png,The Lost World Jurassic ParkV4,2729345
Labels/fulls/Genesis_MegaDrive/The Lost World Jurassic ParkV5.png,Labels/fulls/Genesis_MegaDrive/the-lost-world-jurassic-parkv5-genesis-megadrive-cartridge-label.png,The Lost World Jurassic ParkV5,3799643
Labels/fulls/Genesis_MegaDrive/ThunderforceIII_V1.png,Labels/fulls/Genesis_MegaDrive/thunderforceiii-v1-genesis-megadrive-cartridge-label.png,ThunderforceIII V1,4094071
Labels/fulls/Genesis_MegaDrive/ThunderforceIII_V2.png,Labels/fulls/Genesis_MegaDrive/thunderforceiii-v2-genesis-megadrive-cartridge-label.png,ThunderforceIII V2,3409883
Labels/fulls/Genesis_MegaDrive/ThunderforceIII_V3.png,Labels/fulls/Genesis_MegaDrive/thunderforceiii-v3-genesis-megadrive-cartridge-label.png,ThunderforceIII V3,684111
Labels/fulls/Genesis_MegaDrive/TMNTHH_Label.png,Labels/fulls/Genesis_MegaDrive/tmnthh-label-genesis-megadrive-cartridge-label.png,TMNTHH Label,6353220
Labels/fulls/Genesis_MegaDrive/TMNTHH_Label_2.png,Labels/fulls/Genesis_MegaDrive/tmnthh-label-2-genesis-megadrive-cartridge-label.png,TMNTHH Label 2,4517212
Labels/fulls/Genesis_MegaDrive/TMNTHH_Label_3.png,Labels/fulls/Genesis_MegaDrive/tmnthh-label-3-genesis-megadrive-cartridge-label.png,TMNTHH Label 3,4269865
Labels/fulls/Genesis_MegaDrive/TMNTHH_Label_4.png,Labels/fulls/Genesis_MegaDrive/tmnthh-label-4-genesis-megadrive-cartridge-label.png,TMNTHH Label 4,4472841
Labels/fulls/Genesis_MegaDrive/TMNTHH_Label_5.png,Labels/fulls/Genesis_MegaDrive/tmnthh-label-5-genesis-megadrive-cartridge-label.png,TMNTHH Label 5,4174713
Labels/fulls/Genesis_MegaDrive/TMNTHH_Label_6.png,Labels/fulls/Genesis_MegaDrive/tmnthh-label-6-genesis-megadrive-cartridge-label.png,TMNTHH Label 6,3605187
Labels/fulls/Genesis_MegaDrive/TMNTHH_Label_7.png,Labels/fulls/Genesis_MegaDrive/tmnthh-label-7-genesis-megadrive-cartridge-label.png,TMNTHH Label 7,3950083
Labels/fulls/Genesis_MegaDrive/Toejamandearllabel.png,Labels/fulls/Genesis_MegaDrive/toejamandearllabel-genesis-megadrive-cartridge-label.png,Toejamandearllabel,2698455
Labels/fulls/Genesis_MegaDrive/toxiccrusaders.png,Labels/fulls/Genesis_MegaDrive/toxiccrusaders-genesis-megadrive-cartridge-label.png,toxiccrusaders,4615507
Labels/fulls/Genesis_MegaDrive/traysia.png,Labels/fulls/Genesis_MegaDrive/traysia-genesis-megadrive-cartridge-label.png,traysia,3472381
Labels/fulls/Genesis_MegaDrive/TROUBLESHOOTERLabel.png,Labels/fulls/Genesis_MegaDrive/troubleshooterlabel-genesis-megadrive-cartridge-label.png,TROUBLESHOOTERLabel,5351701
Labels/fulls/Genesis_MegaDrive/troubleshooterredlabel.png,Labels/fulls/Genesis_MegaDrive/troubleshooterredlabel-genesis-megadrive-cartridge-label.png,troubleshooterredlabel,4954330
Labels/fulls/Genesis_MegaDrive/Truxton  _genesis_v2.png,Labels/fulls/Genesis_MegaDrive/truxton-genesis-v2-genesis-megadrive-cartridge-label.png,Truxton   genesis v2,1309661
Labels/fulls/Genesis_MegaDrive/truxtonLabel.png,Labels/fulls/Genesis_MegaDrive/truxtonlabel-genesis-megadrive-cartridge-label.png,truxtonLabel,4155002
Labels/fulls/Genesis_MegaDrive/truxtonLabelRedLabel.png,Labels/fulls/Genesis_MegaDrive/truxtonlabelredlabel-genesis-megadrive-cartridge-label.png,truxtonLabelRedLabel,4120579
Labels/fulls/Genesis_MegaDrive/truxtonLabelRedLabel2.png,Labels/fulls/Genesis_MegaDrive/truxtonlabelredlabel2-genesis-megadrive-cartridge-label.png,truxtonLabelRedLabel2,4948531
Labels/fulls/Genesis_MegaDrive/tsblacklabel.png,Labels/fulls/Genesis_MegaDrive/tsblacklabel-genesis-megadrive-cartridge-label.png,tsblacklabel,4578326
Labels/fulls/Genesis_MegaDrive/Twin Hawk.png,Labels/fulls/Genesis_MegaDrive/twin-hawk-genesis-megadrive-cartridge-label.png,Twin Hawk,2519793
Labels/fulls/Genesis_MegaDrive/umk3_label.jpg,Labels/fulls/Genesis_MegaDrive/umk3-label-genesis-megadrive-cartridge-label.jpg,umk3 label,812090
Labels/fulls/Genesis_MegaDrive/Virtua Fighter  _genesis_v1.png,Labels/fulls/Genesis_MegaDrive/virtua-fighter-genesis-v1-genesis-megadrive-cartridge-label.png,Virtua Fighter   genesis v1,854779
Labels/fulls/Genesis_MegaDrive/Virtua Fighter 2 _genesis_v1.png,Labels/fulls/Genesis_MegaDrive/virtua-fighter-2-genesis-v1-genesis-megadrive-cartridge-label.png,Virtua Fighter 2  genesis v1,261992
Labels/fulls/Genesis_MegaDrive/VR Troopers _V1_Genesis.png,Labels/fulls/Genesis_MegaDrive/vr-troopers-v1-genesis-genesis-megadrive-cartridge-label.png,VR Troopers  V1 Genesis,2413644
Labels/fulls/Genesis_MegaDrive/Wackey Worlds Creative Studio_V1.png,Labels/fulls/Genesis_MegaDrive/wackey-worlds-creative-studio-v1-genesis-megadrive-cartridge-label.png,Wackey Worlds Creative Studio V1,2978006
Labels/fulls/Genesis_MegaDrive/Wrestle War  _V1_Genesis.png,Labels/fulls/Genesis_MegaDrive/wrestle-war-v1-genesis-genesis-megadrive-cartridge-label.png,Wrestle War   V1 Genesis,1774588
Labels/fulls/Genesis_MegaDrive/Wrestle War  _V2_Genesis.png,Labels/fulls/Genesis_MegaDrive/wrestle-war-v2-genesis-genesis-megadrive-cartridge-label.png,Wrestle War   V2 Genesis,2285064
Labels/fulls/Genesis_MegaDrive/Wrestle War  _V3_Genesis.png,Labels/fulls/Genesis_MegaDrive/wrestle-war-v3-genesis-genesis-megadrive-cartridge-label.png,Wrestle War   V3 Genesis,2806818
Labels/fulls/Genesis_MegaDrive/WWF Super Wrestlemania V2.png,Labels/fulls/Genesis_MegaDrive/wwf-super-wrestlemania-v2-genesis-megadrive-cartridge-label.png,WWF Super Wrestlemania V2,2771491
Labels/fulls/Genesis_MegaDrive/WWF Super Wrestlemania.png,Labels/fulls/Genesis_MegaDrive/wwf-super-wrestlemania-genesis-megadrive-cartridge-label.png,WWF Super Wrestlemania,3765667
Labels/fulls/Genesis_MegaDrive/Zombies ate my Neighbors.png,Labels/fulls/Genesis_MegaDrive/zombies-ate-my-neighbors-genesis-megadrive-cartridge-label.png,Zombies ate my Neighbors,2961520
Labels/fulls/Genesis_MegaDrive/Zombies ate my NeighborsV2.png,Labels/fulls/Genesis_MegaDrive/zombies-ate-my-neighborsv2-genesis-megadrive-cartridge-label.png,Zombies ate my NeighborsV2,2127070
Labels/fulls/Genesis_MegaDrive/Zombies ate my NeighborsV3.png,Labels/fulls/Genesis_MegaDrive/zombies-ate-my-neighborsv3-genesis-megadrive-cartridge-label.png,Zombies ate my NeighborsV3,3085485
Labels/fulls/Genesis_MegaDrive/Zombies ate my NeighborsV4.png,Labels/fulls/Genesis_MegaDrive/zombies-ate-my-neighborsv4-genesis-megadrive-cartridge-label.png,Zombies ate my NeighborsV4,1312211
Labels/fulls/Genesis_MegaDrive/Zombies ate my NeighborsV5.png,Labels/fulls/Genesis_MegaDrive/zombies-ate-my-neighborsv5-genesis-megadrive-cartridge-label.png,Zombies ate my NeighborsV5,3395829
Labels/fulls/N64/007 The World is Not Enough.jpg,Labels/fulls/N64/007-the-world-is-not-enough-n64-cartridge-label.jpg,007 The World is Not Enough,245306
Labels/fulls/N64/_n64_V2.png,Labels/fulls/N64/n64-v2-n64-cartridge-label.png,n64 V2,2423203
Labels/fulls/N64/A Bug's Life.jpg,Labels/fulls/N64/a-bug-s-life-n64-cartridge-label.jpg,A Bug's Life,276628
Labels/fulls/N64/A Bugs Life _N64_V0.jpg,Labels/fulls/N64/a-bugs-life-n64-v0-n64-cartridge-label.jpg,A Bugs Life  N64 V0,73317
Labels/fulls/N64/AeroFighters Assault.jpg,Labels/fulls/N64/aerofighters-assault-n64-cartridge-label.jpg,AeroFighters Assault,274787
Labels/fulls/N64/Aerogauge _N64_V0.jpg,Labels/fulls/N64/aerogauge-n64-v0-n64-cartridge-label.jpg,Aerogauge  N64 V0,86468
Labels/fulls/N64/Airboarder64 _N64_V0.jpg,Labels/fulls/N64/airboarder64-n64-v0-n64-cartridge-label.jpg,Airboarder64  N64 V0,74466
Labels/fulls/N64/ANYDESIGNCUSTOMMADE.jpg,Labels/fulls/N64/anydesigncustommade-n64-cartridge-label.jpg,ANYDESIGNCUSTOMMADE,583339
Labels/fulls/N64/Autolamborghini _N64_V0.jpg,Labels/fulls/N64/autolamborghini-n64-v0-n64-cartridge-label.jpg,Autolamborghini  N64 V0,53712
Labels/fulls/N64/Automobili Lamborghini.jpg,Labels/fulls/N64/automobili-lamborghini-n64-cartridge-label.jpg,Automobili Lamborghini,297854
Labels/fulls/N64/backlabel n64.png,Labels/fulls/N64/backlabel-n64-n64-cartridge-label.png,backlabel n64,67552
Labels/fulls/N64/backLabel.PNG,Labels/fulls/N64/backlabel-n64-cartridge-label.png,backLabel,745490
Labels/fulls/N64/backlabel_ed64_black.png,Labels/fulls/N64/backlabel-ed64-black-n64-cartridge-label.png,backlabel ed64 black,72886
Labels/fulls/N64/backlabel_ed64_stars.png,Labels/fulls/N64/backlabel-ed64-stars-n64-cartridge-label.png,backlabel ed64 stars,189638
Labels/fulls/N64/Banjo Kazooie.jpg,Labels/fulls/N64/banjo-kazooie-n64-cartridge-label.jpg,Banjo Kazooie,336019
Labels/fulls/N64/Banjo Tooie_n64_V1.png,Labels/fulls/N64/banjo-tooie-n64-v1-n64-cartridge-label.png,Banjo Tooie n64 V1,1889767
Labels/fulls/N64/Banjokazooie _N64_V0.jpg,Labels/fulls/N64/banjokazooie-n64-v0-n64-cartridge-label.jpg,Banjokazooie  N64 V0,75724
Labels/fulls/N64/BH1.png,Labels/fulls/N64/bh1-n64-cartridge-label.png,BH1,2691262
Labels/fulls/N64/BH2B.png,Labels/fulls/N64/bh2b-n64-cartridge-label.png,BH2B,2485323
Labels/fulls/N64/BH3.png,Labels/fulls/N64/bh3-n64-cartridge-label.png,BH3,2731255
Labels/fulls/N64/BH4.png,Labels/fulls/N64/bh4-n64-cartridge-label.png,BH4,2336796
Labels/fulls/N64/BH5.png,Labels/fulls/N64/bh5-n64-cartridge-label.png,BH5,2786680
Labels/fulls/N64/BH6.png,Labels/fulls/N64/bh6-n64-cartridge-label.png,BH6,3678716
Labels/fulls/N64/BH7.png,Labels/fulls/N64/bh7-n64-cartridge-label.png,BH7,2876910
Labels/fulls/N64/Blues Brothers 2000.jpg,Labels/fulls/N64/blues-brothers-2000-n64-cartridge-label.jpg,Blues Brothers 2000,295816
Labels/fulls/N64/Body Harvest label.jpg,Labels/fulls/N64/body-harvest-label-n64-cartridge-label.jpg,Body Harvest label,271290
Labels/fulls/N64/Bomber Man 64 Second Attack N64_1.png,Labels/fulls/N64/bomber-man-64-second-attack-n64-1-n64-cartridge-label.png,Bomber Man 64 Second Attack N64 1,2375074
Labels/fulls/N64/BomberMan 64 Second Attack_n64_V1.png,Labels/fulls/N64/bomberman-64-second-attack-n64-v1-n64-cartridge-label.png,BomberMan 64 Second Attack n64 V1,2375074
Labels/fulls/N64/Bomberman Hero.jpg,Labels/fulls/N64/bomberman-hero-n64-cartridge-label.jpg,Bomberman Hero,280231
Labels/fulls/N64/Bomberman64_n64_V1.png,Labels/fulls/N64/bomberman64-n64-v1-n64-cartridge-label.png,Bomberman64 n64 V1,2000538
Labels/fulls/N64/Carmageddon 64.jpg,Labels/fulls/N64/carmageddon-64-n64-cartridge-label.jpg,Carmageddon 64,254438
Labels/fulls/N64/Castlevania.jpg,Labels/fulls/N64/castlevania-n64-cartridge-label.jpg,Castlevania,317183
Labels/fulls/N64/CBFD1.png,Labels/fulls/N64/cbfd1-n64-cartridge-label.png,CBFD1,1595049
Labels/fulls/N64/cbfd1_n64_V1_CHECKITANDCOMPAREIFITHASIMPROVEMENTS.png,Labels/fulls/N64/cbfd1-n64-v1-checkitandcompareifithasimprovements-n64-cartridge-label.png,cbfd1 n64 V1 CHECKITANDCOMPAREIFITHASIMPROVEMENTS,1595049
Labels/fulls/N64/CBFD2.png,Labels/fulls/N64/cbfd2-n64-cartridge-label.png,CBFD2,1760179
Labels/fulls/N64/CBFD3.png,Labels/fulls/N64/cbfd3-n64-cartridge-label.png,CBFD3,3042008
Labels/fulls/N64/CBFD4.png,Labels/fulls/N64/cbfd4-n64-cartridge-label.png,CBFD4,2885094
Labels/fulls/N64/CBFD5.png,Labels/fulls/N64/cbfd5-n64-cartridge-label.png,CBFD5,2086111
Labels/fulls/N64/ClayFighter 63 13.jpg,Labels/fulls/N64/clayfighter-63-13-n64-cartridge-label.jpg,ClayFighter 63 13,241601
Labels/fulls/N64/Command & Conquer.jpg,Labels/fulls/N64/command-and-conquer-n64-cartridge-label.jpg,Command & Conquer,267105
Labels/fulls/N64/Cruis'n Exotica.jpg,Labels/fulls/N64/cruis-n-exotica-n64-cartridge-label.jpg,Cruis'n Exotica,258538
Labels/fulls/N64/Cruis'n USA label.jpg,Labels/fulls/N64/cruis-n-usa-label-n64-cartridge-label.jpg,Cruis'n USA label,302167
Labels/fulls/N64/d90770y-f52f3bd0-a9bb-4f32-88fb-d67516b8e381.png,Labels/fulls/N64/d90770y-f52f3bd0-a9bb-4f32-88fb-d67516b8e381-n64-cartridge-label.png,d90770y f52f3bd0 a9bb 4f32 88fb d67516b8e381,656688
Labels/fulls/N64/DaCO997.png,Labels/fulls/N64/daco997-n64-cartridge-label.png,DaCO997,2028478
Labels/fulls/N64/Diddy Kong Racing.jpg,Labels/fulls/N64/diddy-kong-racing-n64-cartridge-label.jpg,Diddy Kong Racing,321741
Labels/fulls/N64/Donald Duck Going Quackers.jpg,Labels/fulls/N64/donald-duck-going-quackers-n64-cartridge-label.jpg,Donald Duck Going Quackers,340056
Labels/fulls/N64/Donkey Kong 64 _n64_V2.png,Labels/fulls/N64/donkey-kong-64-n64-v2-n64-cartridge-label.png,Donkey Kong 64  n64 V2,1671913
Labels/fulls/N64/Donkey Kong 64.jpg,Labels/fulls/N64/donkey-kong-64-n64-cartridge-label.jpg,Donkey Kong 64,309317
Labels/fulls/N64/Donkey Kong 64_n64_V3.png,Labels/fulls/N64/donkey-kong-64-n64-v3-n64-cartridge-label.png,Donkey Kong 64 n64 V3,2271241
Labels/fulls/N64/Donkey Kong 64_n64_V4.png,Labels/fulls/N64/donkey-kong-64-n64-v4-n64-cartridge-label.png,Donkey Kong 64 n64 V4,1975748
Labels/fulls/N64/Donkey Kong 64_n64_V4b.png,Labels/fulls/N64/donkey-kong-64-n64-v4b-n64-cartridge-label.png,Donkey Kong 64 n64 V4b,1335520
Labels/fulls/N64/Doom 64 _V1.jpg,Labels/fulls/N64/doom-64-v1-n64-cartridge-label.jpg,Doom 64  V1,49451
Labels/fulls/N64/Doom 64 _V2.png,Labels/fulls/N64/doom-64-v2-n64-cartridge-label.png,Doom 64  V2,532347
Labels/fulls/N64/Doom 64.jpg,Labels/fulls/N64/doom-64-n64-cartridge-label.jpg,Doom 64,181206
Labels/fulls/N64/Duckdodgers _N64_V0.jpg,Labels/fulls/N64/duckdodgers-n64-v0-n64-cartridge-label.jpg,Duckdodgers  N64 V0,48644
Labels/fulls/N64/Duke Nukem 64.jpg,Labels/fulls/N64/duke-nukem-64-n64-cartridge-label.jpg,Duke Nukem 64,245677
Labels/fulls/N64/Duke Nukem Zero Hour.jpg,Labels/fulls/N64/duke-nukem-zero-hour-n64-cartridge-label.jpg,Duke Nukem Zero Hour,233534
Labels/fulls/N64/Earthworm Jim 3D.jpg,Labels/fulls/N64/earthworm-jim-3d-n64-cartridge-label.jpg,Earthworm Jim 3D,175172
Labels/fulls/N64/ED64_V0.png,Labels/fulls/N64/ed64-v0-n64-cartridge-label.png,ED64 V0,2205119
Labels/fulls/N64/Everdrive 64 back.png,Labels/fulls/N64/everdrive-64-back-n64-cartridge-label.png,Everdrive 64 back,215232
Labels/fulls/N64/everdrive-64ZELDA.png,Labels/fulls/N64/everdrive-64zelda-n64-cartridge-label.png,everdrive 64ZELDA,840922
Labels/fulls/N64/Everdrive64_n64_V1.png,Labels/fulls/N64/everdrive64-n64-v1-n64-cartridge-label.png,Everdrive64 n64 V1,452417
Labels/fulls/N64/Everdrive64_n64_V2.jpg,Labels/fulls/N64/everdrive64-n64-v2-n64-cartridge-label.jpg,Everdrive64 n64 V2,443273
Labels/fulls/N64/Everdrive64_n64_V2.png,Labels/fulls/N64/everdrive64-n64-v2-n64-cartridge-label.png,Everdrive64 n64 V2,1930636
Labels/fulls/N64/Everdrive64_n64_V3.png,Labels/fulls/N64/everdrive64-n64-v3-n64-cartridge-label.png,Everdrive64 n64 V3,1903594
Labels/fulls/N64/Everdrive64_n64_V4.png,Labels/fulls/N64/everdrive64-n64-v4-n64-cartridge-label.png,Everdrive64 n64 V4,2121184
Labels/fulls/N64/Everdrive64_n64_V5.png,Labels/fulls/N64/everdrive64-n64-v5-n64-cartridge-label.png,Everdrive64 n64 V5,2036726
Labels/fulls/N64/Everdrive64_n64_V6.png,Labels/fulls/N64/everdrive64-n64-v6-n64-cartridge-label.png,Everdrive64 n64 V6,2747470
Labels/fulls/N64/Everdrive64_n64_V7.png,Labels/fulls/N64/everdrive64-n64-v7-n64-cartridge-label.png,Everdrive64 n64 V7,1265005
Labels/fulls/N64/Everdrive64_n64_VX.png,Labels/fulls/N64/everdrive64-n64-vx-n64-cartridge-label.png,Everdrive64 n64 VX,452417
Labels/fulls/N64/EverdriveBlack_n64_V1.png,Labels/fulls/N64/everdriveblack-n64-v1-n64-cartridge-label.png,EverdriveBlack n64 V1,128911
Labels/fulls/N64/EverdriveBlack_n64_V2.png,Labels/fulls/N64/everdriveblack-n64-v2-n64-cartridge-label.png,EverdriveBlack n64 V2,75361
Labels/fulls/N64/EverdriveMario_n64_V1.png,Labels/fulls/N64/everdrivemario-n64-v1-n64-cartridge-label.png,EverdriveMario n64 V1,3190958
Labels/fulls/N64/EverdriveMario_n64_V2.png,Labels/fulls/N64/everdrivemario-n64-v2-n64-cartridge-label.png,EverdriveMario n64 V2,2473836
Labels/fulls/N64/EverdriveMario_n64_V3.png,Labels/fulls/N64/everdrivemario-n64-v3-n64-cartridge-label.png,EverdriveMario n64 V3,2589432
Labels/fulls/N64/EverdriveMario_n64_V4.png,Labels/fulls/N64/everdrivemario-n64-v4-n64-cartridge-label.png,EverdriveMario n64 V4,1819627
Labels/fulls/N64/EverdriveVersion5.png,Labels/fulls/N64/everdriveversion5-n64-cartridge-label.png,EverdriveVersion5,1637235
Labels/fulls/N64/EverdriveWhite_n64_V1.png,Labels/fulls/N64/everdrivewhite-n64-v1-n64-cartridge-label.png,EverdriveWhite n64 V1,140818
Labels/fulls/N64/EverdriveWhite_n64_V2.png,Labels/fulls/N64/everdrivewhite-n64-v2-n64-cartridge-label.png,EverdriveWhite n64 V2,96813
Labels/fulls/N64/EverdriveX5.png,Labels/fulls/N64/everdrivex5-n64-cartridge-label.png,EverdriveX5,1633267
Labels/fulls/N64/F-Zero X.jpg,Labels/fulls/N64/f-zero-x-n64-cartridge-label.jpg,F Zero X,300950
Labels/fulls/N64/F1 Pole Position 64.jpg,Labels/fulls/N64/f1-pole-position-64-n64-cartridge-label.jpg,F1 Pole Position 64,364200
Labels/fulls/N64/F1 World Grandprix _N64_V0.jpg,Labels/fulls/N64/f1-world-grandprix-n64-v0-n64-cartridge-label.jpg,F1 World Grandprix  N64 V0,89897
Labels/fulls/N64/Fightersdestiny _N64_V0.jpg,Labels/fulls/N64/fightersdestiny-n64-v0-n64-cartridge-label.jpg,Fightersdestiny  N64 V0,80981
Labels/fulls/N64/Gex 64 Enter the Gecko.jpg,Labels/fulls/N64/gex-64-enter-the-gecko-n64-cartridge-label.jpg,Gex 64 Enter the Gecko,205864
Labels/fulls/N64/GoldenEye 007_n64_V0.jpg,Labels/fulls/N64/goldeneye-007-n64-v0-n64-cartridge-label.jpg,GoldenEye 007 n64 V0,180164
Labels/fulls/N64/GoldenEye 007_n64_V1.png,Labels/fulls/N64/goldeneye-007-n64-v1-n64-cartridge-label.png,GoldenEye 007 n64 V1,1089978
Labels/fulls/N64/GoldenEye 007_n64_V2.png,Labels/fulls/N64/goldeneye-007-n64-v2-n64-cartridge-label.png,GoldenEye 007 n64 V2,1034937
Labels/fulls/N64/GoldenEye 007_n64_V3.png,Labels/fulls/N64/goldeneye-007-n64-v3-n64-cartridge-label.png,GoldenEye 007 n64 V3,1230658
Labels/fulls/N64/GoldenEye 007_n64_V4.png,Labels/fulls/N64/goldeneye-007-n64-v4-n64-cartridge-label.png,GoldenEye 007 n64 V4,1430623
Labels/fulls/N64/Harvest Moon 64 _n64_V1.png,Labels/fulls/N64/harvest-moon-64-n64-v1-n64-cartridge-label.png,Harvest Moon 64  n64 V1,3090456
Labels/fulls/N64/Indianajones _N64_V0.jpg,Labels/fulls/N64/indianajones-n64-v0-n64-cartridge-label.jpg,Indianajones  N64 V0,65076
Labels/fulls/N64/IndianaJonesInfernalMachine_n64_V1.png,Labels/fulls/N64/indianajonesinfernalmachine-n64-v1-n64-cartridge-label.png,IndianaJonesInfernalMachine n64 V1,3239237
Labels/fulls/N64/IndianaJonesInfernalMachine_n64_V2.png,Labels/fulls/N64/indianajonesinfernalmachine-n64-v2-n64-cartridge-label.png,IndianaJonesInfernalMachine n64 V2,2397086
Labels/fulls/N64/IndianaJonesInfernalMachine_n64_V3.png,Labels/fulls/N64/indianajonesinfernalmachine-n64-v3-n64-cartridge-label.png,IndianaJonesInfernalMachine n64 V3,2837088
Labels/fulls/N64/International Superstar Soccer 64.jpg,Labels/fulls/N64/international-superstar-soccer-64-n64-cartridge-label.jpg,International Superstar Soccer 64,243704
Labels/fulls/N64/Jet Force Gemini.jpg,Labels/fulls/N64/jet-force-gemini-n64-cartridge-label.jpg,Jet Force Gemini,220279
Labels/fulls/N64/Jet Force Gemini_n64_V1.png,Labels/fulls/N64/jet-force-gemini-n64-v1-n64-cartridge-label.png,Jet Force Gemini n64 V1,2922398
Labels/fulls/N64/Jet Force Gemini_n64_V2.png,Labels/fulls/N64/jet-force-gemini-n64-v2-n64-cartridge-label.png,Jet Force Gemini n64 V2,2202399
Labels/fulls/N64/Jet Force Gemini_n64_V3.png,Labels/fulls/N64/jet-force-gemini-n64-v3-n64-cartridge-label.png,Jet Force Gemini n64 V3,2150517
Labels/fulls/N64/Killer Instinct Gold.jpg,Labels/fulls/N64/killer-instinct-gold-n64-cartridge-label.jpg,Killer Instinct Gold,158279
Labels/fulls/N64/Kirby 64 -The Crystal Shards.jpg,Labels/fulls/N64/kirby-64-the-crystal-shards-n64-cartridge-label.jpg,Kirby 64  The Crystal Shards,367336
Labels/fulls/N64/Label Traseiro Americano.jpg,Labels/fulls/N64/label-traseiro-americano-n64-cartridge-label.jpg,Label Traseiro Americano,267321
Labels/fulls/N64/Label Traseiro Japones.jpg,Labels/fulls/N64/label-traseiro-japones-n64-cartridge-label.jpg,Label Traseiro Japones,242121
Labels/fulls/N64/label_n64_007worldisnotenough_eu_thumb.jpg,Labels/fulls/N64/label-n64-007worldisnotenough-eu-thumb-n64-cartridge-label.jpg,label n64 007worldisnotenough eu thumb,67849
Labels/fulls/N64/label_n64_1080snowboarding_thumb.jpg,Labels/fulls/N64/label-n64-1080snowboarding-thumb-n64-cartridge-label.jpg,label n64 1080snowboarding thumb,87342
Labels/fulls/N64/label_n64_aerofightersassault_eu_thumb.jpg,Labels/fulls/N64/label-n64-aerofightersassault-eu-thumb-n64-cartridge-label.jpg,label n64 aerofightersassault eu thumb,75542
Labels/fulls/N64/label_n64_allstarbaseball99_thumb.jpg,Labels/fulls/N64/label-n64-allstarbaseball99-thumb-n64-cartridge-label.jpg,label n64 allstarbaseball99 thumb,83544
Labels/fulls/N64/label_n64_cruisnusa_thumb.jpg,Labels/fulls/N64/label-n64-cruisnusa-thumb-n64-cartridge-label.jpg,label n64 cruisnusa thumb,83551
Labels/fulls/N64/label_n64_donkeykong64_thumb.jpg,Labels/fulls/N64/label-n64-donkeykong64-thumb-n64-cartridge-label.jpg,label n64 donkeykong64 thumb,94600
Labels/fulls/N64/label_n64_earthwormjim3d_eu_thumb.jpg,Labels/fulls/N64/label-n64-earthwormjim3d-eu-thumb-n64-cartridge-label.jpg,label n64 earthwormjim3d eu thumb,63398
Labels/fulls/N64/label_n64_excitebike64.jpg,Labels/fulls/N64/label-n64-excitebike64-n64-cartridge-label.jpg,label n64 excitebike64,323655
Labels/fulls/N64/label_n64_excitebike64_thumb.jpg,Labels/fulls/N64/label-n64-excitebike64-thumb-n64-cartridge-label.jpg,label n64 excitebike64 thumb,88858
Labels/fulls/N64/label_n64_goemonsgreatadventure_thumb.jpg,Labels/fulls/N64/label-n64-goemonsgreatadventure-thumb-n64-cartridge-label.jpg,label n64 goemonsgreatadventure thumb,97720
Labels/fulls/N64/label_n64_gt64championshipedition_thumb.jpg,Labels/fulls/N64/label-n64-gt64championshipedition-thumb-n64-cartridge-label.jpg,label n64 gt64championshipedition thumb,78564
Labels/fulls/N64/label_n64_legendofzeldamajorasmask_eu_thumb.jpg,Labels/fulls/N64/label-n64-legendofzeldamajorasmask-eu-thumb-n64-cartridge-label.jpg,label n64 legendofzeldamajorasmask eu thumb,87083
Labels/fulls/N64/label_n64_mariokart64_thumb.jpg,Labels/fulls/N64/label-n64-mariokart64-thumb-n64-cartridge-label.jpg,label n64 mariokart64 thumb,102897
Labels/fulls/N64/label_n64_mortalkombat4_thumb.jpg,Labels/fulls/N64/label-n64-mortalkombat4-thumb-n64-cartridge-label.jpg,label n64 mortalkombat4 thumb,49526
Labels/fulls/N64/label_n64_nascar2000_eu_thumb.jpg,Labels/fulls/N64/label-n64-nascar2000-eu-thumb-n64-cartridge-label.jpg,label n64 nascar2000 eu thumb,88189
Labels/fulls/N64/label_n64_sfrush2049_thumb.jpg,Labels/fulls/N64/label-n64-sfrush2049-thumb-n64-cartridge-label.jpg,label n64 sfrush2049 thumb,84758
Labels/fulls/N64/Mario Golf.jpg,Labels/fulls/N64/mario-golf-n64-cartridge-label.jpg,Mario Golf,324487
Labels/fulls/N64/Mario Kart 64 PAL.png,Labels/fulls/N64/mario-kart-64-pal-n64-cartridge-label.png,Mario Kart 64 PAL,2828217
Labels/fulls/N64/Mario Party 2.jpg,Labels/fulls/N64/mario-party-2-n64-cartridge-label.jpg,Mario Party 2,288209
Labels/fulls/N64/Mario Party 3.jpg,Labels/fulls/N64/mario-party-3-n64-cartridge-label.jpg,Mario Party 3,334180
Labels/fulls/N64/Mario Party.jpg,Labels/fulls/N64/mario-party-n64-cartridge-label.jpg,Mario Party,198837
Labels/fulls/N64/Mario Tennis.jpg,Labels/fulls/N64/mario-tennis-n64-cartridge-label.jpg,Mario Tennis,294515
Labels/fulls/N64/MarioKart64_n64_V1.png,Labels/fulls/N64/mariokart64-n64-v1-n64-cartridge-label.png,MarioKart64 n64 V1,2941903
Labels/fulls/N64/mariokart64_NTSC.jpg,Labels/fulls/N64/mariokart64-ntsc-n64-cartridge-label.jpg,mariokart64 NTSC,796023
Labels/fulls/N64/mariokart64_NTSC_.jpg,Labels/fulls/N64/mariokart64-ntsc-n64-cartridge-label-2.jpg,mariokart64 NTSC,331562
Labels/fulls/N64/mariokart64_PAL.jpg,Labels/fulls/N64/mariokart64-pal-n64-cartridge-label.jpg,mariokart64 PAL,725661
Labels/fulls/N64/Mischief Makers label.jpg,Labels/fulls/N64/mischief-makers-label-n64-cartridge-label.jpg,Mischief Makers label,190810
Labels/fulls/N64/Mission Impossible _N64_V0.jpg,Labels/fulls/N64/mission-impossible-n64-v0-n64-cartridge-label.jpg,Mission Impossible  N64 V0,71611
Labels/fulls/N64/Mission Impossible.jpg,Labels/fulls/N64/mission-impossible-n64-cartridge-label.jpg,Mission Impossible,275763
Labels/fulls/N64/Mortal Kombat 4.jpg,Labels/fulls/N64/mortal-kombat-4-n64-cartridge-label.jpg,Mortal Kombat 4,129437
Labels/fulls/N64/Mortal Kombat Mythologies.jpg,Labels/fulls/N64/mortal-kombat-mythologies-n64-cartridge-label.jpg,Mortal Kombat Mythologies,233243
Labels/fulls/N64/Mortal Kombat Trilogy _N64_V0.jpg,Labels/fulls/N64/mortal-kombat-trilogy-n64-v0-n64-cartridge-label.jpg,Mortal Kombat Trilogy  N64 V0,53809
Labels/fulls/N64/n64_n64usarear_label.jpg,Labels/fulls/N64/n64-n64usarear-label-n64-cartridge-label.jpg,n64 n64usarear label,267321
Labels/fulls/N64/n64_starwarsepisode1racer_label_thumb.jpg,Labels/fulls/N64/n64-starwarsepisode1racer-label-thumb-n64-cartridge-label.jpg,n64 starwarsepisode1racer label thumb,79453
Labels/fulls/N64/n64_turokragewars_label_thumb.jpg,Labels/fulls/N64/n64-turokragewars-label-thumb-n64-cartridge-label.jpg,n64 turokragewars label thumb,78532
Labels/fulls/N64/n64_vigilante82ndoffence_label.jpg,Labels/fulls/N64/n64-vigilante82ndoffence-label-n64-cartridge-label.jpg,n64 vigilante82ndoffence label,336977
Labels/fulls/N64/n64_wwfwarzone_label.jpg,Labels/fulls/N64/n64-wwfwarzone-label-n64-cartridge-label.jpg,n64 wwfwarzone label,548231
Labels/fulls/N64/n64_zeldaoot_label_thumb.jpg,Labels/fulls/N64/n64-zeldaoot-label-thumb-n64-cartridge-label.jpg,n64 zeldaoot label thumb,60364
Labels/fulls/N64/Namco Museum _N64_V0.jpg,Labels/fulls/N64/namco-museum-n64-v0-n64-cartridge-label.jpg,Namco Museum  N64 V0,72709
Labels/fulls/N64/Nicromachines _N64_V0.jpg,Labels/fulls/N64/nicromachines-n64-v0-n64-cartridge-label.jpg,Nicromachines  N64 V0,71215
Labels/fulls/N64/nus-njfp-eur-cb.jpg,Labels/fulls/N64/nus-njfp-eur-cb-n64-cartridge-label.jpg,nus njfp eur cb,220279
Labels/fulls/N64/Ogre Battle 64_n64_V1.png,Labels/fulls/N64/ogre-battle-64-n64-v1-n64-cartridge-label.png,Ogre Battle 64 n64 V1,2113088
Labels/fulls/N64/Ogre Battle 64_n64_V2.png,Labels/fulls/N64/ogre-battle-64-n64-v2-n64-cartridge-label.png,Ogre Battle 64 n64 V2,2397039
Labels/fulls/N64/Paper Mario _n64_V1.png,Labels/fulls/N64/paper-mario-n64-v1-n64-cartridge-label.png,Paper Mario  n64 V1,2072397
Labels/fulls/N64/PaperMarioMasterQuestJR_n64_v1.png,Labels/fulls/N64/papermariomasterquestjr-n64-v1-n64-cartridge-label.png,PaperMarioMasterQuestJR n64 v1,2187713
Labels/fulls/N64/PaperMarioMasterQuestJR_n64_v2.png,Labels/fulls/N64/papermariomasterquestjr-n64-v2-n64-cartridge-label.png,PaperMarioMasterQuestJR n64 v2,2188769
Labels/fulls/N64/Pilot Wings 64.jpg,Labels/fulls/N64/pilot-wings-64-n64-cartridge-label.jpg,Pilot Wings 64,298928
Labels/fulls/N64/Pokemon Puzzle League _n64_V1.png,Labels/fulls/N64/pokemon-puzzle-league-n64-v1-n64-cartridge-label.png,Pokemon Puzzle League  n64 V1,2335271
Labels/fulls/N64/Pokemon Puzzle League.jpg,Labels/fulls/N64/pokemon-puzzle-league-n64-cartridge-label.jpg,Pokemon Puzzle League,309824
Labels/fulls/N64/Pokemon Snap.jpg,Labels/fulls/N64/pokemon-snap-n64-cartridge-label.jpg,Pokemon Snap,285620
Labels/fulls/N64/Pokemon Stadium 2.jpg,Labels/fulls/N64/pokemon-stadium-2-n64-cartridge-label.jpg,Pokemon Stadium 2,273561
Labels/fulls/N64/PokemonStadium_n64_V1.png,Labels/fulls/N64/pokemonstadium-n64-v1-n64-cartridge-label.png,PokemonStadium n64 V1,2074621
Labels/fulls/N64/PokemonStadium_n64_V2.png,Labels/fulls/N64/pokemonstadium-n64-v2-n64-cartridge-label.png,PokemonStadium n64 V2,3747408
Labels/fulls/N64/Quake II.jpg,Labels/fulls/N64/quake-ii-n64-cartridge-label.jpg,Quake II,302671
Labels/fulls/N64/Quake.jpg,Labels/fulls/N64/quake-n64-cartridge-label.jpg,Quake,282218
Labels/fulls/N64/Rampage 2 Universal Tour.jpg,Labels/fulls/N64/rampage-2-universal-tour-n64-cartridge-label.jpg,Rampage 2 Universal Tour,228897
Labels/fulls/N64/Rampage World Tour.jpg,Labels/fulls/N64/rampage-world-tour-n64-cartridge-label.jpg,Rampage World Tour,236439
Labels/fulls/N64/Rayman2.png,Labels/fulls/N64/rayman2-n64-cartridge-label.png,Rayman2,2191477
Labels/fulls/N64/RE2.png,Labels/fulls/N64/re2-n64-cartridge-label.png,RE2,1635309
Labels/fulls/N64/RE2v2.png,Labels/fulls/N64/re2v2-n64-cartridge-label.png,RE2v2,2213870
Labels/fulls/N64/RE2v3.png,Labels/fulls/N64/re2v3-n64-cartridge-label.png,RE2v3,3200561
Labels/fulls/N64/RE2v4.png,Labels/fulls/N64/re2v4-n64-cartridge-label.png,RE2v4,1520873
Labels/fulls/N64/RE2v5.png,Labels/fulls/N64/re2v5-n64-cartridge-label.png,RE2v5,1999827
Labels/fulls/N64/Red Dead _n64_V1.png,Labels/fulls/N64/red-dead-n64-v1-n64-cartridge-label.png,Red Dead  n64 V1,1657517
Labels/fulls/N64/RedDead_n64_V2.png,Labels/fulls/N64/reddead-n64-v2-n64-cartridge-label.png,RedDead n64 V2,2023588
Labels/fulls/N64/Resident Evil 2.jpg,Labels/fulls/N64/resident-evil-2-n64-cartridge-label.jpg,Resident Evil 2,234571
Labels/fulls/N64/SC_N64Holo_n64_V1.png,Labels/fulls/N64/sc-n64holo-n64-v1-n64-cartridge-label.png,SC N64Holo n64 V1,286398
Labels/fulls/N64/Shadowman label.jpg,Labels/fulls/N64/shadowman-label-n64-cartridge-label.jpg,Shadowman label,303639
Labels/fulls/N64/Smash Remix _n64_VBlue.png,Labels/fulls/N64/smash-remix-n64-vblue-n64-cartridge-label.png,Smash Remix  n64 VBlue,1607244
Labels/fulls/N64/Smash Remix_n64_Green.png,Labels/fulls/N64/smash-remix-n64-green-n64-cartridge-label.png,Smash Remix n64 Green,1601512
Labels/fulls/N64/Smash Remix_n64_Ppurple.png,Labels/fulls/N64/smash-remix-n64-ppurple-n64-cartridge-label.png,Smash Remix n64 Ppurple,1607229
Labels/fulls/N64/SmashRemix_n64_V1.png,Labels/fulls/N64/smashremix-n64-v1-n64-cartridge-label.png,SmashRemix n64 V1,2503819
Labels/fulls/N64/SmashRemix_n64_V2.png,Labels/fulls/N64/smashremix-n64-v2-n64-cartridge-label.png,SmashRemix n64 V2,2312501
Labels/fulls/N64/SmashRemix_n64_V3.png,Labels/fulls/N64/smashremix-n64-v3-n64-cartridge-label.png,SmashRemix n64 V3,2355847
Labels/fulls/N64/South Park.jpg,Labels/fulls/N64/south-park-n64-cartridge-label.jpg,South Park,278710
Labels/fulls/N64/Space_ED64_V0.png,Labels/fulls/N64/space-ed64-v0-n64-cartridge-label.png,Space ED64 V0,1515487
Labels/fulls/N64/Star Soldier Vanishing Earth _n64_V1.png,Labels/fulls/N64/star-soldier-vanishing-earth-n64-v1-n64-cartridge-label.png,Star Soldier Vanishing Earth  n64 V1,1889617
Labels/fulls/N64/Star Wars Battle for Naboo label.jpg,Labels/fulls/N64/star-wars-battle-for-naboo-label-n64-cartridge-label.jpg,Star Wars Battle for Naboo label,278003
Labels/fulls/N64/Star Wars Episode 1 Racer.jpg,Labels/fulls/N64/star-wars-episode-1-racer-n64-cartridge-label.jpg,Star Wars Episode 1 Racer,320283
Labels/fulls/N64/Super Smash Bros  Remix Final N64_V1.png,Labels/fulls/N64/super-smash-bros-remix-final-n64-v1-n64-cartridge-label.png,Super Smash Bros  Remix Final N64 V1,2430493
Labels/fulls/N64/Super Smash Bros. _n64_V1.png,Labels/fulls/N64/super-smash-bros-n64-v1-n64-cartridge-label.png,Super Smash Bros.  n64 V1,1404872
Labels/fulls/N64/Super Smash Bros. _n64_V2.png,Labels/fulls/N64/super-smash-bros-n64-v2-n64-cartridge-label.png,Super Smash Bros.  n64 V2,2193468
Labels/fulls/N64/Super64_super64_V1.png,Labels/fulls/N64/super64-super64-v1-n64-cartridge-label.png,Super64 super64 V1,2321919
Labels/fulls/N64/Super64_super64_V2.png,Labels/fulls/N64/super64-super64-v2-n64-cartridge-label.png,Super64 super64 V2,2667901
Labels/fulls/N64/Super64_super64_V2b.png,Labels/fulls/N64/super64-super64-v2b-n64-cartridge-label.png,Super64 super64 V2b,2646636
Labels/fulls/N64/Super64_super64_V5.png,Labels/fulls/N64/super64-super64-v5-n64-cartridge-label.png,Super64 super64 V5,2703592
Labels/fulls/N64/SuperMario64_n64_V1.png,Labels/fulls/N64/supermario64-n64-v1-n64-cartridge-label.png,SuperMario64 n64 V1,1851374
Labels/fulls/N64/SuperMario64_n64_V2.png,Labels/fulls/N64/supermario64-n64-v2-n64-cartridge-label.png,SuperMario64 n64 V2,1560500
Labels/fulls/N64/SuperMario64_n64_V3.png,Labels/fulls/N64/supermario64-n64-v3-n64-cartridge-label.png,SuperMario64 n64 V3,1881889
Labels/fulls/N64/SuperMario64_n64_V4.png,Labels/fulls/N64/supermario64-n64-v4-n64-cartridge-label.png,SuperMario64 n64 V4,1644396
Labels/fulls/N64/The Legend of Zelda Majora's Mask.jpg,Labels/fulls/N64/the-legend-of-zelda-majora-s-mask-n64-cartridge-label.jpg,The Legend of Zelda Majora's Mask,275878
Labels/fulls/N64/The Legend of Zelda Ocarina of Time (2).jpg,Labels/fulls/N64/the-legend-of-zelda-ocarina-of-time-2-n64-cartridge-label.jpg,The Legend of Zelda Ocarina of Time (2),137146
Labels/fulls/N64/The Legend of Zelda Ocarina of Time.jpg,Labels/fulls/N64/the-legend-of-zelda-ocarina-of-time-n64-cartridge-label.jpg,The Legend of Zelda Ocarina of Time,157987
Labels/fulls/N64/Tony Hawk's Pro Skater.jpg,Labels/fulls/N64/tony-hawk-s-pro-skater-n64-cartridge-label.jpg,Tony Hawk's Pro Skater,292888
Labels/fulls/N64/Turok 2 Seeds of Evil.jpg,Labels/fulls/N64/turok-2-seeds-of-evil-n64-cartridge-label.jpg,Turok 2 Seeds of Evil,352259
Labels/fulls/N64/Turok Dinosaur Hunter.jpg,Labels/fulls/N64/turok-dinosaur-hunter-n64-cartridge-label.jpg,Turok Dinosaur Hunter,252940
Labels/fulls/N64/Turok Rage Wars.jpg,Labels/fulls/N64/turok-rage-wars-n64-cartridge-label.jpg,Turok Rage Wars,279984
Labels/fulls/N64/Wayne Gretzky's 3D Hockey.jpg,Labels/fulls/N64/wayne-gretzky-s-3d-hockey-n64-cartridge-label.jpg,Wayne Gretzky's 3D Hockey,273308
Labels/fulls/N64/World Cup '98.jpg,Labels/fulls/N64/world-cup-98-n64-cartridge-label.jpg,World Cup '98,151590
Labels/fulls/NeoGeo/164-in1.jpg,Labels/fulls/NeoGeo/164-in1-neogeo-cartridge-label.jpg,164 in1,509089
Labels/fulls/NeoGeo/2020 Baseball MVS V.1.png,Labels/fulls/NeoGeo/2020-baseball-mvs-v-1-neogeo-cartridge-label.png,2020 Baseball MVS V.1,546650
Labels/fulls/NeoGeo/2020 Baseball MVS v.2.png,Labels/fulls/NeoGeo/2020-baseball-mvs-v-2-neogeo-cartridge-label.png,2020 Baseball MVS v.2,5237524
Labels/fulls/NeoGeo/8Man_MVS.png,Labels/fulls/NeoGeo/8man-mvs-neogeo-cartridge-label.png,8Man MVS,826206
Labels/fulls/NeoGeo/Aero Fighters 2 _NeoGeoV1.png,Labels/fulls/NeoGeo/aero-fighters-2-neogeov1-neogeo-cartridge-label.png,Aero Fighters 2  NeoGeoV1,3484056
Labels/fulls/NeoGeo/Aero Fighters 2.png,Labels/fulls/NeoGeo/aero-fighters-2-neogeo-cartridge-label.png,Aero Fighters 2,5219570
Labels/fulls/NeoGeo/Agressors of Dark Combat  _NeoGeoV1.png,Labels/fulls/NeoGeo/agressors-of-dark-combat-neogeov1-neogeo-cartridge-label.png,Agressors of Dark Combat   NeoGeoV1,4029081
Labels/fulls/NeoGeo/AlphaMissionII_MVS.png,Labels/fulls/NeoGeo/alphamissionii-mvs-neogeo-cartridge-label.png,AlphaMissionII MVS,801487
Labels/fulls/NeoGeo/ART OF FIGHTING 2 USA restaurado pelo Leandro Marcondes.png,Labels/fulls/NeoGeo/art-of-fighting-2-usa-restaurado-pelo-leandro-marcondes-neogeo-cartridge-label.png,ART OF FIGHTING 2 USA restaurado pelo Leandro Marcondes,6110391
Labels/fulls/NeoGeo/Art of Fighting 2_NeoGeoV1.png,Labels/fulls/NeoGeo/art-of-fighting-2-neogeov1-neogeo-cartridge-label.png,Art of Fighting 2 NeoGeoV1,4961156
Labels/fulls/NeoGeo/Art of Fighting _NeoGeoV1.png,Labels/fulls/NeoGeo/art-of-fighting-neogeov1-neogeo-cartridge-label.png,Art of Fighting  NeoGeoV1,3441960
Labels/fulls/NeoGeo/Art of Fighting _NeoGeoV2.png,Labels/fulls/NeoGeo/art-of-fighting-neogeov2-neogeo-cartridge-label.png,Art of Fighting  NeoGeoV2,3566952
Labels/fulls/NeoGeo/BackBit.png,Labels/fulls/NeoGeo/backbit-neogeo-cartridge-label.png,BackBit,2488999
Labels/fulls/NeoGeo/bbs2.png,Labels/fulls/NeoGeo/bbs2-neogeo-cartridge-label.png,bbs2,5596
Labels/fulls/NeoGeo/Blazing Star  _NeoGeoV1.png,Labels/fulls/NeoGeo/blazing-star-neogeov1-neogeo-cartridge-label.png,Blazing Star   NeoGeoV1,1415757
Labels/fulls/NeoGeo/burning Fight.png,Labels/fulls/NeoGeo/burning-fight-neogeo-cartridge-label.png,burning Fight,1919232
Labels/fulls/NeoGeo/Bust A Move.png,Labels/fulls/NeoGeo/bust-a-move-neogeo-cartridge-label.png,Bust A Move,956051
Labels/fulls/NeoGeo/Choutetsu Brikin_ger.png,Labels/fulls/NeoGeo/choutetsu-brikin-ger-neogeo-cartridge-label.png,Choutetsu Brikin ger,749773
Labels/fulls/NeoGeo/darksoftmultmvs _NeoGeoMVS_01.png,Labels/fulls/NeoGeo/darksoftmultmvs-neogeomvs-01-neogeo-cartridge-label.png,darksoftmultmvs  NeoGeoMVS 01,675407
Labels/fulls/NeoGeo/darksoftmultmvs _NeoGeoMVS_02.png,Labels/fulls/NeoGeo/darksoftmultmvs-neogeomvs-02-neogeo-cartridge-label.png,darksoftmultmvs  NeoGeoMVS 02,414565
Labels/fulls/NeoGeo/Double Dragon.png,Labels/fulls/NeoGeo/double-dragon-neogeo-cartridge-label.png,Double Dragon,8899567
Labels/fulls/NeoGeo/Fatal Fury _NeoGeoV1.png,Labels/fulls/NeoGeo/fatal-fury-neogeov1-neogeo-cartridge-label.png,Fatal Fury  NeoGeoV1,1250488
Labels/fulls/NeoGeo/Fatal Fury Special MVS V.1.png,Labels/fulls/NeoGeo/fatal-fury-special-mvs-v-1-neogeo-cartridge-label.png,Fatal Fury Special MVS V.1,827857
Labels/fulls/NeoGeo/Fatal Fury Special.png,Labels/fulls/NeoGeo/fatal-fury-special-neogeo-cartridge-label.png,Fatal Fury Special,811464
Labels/fulls/NeoGeo/FATAL-FURY-SPECIAL-US-LABEL-REBUILT-ALT.jpg,Labels/fulls/NeoGeo/fatal-fury-special-us-label-rebuilt-alt-neogeo-cartridge-label.jpg,FATAL FURY SPECIAL US LABEL REBUILT ALT,326952
Labels/fulls/NeoGeo/ff2_custom.png,Labels/fulls/NeoGeo/ff2-custom-neogeo-cartridge-label.png,ff2 custom,8859340
Labels/fulls/NeoGeo/Final Romance 2 _NeoGeoV1.png,Labels/fulls/NeoGeo/final-romance-2-neogeov1-neogeo-cartridge-label.png,Final Romance 2  NeoGeoV1,6308311
Labels/fulls/NeoGeo/Final Vendetta MVS V.1.png,Labels/fulls/NeoGeo/final-vendetta-mvs-v-1-neogeo-cartridge-label.png,Final Vendetta MVS V.1,4208040
Labels/fulls/NeoGeo/footballfrenzy_MVS.png,Labels/fulls/NeoGeo/footballfrenzy-mvs-neogeo-cartridge-label.png,footballfrenzy MVS,777384
Labels/fulls/NeoGeo/ganryu.jpg,Labels/fulls/NeoGeo/ganryu-neogeo-cartridge-label.jpg,ganryu,358750
Labels/fulls/NeoGeo/Garou Mark of the Wolves.png,Labels/fulls/NeoGeo/garou-mark-of-the-wolves-neogeo-cartridge-label.png,Garou Mark of the Wolves,193079
Labels/fulls/NeoGeo/Ghost Pilots MVS v.1.png,Labels/fulls/NeoGeo/ghost-pilots-mvs-v-1-neogeo-cartridge-label.png,Ghost Pilots MVS v.1,933585
Labels/fulls/NeoGeo/Ghost Pilots.png,Labels/fulls/NeoGeo/ghost-pilots-neogeo-cartridge-label.png,Ghost Pilots,897335
Labels/fulls/NeoGeo/GhostLop _NeoGeoV1.png,Labels/fulls/NeoGeo/ghostlop-neogeov1-neogeo-cartridge-label.png,GhostLop  NeoGeoV1,4642351
Labels/fulls/NeoGeo/GoalGoalGoal _NeoGeoV1.png,Labels/fulls/NeoGeo/goalgoalgoal-neogeov1-neogeo-cartridge-label.png,GoalGoalGoal  NeoGeoV1,2806787
Labels/fulls/NeoGeo/Ironclad MVS v.2.png,Labels/fulls/NeoGeo/ironclad-mvs-v-2-neogeo-cartridge-label.png,Ironclad MVS v.2,4321414
Labels/fulls/NeoGeo/Jockey Grand Prix _NeoGeoV1.png,Labels/fulls/NeoGeo/jockey-grand-prix-neogeov1-neogeo-cartridge-label.png,Jockey Grand Prix  NeoGeoV1,2125284
Labels/fulls/NeoGeo/Karnovs Revenge  _NeoGeoV1.png,Labels/fulls/NeoGeo/karnovs-revenge-neogeov1-neogeo-cartridge-label.png,Karnovs Revenge   NeoGeoV1,4235279
Labels/fulls/NeoGeo/King of Fighters 10TH Anniversary Edition.png,Labels/fulls/NeoGeo/king-of-fighters-10th-anniversary-edition-neogeo-cartridge-label.png,King of Fighters 10TH Anniversary Edition,131405
Labels/fulls/NeoGeo/King of Fighters 2000 _NeoGeoV1.png,Labels/fulls/NeoGeo/king-of-fighters-2000-neogeov1-neogeo-cartridge-label.png,King of Fighters 2000  NeoGeoV1,1585710
Labels/fulls/NeoGeo/King of Fighters 2000 _NeoGeoV2.png,Labels/fulls/NeoGeo/king-of-fighters-2000-neogeov2-neogeo-cartridge-label.png,King of Fighters 2000  NeoGeoV2,1809973
Labels/fulls/NeoGeo/King of Fighters 2000 _NeoGeoV3.png,Labels/fulls/NeoGeo/king-of-fighters-2000-neogeov3-neogeo-cartridge-label.png,King of Fighters 2000  NeoGeoV3,1682056
Labels/fulls/NeoGeo/King of Fighters 2000 _NeoGeoV4.png,Labels/fulls/NeoGeo/king-of-fighters-2000-neogeov4-neogeo-cartridge-label.png,King of Fighters 2000  NeoGeoV4,2009852
Labels/fulls/NeoGeo/King of Fighters 2000 _NeoGeoV5.png,Labels/fulls/NeoGeo/king-of-fighters-2000-neogeov5-neogeo-cartridge-label.png,King of Fighters 2000  NeoGeoV5,1257838
Labels/fulls/NeoGeo/King of Fighters 20003 _NeoGeoV1.png,Labels/fulls/NeoGeo/king-of-fighters-20003-neogeov1-neogeo-cartridge-label.png,King of Fighters 20003  NeoGeoV1,3668803
Labels/fulls/NeoGeo/King of Fighters 2002 JP _NeoGeoV1.png,Labels/fulls/NeoGeo/king-of-fighters-2002-jp-neogeov1-neogeo-cartridge-label.png,King of Fighters 2002 JP  NeoGeoV1,2182054
Labels/fulls/NeoGeo/King of Fighters 2003.png,Labels/fulls/NeoGeo/king-of-fighters-2003-neogeo-cartridge-label.png,King of Fighters 2003,138175
Labels/fulls/NeoGeo/KingofMonsters_NeoGeoV1.png,Labels/fulls/NeoGeo/kingofmonsters-neogeov1-neogeo-cartridge-label.png,KingofMonsters NeoGeoV1,3468358
Labels/fulls/NeoGeo/KingofMonsters_NeoGeoV2.png,Labels/fulls/NeoGeo/kingofmonsters-neogeov2-neogeo-cartridge-label.png,KingofMonsters NeoGeoV2,3392993
Labels/fulls/NeoGeo/Kizuna Encounter _NeoGeoV1.png,Labels/fulls/NeoGeo/kizuna-encounter-neogeov1-neogeo-cartridge-label.png,Kizuna Encounter  NeoGeoV1,3135536
Labels/fulls/NeoGeo/Kizuna Encounter Super Tag Battle MVS V.1.png,Labels/fulls/NeoGeo/kizuna-encounter-super-tag-battle-mvs-v-1-neogeo-cartridge-label.png,Kizuna Encounter Super Tag Battle MVS V.1,202495
Labels/fulls/NeoGeo/Kizuna Encounter Super Tag Battle MVS V.1111.png,Labels/fulls/NeoGeo/kizuna-encounter-super-tag-battle-mvs-v-1111-neogeo-cartridge-label.png,Kizuna Encounter Super Tag Battle MVS V.1111,193079
Labels/fulls/NeoGeo/Kizuna Encounter.png,Labels/fulls/NeoGeo/kizuna-encounter-neogeo-cartridge-label.png,Kizuna Encounter,186739
Labels/fulls/NeoGeo/kizuna encouter.png,Labels/fulls/NeoGeo/kizuna-encouter-neogeo-cartridge-label.png,kizuna encouter,7873482
Labels/fulls/NeoGeo/kof 95.png,Labels/fulls/NeoGeo/kof-95-neogeo-cartridge-label.png,kof 95,627212
Labels/fulls/NeoGeo/KOF97 _NeoGeoV1.png,Labels/fulls/NeoGeo/kof97-neogeov1-neogeo-cartridge-label.png,KOF97  NeoGeoV1,4303681
Labels/fulls/NeoGeo/Label Blazing Star AES.png,Labels/fulls/NeoGeo/label-blazing-star-aes-neogeo-cartridge-label.png,Label Blazing Star AES,5889455
Labels/fulls/NeoGeo/Label NAM 1975.png,Labels/fulls/NeoGeo/label-nam-1975-neogeo-cartridge-label.png,Label NAM 1975,22277820
Labels/fulls/NeoGeo/Last Blade _NeoGeoV1.png,Labels/fulls/NeoGeo/last-blade-neogeov1-neogeo-cartridge-label.png,Last Blade  NeoGeoV1,4168950
Labels/fulls/NeoGeo/LAST HOPE LABEL.png,Labels/fulls/NeoGeo/last-hope-label-neogeo-cartridge-label.png,LAST HOPE LABEL,16094547
Labels/fulls/NeoGeo/Last Resort _NeoGeoV1.png,Labels/fulls/NeoGeo/last-resort-neogeov1-neogeo-cartridge-label.png,Last Resort  NeoGeoV1,4594001
Labels/fulls/NeoGeo/Last Resort _NeoGeoV2.png,Labels/fulls/NeoGeo/last-resort-neogeov2-neogeo-cartridge-label.png,Last Resort  NeoGeoV2,7024451
Labels/fulls/NeoGeo/League bowling JP.png,Labels/fulls/NeoGeo/league-bowling-jp-neogeo-cartridge-label.png,League bowling JP,3847935
Labels/fulls/NeoGeo/Magician Lord_NeoGeoV1.png,Labels/fulls/NeoGeo/magician-lord-neogeov1-neogeo-cartridge-label.png,Magician Lord NeoGeoV1,5199641
Labels/fulls/NeoGeo/Matrimelee  _NeoGeoV1.png,Labels/fulls/NeoGeo/matrimelee-neogeov1-neogeo-cartridge-label.png,Matrimelee   NeoGeoV1,3140047
Labels/fulls/NeoGeo/Matrimelee  _NeoGeoV2.png,Labels/fulls/NeoGeo/matrimelee-neogeov2-neogeo-cartridge-label.png,Matrimelee   NeoGeoV2,2698907
Labels/fulls/NeoGeo/Metal Slug 2 _MVS_front.jpg,Labels/fulls/NeoGeo/metal-slug-2-mvs-front-neogeo-cartridge-label.jpg,Metal Slug 2  MVS front,727191
Labels/fulls/NeoGeo/Metal Slug 3 _MVS_front.jpg,Labels/fulls/NeoGeo/metal-slug-3-mvs-front-neogeo-cartridge-label.jpg,Metal Slug 3  MVS front,670260
Labels/fulls/NeoGeo/Metal Slug 3 _NeoGeoV1.png,Labels/fulls/NeoGeo/metal-slug-3-neogeov1-neogeo-cartridge-label.png,Metal Slug 3  NeoGeoV1,3212854
Labels/fulls/NeoGeo/Metal Slug 4 _MVS_front.jpg,Labels/fulls/NeoGeo/metal-slug-4-mvs-front-neogeo-cartridge-label.jpg,Metal Slug 4  MVS front,998928
Labels/fulls/NeoGeo/Metal Slug 4 _NeoGeoV1.png,Labels/fulls/NeoGeo/metal-slug-4-neogeov1-neogeo-cartridge-label.png,Metal Slug 4  NeoGeoV1,3406569
Labels/fulls/NeoGeo/Metal Slug 5 _MVS_front.jpg,Labels/fulls/NeoGeo/metal-slug-5-mvs-front-neogeo-cartridge-label.jpg,Metal Slug 5  MVS front,763845
Labels/fulls/NeoGeo/Metal Slug _NeoGeoV1.png,Labels/fulls/NeoGeo/metal-slug-neogeov1-neogeo-cartridge-label.png,Metal Slug  NeoGeoV1,2102335
Labels/fulls/NeoGeo/Metal Slug Jap.png,Labels/fulls/NeoGeo/metal-slug-jap-neogeo-cartridge-label.png,Metal Slug Jap,11449846
Labels/fulls/NeoGeo/Metal Slug JP _NeoGeoV1.png,Labels/fulls/NeoGeo/metal-slug-jp-neogeov1-neogeo-cartridge-label.png,Metal Slug JP  NeoGeoV1,1502808
Labels/fulls/NeoGeo/Metal Slug X _MVS_front.jpg,Labels/fulls/NeoGeo/metal-slug-x-mvs-front-neogeo-cartridge-label.jpg,Metal Slug X  MVS front,894887
Labels/fulls/NeoGeo/Metal Slug.png,Labels/fulls/NeoGeo/metal-slug-neogeo-cartridge-label.png,Metal Slug,1696409
Labels/fulls/NeoGeo/Metal Slug_MVS_front.jpg,Labels/fulls/NeoGeo/metal-slug-mvs-front-neogeo-cartridge-label.jpg,Metal Slug MVS front,805059
Labels/fulls/NeoGeo/Multigame 161-1 Series 1 MVS V.1.png,Labels/fulls/NeoGeo/multigame-161-1-series-1-mvs-v-1-neogeo-cartridge-label.png,Multigame 161 1 Series 1 MVS V.1,183474
Labels/fulls/NeoGeo/Multigame 161-1 Series 1 MVS V.2.png,Labels/fulls/NeoGeo/multigame-161-1-series-1-mvs-v-2-neogeo-cartridge-label.png,Multigame 161 1 Series 1 MVS V.2,135267
Labels/fulls/NeoGeo/Multigame 161-1 Series 1 MVS V.3.png,Labels/fulls/NeoGeo/multigame-161-1-series-1-mvs-v-3-neogeo-cartridge-label.png,Multigame 161 1 Series 1 MVS V.3,7510892
Labels/fulls/NeoGeo/MultiGame Series 1 _NeoGeoAES_00.png,Labels/fulls/NeoGeo/multigame-series-1-neogeoaes-00-neogeo-cartridge-label.png,MultiGame Series 1  NeoGeoAES 00,446212
Labels/fulls/NeoGeo/MutationNation_MVS.png,Labels/fulls/NeoGeo/mutationnation-mvs-neogeo-cartridge-label.png,MutationNation MVS,738912
Labels/fulls/NeoGeo/MVS 161 in 1 _NeoGeoV1.png,Labels/fulls/NeoGeo/mvs-161-in-1-neogeov1-neogeo-cartridge-label.png,MVS 161 in 1  NeoGeoV1,5476698
Labels/fulls/NeoGeo/MVS V.1.png,Labels/fulls/NeoGeo/mvs-v-1-neogeo-cartridge-label.png,MVS V.1,777384
Labels/fulls/NeoGeo/NAM-1975 _NeoGeoV1.png,Labels/fulls/NeoGeo/nam-1975-neogeov1-neogeo-cartridge-label.png,NAM 1975  NeoGeoV1,5268484
Labels/fulls/NeoGeo/NAM-1975 MVS V.1.png,Labels/fulls/NeoGeo/nam-1975-mvs-v-1-neogeo-cartridge-label.png,NAM 1975 MVS V.1,1608346
Labels/fulls/NeoGeo/NAM-1975 MVS V.2.png,Labels/fulls/NeoGeo/nam-1975-mvs-v-2-neogeo-cartridge-label.png,NAM 1975 MVS V.2,1595572
Labels/fulls/NeoGeo/Neo Turf Masters  _NeoGeoV1.png,Labels/fulls/NeoGeo/neo-turf-masters-neogeov1-neogeo-cartridge-label.png,Neo Turf Masters   NeoGeoV1,297587
Labels/fulls/NeoGeo/NeoDriftOut_MVS.png,Labels/fulls/NeoGeo/neodriftout-mvs-neogeo-cartridge-label.png,NeoDriftOut MVS,905912
Labels/fulls/NeoGeo/NEOGEO _NeoGeoV1.png,Labels/fulls/NeoGeo/neogeo-neogeov1-neogeo-cartridge-label.png,NEOGEO  NeoGeoV1,87046
Labels/fulls/NeoGeo/NeoGeoLabel_WarningLabel_Sheet PRINT.png,Labels/fulls/NeoGeo/neogeolabel-warninglabel-sheet-print-neogeo-cartridge-label.png,NeoGeoLabel WarningLabel Sheet PRINT,828767
Labels/fulls/NeoGeo/Nightmare in the Dark _NeoGeoV1.png,Labels/fulls/NeoGeo/nightmare-in-the-dark-neogeov1-neogeo-cartridge-label.png,Nightmare in the Dark  NeoGeoV1,4957423
Labels/fulls/NeoGeo/Ninja Combat _NeoGeoV1.png,Labels/fulls/NeoGeo/ninja-combat-neogeov1-neogeo-cartridge-label.png,Ninja Combat  NeoGeoV1,5351494
Labels/fulls/NeoGeo/Ninja Combat _NeoGeoV2 (1).png,Labels/fulls/NeoGeo/ninja-combat-neogeov2-1-neogeo-cartridge-label.png,Ninja Combat  NeoGeoV2 (1),2349621
Labels/fulls/NeoGeo/Ninja Combat _NeoGeoV2.png,Labels/fulls/NeoGeo/ninja-combat-neogeov2-neogeo-cartridge-label.png,Ninja Combat  NeoGeoV2,2714475
Labels/fulls/NeoGeo/Ninja Commando_NeoGeoV1.png,Labels/fulls/NeoGeo/ninja-commando-neogeov1-neogeo-cartridge-label.png,Ninja Commando NeoGeoV1,1357568
Labels/fulls/NeoGeo/Ninja Masters _NeoGeoV1.png,Labels/fulls/NeoGeo/ninja-masters-neogeov1-neogeo-cartridge-label.png,Ninja Masters  NeoGeoV1,4016022
Labels/fulls/NeoGeo/NNeo 161in1 _NeoGeoV1.png,Labels/fulls/NeoGeo/nneo-161in1-neogeov1-neogeo-cartridge-label.png,NNeo 161in1  NeoGeoV1,5304462
Labels/fulls/NeoGeo/Pleasure Goal 5 on 5 Soccer _NeoGeoV1.png,Labels/fulls/NeoGeo/pleasure-goal-5-on-5-soccer-neogeov1-neogeo-cartridge-label.png,Pleasure Goal 5 on 5 Soccer  NeoGeoV1,4347081
Labels/fulls/NeoGeo/Pochi & Nyaa  _NeoGeoV1.png,Labels/fulls/NeoGeo/pochi-and-nyaa-neogeov1-neogeo-cartridge-label.png,Pochi & Nyaa   NeoGeoV1,4235865
Labels/fulls/NeoGeo/Project Neon _NeoGeoV1.png,Labels/fulls/NeoGeo/project-neon-neogeov1-neogeo-cartridge-label.png,Project Neon  NeoGeoV1,2622489
Labels/fulls/NeoGeo/Project Neon _NeoGeoV2.png,Labels/fulls/NeoGeo/project-neon-neogeov2-neogeo-cartridge-label.png,Project Neon  NeoGeoV2,2204454
Labels/fulls/NeoGeo/Pulstar _NeoGeoV1.png,Labels/fulls/NeoGeo/pulstar-neogeov1-neogeo-cartridge-label.png,Pulstar  NeoGeoV1,3426276
Labels/fulls/NeoGeo/Pulstar.png,Labels/fulls/NeoGeo/pulstar-neogeo-cartridge-label.png,Pulstar,8499417
Labels/fulls/NeoGeo/puzbob_logo_update - Mr Raiden.png,Labels/fulls/NeoGeo/puzbob-logo-update-mr-raiden-neogeo-cartridge-label.png,puzbob logo update   Mr Raiden,993158
Labels/fulls/NeoGeo/PuzzleBobble  _NeoGeoV2.png,Labels/fulls/NeoGeo/puzzlebobble-neogeov2-neogeo-cartridge-label.png,PuzzleBobble   NeoGeoV2,3360792
Labels/fulls/NeoGeo/ragnarok.JPG,Labels/fulls/NeoGeo/ragnarok-neogeo-cartridge-label.jpg,ragnarok,449999
Labels/fulls/NeoGeo/Raguy _NeoGeoAES_00.png,Labels/fulls/NeoGeo/raguy-neogeoaes-00-neogeo-cartridge-label.png,Raguy  NeoGeoAES 00,4431413
Labels/fulls/NeoGeo/Real Bout Fatal Fury _NeoGeoV1.png,Labels/fulls/NeoGeo/real-bout-fatal-fury-neogeov1-neogeo-cartridge-label.png,Real Bout Fatal Fury  NeoGeoV1,4322923
Labels/fulls/NeoGeo/Real Bout Fatal Fury Special.png,Labels/fulls/NeoGeo/real-bout-fatal-fury-special-neogeo-cartridge-label.png,Real Bout Fatal Fury Special,1016942
Labels/fulls/NeoGeo/Realbout Fatal Fury Special _NeoGeoV1.png,Labels/fulls/NeoGeo/realbout-fatal-fury-special-neogeov1-neogeo-cartridge-label.png,Realbout Fatal Fury Special  NeoGeoV1,2073596
Labels/fulls/NeoGeo/Remaster Example.png,Labels/fulls/NeoGeo/remaster-example-neogeo-cartridge-label.png,Remaster Example,1966606
Labels/fulls/NeoGeo/Retrobit.png,Labels/fulls/NeoGeo/retrobit-neogeo-cartridge-label.png,Retrobit,4856378
Labels/fulls/NeoGeo/ROBO ARMY USA httpembuscadosjogosperdidos.blogspot.com.png,Labels/fulls/NeoGeo/robo-army-usa-httpembuscadosjogosperdidos-blogspot-com-neogeo-cartridge-label.png,ROBO ARMY USA httpembuscadosjogosperdidos.blogspot.com,2030505
Labels/fulls/NeoGeo/Samurai Shodown 2 _MVS_front.jpg,Labels/fulls/NeoGeo/samurai-shodown-2-mvs-front-neogeo-cartridge-label.jpg,Samurai Shodown 2  MVS front,735702
Labels/fulls/NeoGeo/Samurai Shodown _MVS_front.jpg,Labels/fulls/NeoGeo/samurai-shodown-mvs-front-neogeo-cartridge-label.jpg,Samurai Shodown  MVS front,1034804
Labels/fulls/NeoGeo/Samurai Shodown II_NeoGeoV1.png,Labels/fulls/NeoGeo/samurai-shodown-ii-neogeov1-neogeo-cartridge-label.png,Samurai Shodown II NeoGeoV1,3882311
Labels/fulls/NeoGeo/Samurai Shodown IV_NeoGeoV1.png,Labels/fulls/NeoGeo/samurai-shodown-iv-neogeov1-neogeo-cartridge-label.png,Samurai Shodown IV NeoGeoV1,3005490
Labels/fulls/NeoGeo/Samurai Shodown IV_NeoGeoV2.png,Labels/fulls/NeoGeo/samurai-shodown-iv-neogeov2-neogeo-cartridge-label.png,Samurai Shodown IV NeoGeoV2,4116447
Labels/fulls/NeoGeo/Samurai Shodown IV_NeoGeoV3.png,Labels/fulls/NeoGeo/samurai-shodown-iv-neogeov3-neogeo-cartridge-label.png,Samurai Shodown IV NeoGeoV3,3461085
Labels/fulls/NeoGeo/Samurai Shodown.png,Labels/fulls/NeoGeo/samurai-shodown-neogeo-cartridge-label.png,Samurai Shodown,5350018
Labels/fulls/NeoGeo/Samurai Shodown_NeoGeoV1.png,Labels/fulls/NeoGeo/samurai-shodown-neogeov1-neogeo-cartridge-label.png,Samurai Shodown NeoGeoV1,4388911
Labels/fulls/NeoGeo/Savage Reign _NeoGeoV1.png,Labels/fulls/NeoGeo/savage-reign-neogeov1-neogeo-cartridge-label.png,Savage Reign  NeoGeoV1,3081414
Labels/fulls/NeoGeo/Segoku label USA httpembuscadosjogosperdidos.blogspot.com.png,Labels/fulls/NeoGeo/segoku-label-usa-httpembuscadosjogosperdidos-blogspot-com-neogeo-cartridge-label.png,Segoku label USA httpembuscadosjogosperdidos.blogspot.com,890934
Labels/fulls/NeoGeo/Sengoku 1.png,Labels/fulls/NeoGeo/sengoku-1-neogeo-cartridge-label.png,Sengoku 1,8545411
Labels/fulls/NeoGeo/Sengoku 2 _NeoGeoV1.png,Labels/fulls/NeoGeo/sengoku-2-neogeov1-neogeo-cartridge-label.png,Sengoku 2  NeoGeoV1,4084168
Labels/fulls/NeoGeo/Sengoku _NeoGeoV1.png,Labels/fulls/NeoGeo/sengoku-neogeov1-neogeo-cartridge-label.png,Sengoku  NeoGeoV1,6304370
Labels/fulls/NeoGeo/Sengoku3_MVS.png,Labels/fulls/NeoGeo/sengoku3-mvs-neogeo-cartridge-label.png,Sengoku3 MVS,1026922
Labels/fulls/NeoGeo/Shock Troopers _NeoGeoV1.png,Labels/fulls/NeoGeo/shock-troopers-neogeov1-neogeo-cartridge-label.png,Shock Troopers  NeoGeoV1,5231661
Labels/fulls/NeoGeo/Shock Troopers _NeoGeoV2.png,Labels/fulls/NeoGeo/shock-troopers-neogeov2-neogeo-cartridge-label.png,Shock Troopers  NeoGeoV2,4064398
Labels/fulls/NeoGeo/Shock Troopers _NeoGeoV3.png,Labels/fulls/NeoGeo/shock-troopers-neogeov3-neogeo-cartridge-label.png,Shock Troopers  NeoGeoV3,4505393
Labels/fulls/NeoGeo/Shock Troopers _NeoGeoV4.png,Labels/fulls/NeoGeo/shock-troopers-neogeov4-neogeo-cartridge-label.png,Shock Troopers  NeoGeoV4,4721036
Labels/fulls/NeoGeo/Shock Troopers MVS v.1.png,Labels/fulls/NeoGeo/shock-troopers-mvs-v-1-neogeo-cartridge-label.png,Shock Troopers MVS v.1,840965
Labels/fulls/NeoGeo/Shock Troopers MVS v.2.png,Labels/fulls/NeoGeo/shock-troopers-mvs-v-2-neogeo-cartridge-label.png,Shock Troopers MVS v.2,2996710
Labels/fulls/NeoGeo/ShockTroopers2ndSquadron_NeoGeoMVS_02.png,Labels/fulls/NeoGeo/shocktroopers2ndsquadron-neogeomvs-02-neogeo-cartridge-label.png,ShockTroopers2ndSquadron NeoGeoMVS 02,4190420
Labels/fulls/NeoGeo/Spinmaster _NeoGeoV1.png,Labels/fulls/NeoGeo/spinmaster-neogeov1-neogeo-cartridge-label.png,Spinmaster  NeoGeoV1,5319257
Labels/fulls/NeoGeo/spinmaster.png,Labels/fulls/NeoGeo/spinmaster-neogeo-cartridge-label.png,spinmaster,1440657
Labels/fulls/NeoGeo/Strikers 1945 Plus _NeoGeoV1.png,Labels/fulls/NeoGeo/strikers-1945-plus-neogeov1-neogeo-cartridge-label.png,Strikers 1945 Plus  NeoGeoV1,3888951
Labels/fulls/NeoGeo/Strikers 1945 Plus _NeoGeoV2.png,Labels/fulls/NeoGeo/strikers-1945-plus-neogeov2-neogeo-cartridge-label.png,Strikers 1945 Plus  NeoGeoV2,4136740
Labels/fulls/NeoGeo/Super Siderkicks 3.png,Labels/fulls/NeoGeo/super-siderkicks-3-neogeo-cartridge-label.png,Super Siderkicks 3,6489673
Labels/fulls/NeoGeo/Super Tag Battle _NeoGeoV1.png,Labels/fulls/NeoGeo/super-tag-battle-neogeov1-neogeo-cartridge-label.png,Super Tag Battle  NeoGeoV1,3074167
Labels/fulls/NeoGeo/SVC Chaos _NeoGeoV1.png,Labels/fulls/NeoGeo/svc-chaos-neogeov1-neogeo-cartridge-label.png,SVC Chaos  NeoGeoV1,845349
Labels/fulls/NeoGeo/temptate mvs.png,Labels/fulls/NeoGeo/temptate-mvs-neogeo-cartridge-label.png,temptate mvs,29874
Labels/fulls/NeoGeo/Twinkle Star Sprites _NeoGeoV1.png,Labels/fulls/NeoGeo/twinkle-star-sprites-neogeov1-neogeo-cartridge-label.png,Twinkle Star Sprites  NeoGeoV1,4142563
Labels/fulls/NeoGeo/Viewpoint _NeoGeoV1.png,Labels/fulls/NeoGeo/viewpoint-neogeov1-neogeo-cartridge-label.png,Viewpoint  NeoGeoV1,3764079
Labels/fulls/NeoGeo/VIEWPOINT-JP-httpembuscadosjogosperdidos.blogspot.com.jpg,Labels/fulls/NeoGeo/viewpoint-jp-httpembuscadosjogosperdidos-blogspot-com-neogeo-cartridge-label.jpg,VIEWPOINT JP httpembuscadosjogosperdidos.blogspot.com,305016
Labels/fulls/NeoGeo/wakuwaku 7.jpg,Labels/fulls/NeoGeo/wakuwaku-7-neogeo-cartridge-label.jpg,wakuwaku 7,479480
Labels/fulls/NeoGeo/WakuWaku7_MVS.png,Labels/fulls/NeoGeo/wakuwaku7-mvs-neogeo-cartridge-label.png,WakuWaku7 MVS,814408
Labels/fulls/NeoGeo/WINDJAMMERS JP.png,Labels/fulls/NeoGeo/windjammers-jp-neogeo-cartridge-label.png,WINDJAMMERS JP,17295602
Labels/fulls/NeoGeo/WINDJAMMERS-US-LABEL-REBUILT.jpg,Labels/fulls/NeoGeo/windjammers-us-label-rebuilt-neogeo-cartridge-label.jpg,WINDJAMMERS US LABEL REBUILT,251237
Labels/fulls/NeoGeo/World Heroes _NeoGeoV1.png,Labels/fulls/NeoGeo/world-heroes-neogeov1-neogeo-cartridge-label.png,World Heroes  NeoGeoV1,3921221
Labels/fulls/NeoGeo/Xeno Crisis _NeoGeoV1.png,Labels/fulls/NeoGeo/xeno-crisis-neogeov1-neogeo-cartridge-label.png,Xeno Crisis  NeoGeoV1,3485659
Labels/fulls/NeoGeo/zed blade usa.png,Labels/fulls/NeoGeo/zed-blade-usa-neogeo-cartridge-label.png,zed blade usa,7610701
Labels/fulls/NES/_nes_V.png,Labels/fulls/NES/nes-v-nes-cartridge-label.png,nes V,3800969
Labels/fulls/NES/AttackoftheKillerTomatoes_nes_V1.png,Labels/fulls/NES/attackofthekillertomatoes-nes-v1-nes-cartridge-label.png,AttackoftheKillerTomatoes nes V1,1276089
Labels/fulls/NES/Bandit Kings of Ancient China _nes_V1.png,Labels/fulls/NES/bandit-kings-of-ancient-china-nes-v1-nes-cartridge-label.png,Bandit Kings of Ancient China  nes V1,3420542
Labels/fulls/NES/Bandit Kings of Ancient China _nes_V2.png,Labels/fulls/NES/bandit-kings-of-ancient-china-nes-v2-nes-cartridge-label.png,Bandit Kings of Ancient China  nes V2,3500516
Labels/fulls/NES/Batman_nes_V1.png,Labels/fulls/NES/batman-nes-v1-nes-cartridge-label.png,Batman nes V1,2827296
Labels/fulls/NES/Battletoads.jpg,Labels/fulls/NES/battletoads-nes-cartridge-label.jpg,Battletoads,536634
Labels/fulls/NES/Beetlejuice - Label.jpg,Labels/fulls/NES/beetlejuice-label-nes-cartridge-label.jpg,Beetlejuice   Label,390008
Labels/fulls/NES/Blades of Steel _nes_V2.png,Labels/fulls/NES/blades-of-steel-nes-v2-nes-cartridge-label.png,Blades of Steel  nes V2,1566943
Labels/fulls/NES/Blues Brothers_nes_V1.png,Labels/fulls/NES/blues-brothers-nes-v1-nes-cartridge-label.png,Blues Brothers nes V1,3614354
Labels/fulls/NES/Bootleg NES Games _nes_V.png,Labels/fulls/NES/bootleg-nes-games-nes-v-nes-cartridge-label.png,Bootleg NES Games  nes V,2516268
Labels/fulls/NES/BuckyOhare_nes_V1.png,Labels/fulls/NES/buckyohare-nes-v1-nes-cartridge-label.png,BuckyOhare nes V1,4019883
Labels/fulls/NES/BuckyOhare_nes_V2.png,Labels/fulls/NES/buckyohare-nes-v2-nes-cartridge-label.png,BuckyOhare nes V2,3936445
Labels/fulls/NES/Captain America and the Avengers _nes_V01.png,Labels/fulls/NES/captain-america-and-the-avengers-nes-v01-nes-cartridge-label.png,Captain America and the Avengers  nes V01,3115633
Labels/fulls/NES/Captain America and the Avengers _nes_V02.png,Labels/fulls/NES/captain-america-and-the-avengers-nes-v02-nes-cartridge-label.png,Captain America and the Avengers  nes V02,2603784
Labels/fulls/NES/Captain America and the Avengers _nes_V03.png,Labels/fulls/NES/captain-america-and-the-avengers-nes-v03-nes-cartridge-label.png,Captain America and the Avengers  nes V03,4426892
Labels/fulls/NES/Castlevania _nes_V1.png,Labels/fulls/NES/castlevania-nes-v1-nes-cartridge-label.png,Castlevania  nes V1,2547670
Labels/fulls/NES/Chiller_nes_V1.png,Labels/fulls/NES/chiller-nes-v1-nes-cartridge-label.png,Chiller nes V1,2177899
Labels/fulls/NES/Chiller_nes_V2.png,Labels/fulls/NES/chiller-nes-v2-nes-cartridge-label.png,Chiller nes V2,3293173
Labels/fulls/NES/Clash at Demonhead _nes_V1.png,Labels/fulls/NES/clash-at-demonhead-nes-v1-nes-cartridge-label.png,Clash at Demonhead  nes V1,3898906
Labels/fulls/NES/Clash at Demonhead _nes_V2.png,Labels/fulls/NES/clash-at-demonhead-nes-v2-nes-cartridge-label.png,Clash at Demonhead  nes V2,3024221
Labels/fulls/NES/Cliffhanger_nes_V1.png,Labels/fulls/NES/cliffhanger-nes-v1-nes-cartridge-label.png,Cliffhanger nes V1,1227780
Labels/fulls/NES/Cliffhanger_nes_V2.png,Labels/fulls/NES/cliffhanger-nes-v2-nes-cartridge-label.png,Cliffhanger nes V2,2081532
Labels/fulls/NES/Conan-game-label.png,Labels/fulls/NES/conan-game-label-nes-cartridge-label.png,Conan game label,3229416
Labels/fulls/NES/CowboyKid_nes_V1.png,Labels/fulls/NES/cowboykid-nes-v1-nes-cartridge-label.png,CowboyKid nes V1,4884524
Labels/fulls/NES/CowboyKid_nes_V2.png,Labels/fulls/NES/cowboykid-nes-v2-nes-cartridge-label.png,CowboyKid nes V2,3175972
Labels/fulls/NES/Dacathlon_nes_V1.png,Labels/fulls/NES/dacathlon-nes-v1-nes-cartridge-label.png,Dacathlon nes V1,2798406
Labels/fulls/NES/Deadpool _nes_V1.png,Labels/fulls/NES/deadpool-nes-v1-nes-cartridge-label.png,Deadpool  nes V1,4361219
Labels/fulls/NES/Deadpool _nes_V2.png,Labels/fulls/NES/deadpool-nes-v2-nes-cartridge-label.png,Deadpool  nes V2,3404640
Labels/fulls/NES/Deadpool _nes_V3.png,Labels/fulls/NES/deadpool-nes-v3-nes-cartridge-label.png,Deadpool  nes V3,3896515
Labels/fulls/NES/Donkey Kong.jpg,Labels/fulls/NES/donkey-kong-nes-cartridge-label.jpg,Donkey Kong,469742
Labels/fulls/NES/DonkeyKong3_nes_V1.png,Labels/fulls/NES/donkeykong3-nes-v1-nes-cartridge-label.png,DonkeyKong3 nes V1,1292964
Labels/fulls/NES/DonkeyKong3_nes_V2.png,Labels/fulls/NES/donkeykong3-nes-v2-nes-cartridge-label.png,DonkeyKong3 nes V2,1539040
Labels/fulls/NES/DonkeyKong3_nes_V3.png,Labels/fulls/NES/donkeykong3-nes-v3-nes-cartridge-label.png,DonkeyKong3 nes V3,2475416
Labels/fulls/NES/DonkeyKongJR_nes_V1.png,Labels/fulls/NES/donkeykongjr-nes-v1-nes-cartridge-label.png,DonkeyKongJR nes V1,870308
Labels/fulls/NES/DonkeyKongJR_nes_V2.png,Labels/fulls/NES/donkeykongjr-nes-v2-nes-cartridge-label.png,DonkeyKongJR nes V2,2361061
Labels/fulls/NES/DonkeyKongJR_nes_V3.png,Labels/fulls/NES/donkeykongjr-nes-v3-nes-cartridge-label.png,DonkeyKongJR nes V3,1580499
Labels/fulls/NES/DoubleDragonIIIabel.png,Labels/fulls/NES/doubledragoniiiabel-nes-cartridge-label.png,DoubleDragonIIIabel,3760032
Labels/fulls/NES/Earthbound _nes_V1.png,Labels/fulls/NES/earthbound-nes-v1-nes-cartridge-label.png,Earthbound  nes V1,2000889
Labels/fulls/NES/Everdrive N8 _nes_V1.png,Labels/fulls/NES/everdrive-n8-nes-v1-nes-cartridge-label.png,Everdrive N8  nes V1,1104033
Labels/fulls/NES/Everdrive N8 _nes_V2.png,Labels/fulls/NES/everdrive-n8-nes-v2-nes-cartridge-label.png,Everdrive N8  nes V2,3717015
Labels/fulls/NES/Everdrive N8 _nes_V3.png,Labels/fulls/NES/everdrive-n8-nes-v3-nes-cartridge-label.png,Everdrive N8  nes V3,967369
Labels/fulls/NES/everdrive-n8-nes.png,Labels/fulls/NES/everdrive-n8-nes-nes-cartridge-label.png,everdrive n8 nes,312590
Labels/fulls/NES/FELIX THE CAT.png,Labels/fulls/NES/felix-the-cat-nes-cartridge-label.png,FELIX THE CAT,2780641
Labels/fulls/NES/Giligans Island.png,Labels/fulls/NES/giligans-island-nes-cartridge-label.png,Giligans Island,4649345
Labels/fulls/NES/GuerrillaWar_nes_V1.png,Labels/fulls/NES/guerrillawar-nes-v1-nes-cartridge-label.png,GuerrillaWar nes V1,3079352
Labels/fulls/NES/GuerrillaWar_nes_V2.png,Labels/fulls/NES/guerrillawar-nes-v2-nes-cartridge-label.png,GuerrillaWar nes V2,2822698
Labels/fulls/NES/Hell Fighter_nes_V1.png,Labels/fulls/NES/hell-fighter-nes-v1-nes-cartridge-label.png,Hell Fighter nes V1,5197007
Labels/fulls/NES/Heroes of the Lance_nes_V1.png,Labels/fulls/NES/heroes-of-the-lance-nes-v1-nes-cartridge-label.png,Heroes of the Lance nes V1,2629977
Labels/fulls/NES/KingNeptunesAdventure_nes_V.png,Labels/fulls/NES/kingneptunesadventure-nes-v-nes-cartridge-label.png,KingNeptunesAdventure nes V,3846194
Labels/fulls/NES/KingNeptunesAdventureBack.png,Labels/fulls/NES/kingneptunesadventureback-nes-cartridge-label.png,KingNeptunesAdventureBack,169633
Labels/fulls/NES/KingNeptunesAdventureFront.png,Labels/fulls/NES/kingneptunesadventurefront-nes-cartridge-label.png,KingNeptunesAdventureFront,1027336
Labels/fulls/NES/Little Ninja Brothers _nes_V1.png,Labels/fulls/NES/little-ninja-brothers-nes-v1-nes-cartridge-label.png,Little Ninja Brothers  nes V1,2813663
Labels/fulls/NES/Little Ninja Brothers _nes_V2.png,Labels/fulls/NES/little-ninja-brothers-nes-v2-nes-cartridge-label.png,Little Ninja Brothers  nes V2,3202698
Labels/fulls/NES/LittleSimonNES.png,Labels/fulls/NES/littlesimonnes-nes-cartridge-label.png,LittleSimonNES,3607731
Labels/fulls/NES/Macross Super Dimension Fortress_nes_V1.png,Labels/fulls/NES/macross-super-dimension-fortress-nes-v1-nes-cartridge-label.png,Macross Super Dimension Fortress nes V1,2459612
Labels/fulls/NES/Macross Super Dimension Fortress_nes_V2.png,Labels/fulls/NES/macross-super-dimension-fortress-nes-v2-nes-cartridge-label.png,Macross Super Dimension Fortress nes V2,4078775
Labels/fulls/NES/Mario Adventure _nes_V1.png,Labels/fulls/NES/mario-adventure-nes-v1-nes-cartridge-label.png,Mario Adventure  nes V1,4788449
Labels/fulls/NES/Masters of the Universe_nes_V1.png,Labels/fulls/NES/masters-of-the-universe-nes-v1-nes-cartridge-label.png,Masters of the Universe nes V1,5747487
Labels/fulls/NES/Mega Man 4 _nes_V#.png,Labels/fulls/NES/mega-man-4-nes-v-nes-cartridge-label.png,Mega Man 4  nes V#,2733792
Labels/fulls/NES/Mega Man 4 _nes_V1.png,Labels/fulls/NES/mega-man-4-nes-v1-nes-cartridge-label.png,Mega Man 4  nes V1,3019143
Labels/fulls/NES/Mega Man 4 _nes_V2.png,Labels/fulls/NES/mega-man-4-nes-v2-nes-cartridge-label.png,Mega Man 4  nes V2,2671086
Labels/fulls/NES/MegaMan2V2.png,Labels/fulls/NES/megaman2v2-nes-cartridge-label.png,MegaMan2V2,2626661
Labels/fulls/NES/MegaMan5_nes_V1.png,Labels/fulls/NES/megaman5-nes-v1-nes-cartridge-label.png,MegaMan5 nes V1,3483078
Labels/fulls/NES/Metroid - Label.jpg,Labels/fulls/NES/metroid-label-nes-cartridge-label.jpg,Metroid   Label,308228
Labels/fulls/NES/Mighty Final Fight.png,Labels/fulls/NES/mighty-final-fight-nes-cartridge-label.png,Mighty Final Fight,4213190
Labels/fulls/NES/Mighty Final FightV2.png,Labels/fulls/NES/mighty-final-fightv2-nes-cartridge-label.png,Mighty Final FightV2,3928209
Labels/fulls/NES/Mike Tysons PunchOut _nes_V1.png,Labels/fulls/NES/mike-tysons-punchout-nes-v1-nes-cartridge-label.png,Mike Tysons PunchOut  nes V1,1482632
Labels/fulls/NES/Minceraft _nes_V1.png,Labels/fulls/NES/minceraft-nes-v1-nes-cartridge-label.png,Minceraft  nes V1,195751
Labels/fulls/NES/Minceraft _nes_V2.png,Labels/fulls/NES/minceraft-nes-v2-nes-cartridge-label.png,Minceraft  nes V2,1625099
Labels/fulls/NES/Minceraft _nes_V3.png,Labels/fulls/NES/minceraft-nes-v3-nes-cartridge-label.png,Minceraft  nes V3,2473948
Labels/fulls/NES/Minecraft _nes_V4.png,Labels/fulls/NES/minecraft-nes-v4-nes-cartridge-label.png,Minecraft  nes V4,2116188
Labels/fulls/NES/mmii2_Label.png,Labels/fulls/NES/mmii2-label-nes-cartridge-label.png,mmii2 Label,2463860
Labels/fulls/NES/MMII_Label.png,Labels/fulls/NES/mmii-label-nes-cartridge-label.png,MMII Label,3483078
Labels/fulls/NES/monsterparty-game-label.png,Labels/fulls/NES/monsterparty-game-label-nes-cartridge-label.png,monsterparty game label,3802005
Labels/fulls/NES/New Ghost Busters II _nes_V1.png,Labels/fulls/NES/new-ghost-busters-ii-nes-v1-nes-cartridge-label.png,New Ghost Busters II  nes V1,4662751
Labels/fulls/NES/NinjaCrusaders_nes_V.png,Labels/fulls/NES/ninjacrusaders-nes-v-nes-cartridge-label.png,NinjaCrusaders nes V,3192458
Labels/fulls/NES/NinjaCrusaders_nes_V2.png,Labels/fulls/NES/ninjacrusaders-nes-v2-nes-cartridge-label.png,NinjaCrusaders nes V2,2813554
Labels/fulls/NES/NinjaCrusaders_nes_V3.png,Labels/fulls/NES/ninjacrusaders-nes-v3-nes-cartridge-label.png,NinjaCrusaders nes V3,3071879
Labels/fulls/NES/Punch-Out _nes_V.png,Labels/fulls/NES/punch-out-nes-v-nes-cartridge-label.png,Punch Out  nes V,3195068
Labels/fulls/NES/Punch-Out _nes_V2.png,Labels/fulls/NES/punch-out-nes-v2-nes-cartridge-label.png,Punch Out  nes V2,2727226
Labels/fulls/NES/Rainbow Island_nes_V1.png,Labels/fulls/NES/rainbow-island-nes-v1-nes-cartridge-label.png,Rainbow Island nes V1,4911841
Labels/fulls/NES/RC Pro-Am II _nes_V1.png,Labels/fulls/NES/rc-pro-am-ii-nes-v1-nes-cartridge-label.png,RC Pro Am II  nes V1,4406994
Labels/fulls/NES/River City Ransom_nes_V1.png,Labels/fulls/NES/river-city-ransom-nes-v1-nes-cartridge-label.png,River City Ransom nes V1,5439732
Labels/fulls/NES/River City Ransom_nes_V2.png,Labels/fulls/NES/river-city-ransom-nes-v2-nes-cartridge-label.png,River City Ransom nes V2,2073570
Labels/fulls/NES/Sanchen Mega Soft_nes_V1.png,Labels/fulls/NES/sanchen-mega-soft-nes-v1-nes-cartridge-label.png,Sanchen Mega Soft nes V1,3760640
Labels/fulls/NES/Shadow of the Ninja_nes_V1.png,Labels/fulls/NES/shadow-of-the-ninja-nes-v1-nes-cartridge-label.png,Shadow of the Ninja nes V1,3188137
Labels/fulls/NES/SMASH TV.png,Labels/fulls/NES/smash-tv-nes-cartridge-label.png,SMASH TV,4812422
Labels/fulls/NES/Spot_nes_V1.png,Labels/fulls/NES/spot-nes-v1-nes-cartridge-label.png,Spot nes V1,563490
Labels/fulls/NES/Spot_nes_V2.png,Labels/fulls/NES/spot-nes-v2-nes-cartridge-label.png,Spot nes V2,3644879
Labels/fulls/NES/Street Fighter II _nes_V1.png,Labels/fulls/NES/street-fighter-ii-nes-v1-nes-cartridge-label.png,Street Fighter II  nes V1,3457280
Labels/fulls/NES/Street Fighter II _nes_V2.png,Labels/fulls/NES/street-fighter-ii-nes-v2-nes-cartridge-label.png,Street Fighter II  nes V2,3374085
Labels/fulls/NES/Super Mario Bros. + Duck Hunt - Label.jpg,Labels/fulls/NES/super-mario-bros-duck-hunt-label-nes-cartridge-label.jpg,Super Mario Bros. + Duck Hunt   Label,321927
Labels/fulls/NES/Super Mario Bros. 2 _nes_V1.jpg,Labels/fulls/NES/super-mario-bros-2-nes-v1-nes-cartridge-label.jpg,Super Mario Bros. 2  nes V1,1021882
Labels/fulls/NES/Super Mario Bros. 3_nes_V1 - Copy.jpg,Labels/fulls/NES/super-mario-bros-3-nes-v1-copy-nes-cartridge-label.jpg,Super Mario Bros. 3 nes V1   Copy,481872
Labels/fulls/NES/Super Mario Bros. _nes_V1.png,Labels/fulls/NES/super-mario-bros-nes-v1-nes-cartridge-label.png,Super Mario Bros.  nes V1,858514
Labels/fulls/NES/Super Ohmstead Bros. 3_nes_V1.jpg,Labels/fulls/NES/super-ohmstead-bros-3-nes-v1-nes-cartridge-label.jpg,Super Ohmstead Bros. 3 nes V1,494814
Labels/fulls/NES/Super Ohmstead Bros. 3_nes_V2.jpg,Labels/fulls/NES/super-ohmstead-bros-3-nes-v2-nes-cartridge-label.jpg,Super Ohmstead Bros. 3 nes V2,494814
Labels/fulls/NES/SuperC_nes_V1.png,Labels/fulls/NES/superc-nes-v1-nes-cartridge-label.png,SuperC nes V1,4320420
Labels/fulls/NES/SuperC_nes_V2.png,Labels/fulls/NES/superc-nes-v2-nes-cartridge-label.png,SuperC nes V2,3508710
Labels/fulls/NES/SuperC_nes_V3.png,Labels/fulls/NES/superc-nes-v3-nes-cartridge-label.png,SuperC nes V3,3023743
Labels/fulls/NES/SuperC_nes_V4.png,Labels/fulls/NES/superc-nes-v4-nes-cartridge-label.png,SuperC nes V4,3420616
Labels/fulls/NES/SuperMarioBros2_nes_V1.png,Labels/fulls/NES/supermariobros2-nes-v1-nes-cartridge-label.png,SuperMarioBros2 nes V1,2857356
Labels/fulls/NES/SuperMarioBros2_nes_V2_nes_V.png,Labels/fulls/NES/supermariobros2-nes-v2-nes-v-nes-cartridge-label.png,SuperMarioBros2 nes V2 nes V,2624423
Labels/fulls/NES/SuperMarioBros2_nes_V2b.png,Labels/fulls/NES/supermariobros2-nes-v2b-nes-cartridge-label.png,SuperMarioBros2 nes V2b,2602484
Labels/fulls/NES/SuperMarioBros2LostLevels_nes_V1.png,Labels/fulls/NES/supermariobros2lostlevels-nes-v1-nes-cartridge-label.png,SuperMarioBros2LostLevels nes V1,1264282
Labels/fulls/NES/SuperMarioBros2LostLevels_nes_V2.png,Labels/fulls/NES/supermariobros2lostlevels-nes-v2-nes-cartridge-label.png,SuperMarioBros2LostLevels nes V2,797618
Labels/fulls/NES/SuperMarioBros2LostLevels_nes_V3.png,Labels/fulls/NES/supermariobros2lostlevels-nes-v3-nes-cartridge-label.png,SuperMarioBros2LostLevels nes V3,2637156
Labels/fulls/NES/SuperMarioBros2LostLevels_nes_V4.png,Labels/fulls/NES/supermariobros2lostlevels-nes-v4-nes-cartridge-label.png,SuperMarioBros2LostLevels nes V4,2036883
Labels/fulls/NES/Terrifier 2 _nes_V0.png,Labels/fulls/NES/terrifier-2-nes-v0-nes-cartridge-label.png,Terrifier 2  nes V0,4036220
Labels/fulls/NES/Terrifier 2_nes_V1.png,Labels/fulls/NES/terrifier-2-nes-v1-nes-cartridge-label.png,Terrifier 2 nes V1,2704370
Labels/fulls/NES/Terrifier 2_nes_V1B.png,Labels/fulls/NES/terrifier-2-nes-v1b-nes-cartridge-label.png,Terrifier 2 nes V1B,2671669
Labels/fulls/NES/Terrifier 3 _nes_V0.png,Labels/fulls/NES/terrifier-3-nes-v0-nes-cartridge-label.png,Terrifier 3  nes V0,4605925
Labels/fulls/NES/Terrifier 3 _nes_V0B.png,Labels/fulls/NES/terrifier-3-nes-v0b-nes-cartridge-label.png,Terrifier 3  nes V0B,2529630
Labels/fulls/NES/Terrifier 3_nes_V1.png,Labels/fulls/NES/terrifier-3-nes-v1-nes-cartridge-label.png,Terrifier 3 nes V1,3254281
Labels/fulls/NES/Terrifier 3_nes_V1B.png,Labels/fulls/NES/terrifier-3-nes-v1b-nes-cartridge-label.png,Terrifier 3 nes V1B,3220828
Labels/fulls/NES/Terrifier 3_nes_V2.png,Labels/fulls/NES/terrifier-3-nes-v2-nes-cartridge-label.png,Terrifier 3 nes V2,2156952
Labels/fulls/NES/Terrifier 3_nes_V2B.png,Labels/fulls/NES/terrifier-3-nes-v2b-nes-cartridge-label.png,Terrifier 3 nes V2B,2016677
Labels/fulls/NES/Terrifier 3_nes_V3.png,Labels/fulls/NES/terrifier-3-nes-v3-nes-cartridge-label.png,Terrifier 3 nes V3,3163083
Labels/fulls/NES/Terrifier 3_nes_V3B.png,Labels/fulls/NES/terrifier-3-nes-v3b-nes-cartridge-label.png,Terrifier 3 nes V3B,3130878
Labels/fulls/NES/Terrifier _nes_V0.png,Labels/fulls/NES/terrifier-nes-v0-nes-cartridge-label.png,Terrifier  nes V0,2540998
Labels/fulls/NES/Terrifier _nes_V1.png,Labels/fulls/NES/terrifier-nes-v1-nes-cartridge-label.png,Terrifier  nes V1,2364027
Labels/fulls/NES/Terrifier _nes_V1B.png,Labels/fulls/NES/terrifier-nes-v1b-nes-cartridge-label.png,Terrifier  nes V1B,2346209
Labels/fulls/NES/tetris.png,Labels/fulls/NES/tetris-nes-cartridge-label.png,tetris,3321353
Labels/fulls/NES/The Flinstones The Rescue of Dino and Hoppy _nes_V1.jpg.png,Labels/fulls/NES/the-flinstones-the-rescue-of-dino-and-hoppy-nes-v1-jpg-nes-cartridge-label.png,The Flinstones The Rescue of Dino and Hoppy  nes V1.jpg,3121653
Labels/fulls/NES/The Legend of Zelda _nes_V1.png,Labels/fulls/NES/the-legend-of-zelda-nes-v1-nes-cartridge-label.png,The Legend of Zelda  nes V1,1021505
Labels/fulls/NES/The Legend of Zelda Echoe sof Wisdom _nes_V1.png,Labels/fulls/NES/the-legend-of-zelda-echoe-sof-wisdom-nes-v1-nes-cartridge-label.png,The Legend of Zelda Echoe sof Wisdom  nes V1,3319525
Labels/fulls/NES/The Legend of Zelda Outlanders_nes_V1.png,Labels/fulls/NES/the-legend-of-zelda-outlanders-nes-v1-nes-cartridge-label.png,The Legend of Zelda Outlanders nes V1,1536356
Labels/fulls/NES/Thrillas.png,Labels/fulls/NES/thrillas-nes-cartridge-label.png,Thrillas,4040241
Labels/fulls/NES/Tiger Heli _nes_V01.png,Labels/fulls/NES/tiger-heli-nes-v01-nes-cartridge-label.png,Tiger Heli  nes V01,3065621
Labels/fulls/NES/tmntag2_Label.png,Labels/fulls/NES/tmntag2-label-nes-cartridge-label.png,tmntag2 Label,2189374
Labels/fulls/NES/tmntag_Label.png,Labels/fulls/NES/tmntag-label-nes-cartridge-label.png,tmntag Label,4538112
Labels/fulls/NES/ToxicCrusaders_nes_V.png,Labels/fulls/NES/toxiccrusaders-nes-v-nes-cartridge-label.png,ToxicCrusaders nes V,2056614
Labels/fulls/NES/ToxicCrusaders_nes_V2.png,Labels/fulls/NES/toxiccrusaders-nes-v2-nes-cartridge-label.png,ToxicCrusaders nes V2,3600285
Labels/fulls/NES/ToxicCrusaders_nes_V3.png,Labels/fulls/NES/toxiccrusaders-nes-v3-nes-cartridge-label.png,ToxicCrusaders nes V3,3528908
Labels/fulls/NES/Ufouria _nes_V1.png,Labels/fulls/NES/ufouria-nes-v1-nes-cartridge-label.png,Ufouria  nes V1,3314438
Labels/fulls/NES/WhompEm_nes_V1.png,Labels/fulls/NES/whompem-nes-v1-nes-cartridge-label.png,WhompEm nes V1,2150553
Labels/fulls/NES/Wizards&WarriorsIII_nes_V1.png,Labels/fulls/NES/wizards-and-warriorsiii-nes-v1-nes-cartridge-label.png,Wizards&WarriorsIII nes V1,3891745
Labels/fulls/NES/Wizards&WarriorsIII_nes_V2.png,Labels/fulls/NES/wizards-and-warriorsiii-nes-v2-nes-cartridge-label.png,Wizards&WarriorsIII nes V2,3417182
Labels/fulls/NES/Wizards&WarriorsIII_nes_V3.png,Labels/fulls/NES/wizards-and-warriorsiii-nes-v3-nes-cartridge-label.png,Wizards&WarriorsIII nes V3,3610418
Labels/fulls/NES/WOTBM1_Label.png,Labels/fulls/NES/wotbm1-label-nes-cartridge-label.png,WOTBM1 Label,3354686
Labels/fulls/NES/wotbm2_Label.png,Labels/fulls/NES/wotbm2-label-nes-cartridge-label.png,wotbm2 Label,2367539
Labels/fulls/NES/wotbm3_Label.png,Labels/fulls/NES/wotbm3-label-nes-cartridge-label.png,wotbm3 Label,3118223
Labels/fulls/NES/X-Men - Label.jpg,Labels/fulls/NES/x-men-label-nes-cartridge-label.jpg,X Men   Label,408645
Labels/fulls/NES/X-Men _nes_V1.png,Labels/fulls/NES/x-men-nes-v1-nes-cartridge-label.png,X Men  nes V1,1512466
Labels/fulls/NES/X-Men _nes_V2.png,Labels/fulls/NES/x-men-nes-v2-nes-cartridge-label.png,X Men  nes V2,2188135
Labels/fulls/NES/Zelda II The Adventure of Link (1).jpg,Labels/fulls/NES/zelda-ii-the-adventure-of-link-1-nes-cartridge-label.jpg,Zelda II The Adventure of Link (1),405516
Labels/fulls/SNES/101 Dalmatas.jpg,Labels/fulls/SNES/101-dalmatas-snes-cartridge-label.jpg,101 Dalmatas,164088
Labels/fulls/SNES/3 Ninjas Kick Back.png,Labels/fulls/SNES/3-ninjas-kick-back-snes-cartridge-label.png,3 Ninjas Kick Back,1083178
Labels/fulls/SNES/45 copy.jpg,Labels/fulls/SNES/45-copy-snes-cartridge-label.jpg,45 copy,170002
Labels/fulls/SNES/900 IN 1 _snes_v1.png,Labels/fulls/SNES/900-in-1-snes-v1-snes-cartridge-label.png,900 IN 1  snes v1,542649
Labels/fulls/SNES/_backLabel_snes_V1.png,Labels/fulls/SNES/backlabel-snes-v1-snes-cartridge-label.png,backLabel snes V1,121088
Labels/fulls/SNES/Aaahh Real Monsters_snes_v2.png,Labels/fulls/SNES/aaahh-real-monsters-snes-v2-snes-cartridge-label.png,Aaahh Real Monsters snes v2,418129
Labels/fulls/SNES/Aaahh Real Monsters_snes_v3.png,Labels/fulls/SNES/aaahh-real-monsters-snes-v3-snes-cartridge-label.png,Aaahh Real Monsters snes v3,493001
Labels/fulls/SNES/aaahhrealmonsters.jpg,Labels/fulls/SNES/aaahhrealmonsters-snes-cartridge-label.jpg,aaahhrealmonsters,217650
Labels/fulls/SNES/ACME Animation Factory.jpg,Labels/fulls/SNES/acme-animation-factory-snes-cartridge-label.jpg,ACME Animation Factory,202199
Labels/fulls/SNES/Actraiser 2.jpg,Labels/fulls/SNES/actraiser-2-snes-cartridge-label.jpg,Actraiser 2,165702
Labels/fulls/SNES/Actraiser.jpg,Labels/fulls/SNES/actraiser-snes-cartridge-label.jpg,Actraiser,155608
Labels/fulls/SNES/Addams Family Values.jpg,Labels/fulls/SNES/addams-family-values-snes-cartridge-label.jpg,Addams Family Values,205594
Labels/fulls/SNES/Adventures of Dr.jpg,Labels/fulls/SNES/adventures-of-dr-snes-cartridge-label.jpg,Adventures of Dr,223784
Labels/fulls/SNES/Adventures of Yogi Bear.jpg,Labels/fulls/SNES/adventures-of-yogi-bear-snes-cartridge-label.jpg,Adventures of Yogi Bear,149882
Labels/fulls/SNES/Aero the Acrobat.jpg,Labels/fulls/SNES/aero-the-acrobat-snes-cartridge-label.jpg,Aero the Acrobat,144303
Labels/fulls/SNES/Aero the Arobat_SNES_v1.png,Labels/fulls/SNES/aero-the-arobat-snes-v1-snes-cartridge-label.png,Aero the Arobat SNES v1,436712
Labels/fulls/SNES/AeroFighters_v1.png,Labels/fulls/SNES/aerofighters-v1-snes-cartridge-label.png,AeroFighters v1,454350
Labels/fulls/SNES/Ahh Real Monsters_SNES_v1.png,Labels/fulls/SNES/ahh-real-monsters-snes-v1-snes-cartridge-label.png,Ahh Real Monsters SNES v1,389379
Labels/fulls/SNES/AkazukinChacha_SNES_v1.png,Labels/fulls/SNES/akazukinchacha-snes-v1-snes-cartridge-label.png,AkazukinChacha SNES v1,158954
Labels/fulls/SNES/AkazukinChacha_SNES_v2.png,Labels/fulls/SNES/akazukinchacha-snes-v2-snes-cartridge-label.png,AkazukinChacha SNES v2,172708
Labels/fulls/SNES/AkazukinChacha_SNES_v3.png,Labels/fulls/SNES/akazukinchacha-snes-v3-snes-cartridge-label.png,AkazukinChacha SNES v3,450382
Labels/fulls/SNES/AkazukinChacha_SNES_v4.png,Labels/fulls/SNES/akazukinchacha-snes-v4-snes-cartridge-label.png,AkazukinChacha SNES v4,437068
Labels/fulls/SNES/AkazukinChacha_SNES_v5.png,Labels/fulls/SNES/akazukinchacha-snes-v5-snes-cartridge-label.png,AkazukinChacha SNES v5,907631
Labels/fulls/SNES/AkazukinChacha_SNES_v6.png,Labels/fulls/SNES/akazukinchacha-snes-v6-snes-cartridge-label.png,AkazukinChacha SNES v6,497016
Labels/fulls/SNES/Aladdin.jpg,Labels/fulls/SNES/aladdin-snes-cartridge-label.jpg,Aladdin,158924
Labels/fulls/SNES/Aladdin.png,Labels/fulls/SNES/aladdin-snes-cartridge-label.png,Aladdin,515666
Labels/fulls/SNES/Alfred Chicken.jpg,Labels/fulls/SNES/alfred-chicken-snes-cartridge-label.jpg,Alfred Chicken,210938
Labels/fulls/SNES/Alfred the Chicken.png,Labels/fulls/SNES/alfred-the-chicken-snes-cartridge-label.png,Alfred the Chicken,546527
Labels/fulls/SNES/Alien 3.jpg,Labels/fulls/SNES/alien-3-snes-cartridge-label.jpg,Alien 3,122877
Labels/fulls/SNES/Alien vs Predator.png,Labels/fulls/SNES/alien-vs-predator-snes-cartridge-label.png,Alien vs Predator,609408
Labels/fulls/SNES/American Gladiators.jpg,Labels/fulls/SNES/american-gladiators-snes-cartridge-label.jpg,American Gladiators,176424
Labels/fulls/SNES/An American Tail Fievel Goes West.jpg,Labels/fulls/SNES/an-american-tail-fievel-goes-west-snes-cartridge-label.jpg,An American Tail Fievel Goes West,200474
Labels/fulls/SNES/Animaniacs.jpg,Labels/fulls/SNES/animaniacs-snes-cartridge-label.jpg,Animaniacs,175218
Labels/fulls/SNES/ardy light foot V2.png,Labels/fulls/SNES/ardy-light-foot-v2-snes-cartridge-label.png,ardy light foot V2,499702
Labels/fulls/SNES/Ardy Light Foot.png,Labels/fulls/SNES/ardy-light-foot-snes-cartridge-label.png,Ardy Light Foot,400119
Labels/fulls/SNES/ardy lightfoot.jpg,Labels/fulls/SNES/ardy-lightfoot-snes-cartridge-label.jpg,ardy lightfoot,153459
Labels/fulls/SNES/Arkanoid Doh It Again.jpg,Labels/fulls/SNES/arkanoid-doh-it-again-snes-cartridge-label.jpg,Arkanoid Doh It Again,201487
Labels/fulls/SNES/Art of Fighting 2.jpg,Labels/fulls/SNES/art-of-fighting-2-snes-cartridge-label.jpg,Art of Fighting 2,152925
Labels/fulls/SNES/Art of Fighting.jpg,Labels/fulls/SNES/art-of-fighting-snes-cartridge-label.jpg,Art of Fighting,205596
Labels/fulls/SNES/Axelay.jpg,Labels/fulls/SNES/axelay-snes-cartridge-label.jpg,Axelay,221795
Labels/fulls/SNES/AY.jpg,Labels/fulls/SNES/ay-snes-cartridge-label.jpg,AY,130831
Labels/fulls/SNES/B.O.B..png,Labels/fulls/SNES/b-o-b-snes-cartridge-label.png,B.O.B.,430653
Labels/fulls/SNES/Bahamut Lagoon.jpg,Labels/fulls/SNES/bahamut-lagoon-snes-cartridge-label.jpg,Bahamut Lagoon,198450
Labels/fulls/SNES/Ballz 3D.png,Labels/fulls/SNES/ballz-3d-snes-cartridge-label.png,Ballz 3D,462632
Labels/fulls/SNES/Barkley Shut Up and Jam!.jpg,Labels/fulls/SNES/barkley-shut-up-and-jam-snes-cartridge-label.jpg,Barkley Shut Up and Jam!,140513
Labels/fulls/SNES/Bass Masters Classic.jpg,Labels/fulls/SNES/bass-masters-classic-snes-cartridge-label.jpg,Bass Masters Classic,227260
Labels/fulls/SNES/Bassin's Black Bass.jpg,Labels/fulls/SNES/bassin-s-black-bass-snes-cartridge-label.jpg,Bassin's Black Bass,216896
Labels/fulls/SNES/Batman Returns.jpg,Labels/fulls/SNES/batman-returns-snes-cartridge-label.jpg,Batman Returns,176846
Labels/fulls/SNES/Batman Returns_ _SNES_v1.png,Labels/fulls/SNES/batman-returns-snes-v1-snes-cartridge-label.png,Batman Returns   SNES v1,550337
Labels/fulls/SNES/Batman Returns_ _SNES_v2.png,Labels/fulls/SNES/batman-returns-snes-v2-snes-cartridge-label.png,Batman Returns   SNES v2,690068
Labels/fulls/SNES/Batman Returns_ _SNES_v3.png,Labels/fulls/SNES/batman-returns-snes-v3-snes-cartridge-label.png,Batman Returns   SNES v3,376902
Labels/fulls/SNES/BatmanForever_snes_v1.png,Labels/fulls/SNES/batmanforever-snes-v1-snes-cartridge-label.png,BatmanForever snes v1,443558
Labels/fulls/SNES/Battle Cars.png,Labels/fulls/SNES/battle-cars-snes-cartridge-label.png,Battle Cars,539018
Labels/fulls/SNES/Battle Grand Prix.png,Labels/fulls/SNES/battle-grand-prix-snes-cartridge-label.png,Battle Grand Prix,582589
Labels/fulls/SNES/Battleclash.jpg,Labels/fulls/SNES/battleclash-snes-cartridge-label.jpg,Battleclash,209117
Labels/fulls/SNES/Battletoads Double Dragon V2.png,Labels/fulls/SNES/battletoads-double-dragon-v2-snes-cartridge-label.png,Battletoads Double Dragon V2,792911
Labels/fulls/SNES/Battletoads Double Dragon V3.png,Labels/fulls/SNES/battletoads-double-dragon-v3-snes-cartridge-label.png,Battletoads Double Dragon V3,471981
Labels/fulls/SNES/Battletoads Double Dragon V4.png,Labels/fulls/SNES/battletoads-double-dragon-v4-snes-cartridge-label.png,Battletoads Double Dragon V4,523342
Labels/fulls/SNES/Battletoads Double Dragon.png,Labels/fulls/SNES/battletoads-double-dragon-snes-cartridge-label.png,Battletoads Double Dragon,582172
Labels/fulls/SNES/Battletoads in Battlemaniacs_SNES_v1.png,Labels/fulls/SNES/battletoads-in-battlemaniacs-snes-v1-snes-cartridge-label.png,Battletoads in Battlemaniacs SNES v1,517533
Labels/fulls/SNES/BeavisandButthead_SNES_v1.png,Labels/fulls/SNES/beavisandbutthead-snes-v1-snes-cartridge-label.png,BeavisandButthead SNES v1,242506
Labels/fulls/SNES/Beethoven The Ultimate Canine Caper.jpg,Labels/fulls/SNES/beethoven-the-ultimate-canine-caper-snes-cartridge-label.jpg,Beethoven The Ultimate Canine Caper,167803
Labels/fulls/SNES/Big Sky Trooper.jpg,Labels/fulls/SNES/big-sky-trooper-snes-cartridge-label.jpg,Big Sky Trooper,172733
Labels/fulls/SNES/Biker Mice from Mars_SNES_v1.png,Labels/fulls/SNES/biker-mice-from-mars-snes-v1-snes-cartridge-label.png,Biker Mice from Mars SNES v1,576496
Labels/fulls/SNES/Biker Mice from Mars_SNES_v2.png,Labels/fulls/SNES/biker-mice-from-mars-snes-v2-snes-cartridge-label.png,Biker Mice from Mars SNES v2,611163
Labels/fulls/SNES/Biker Mice from Mars_SNES_v3.png,Labels/fulls/SNES/biker-mice-from-mars-snes-v3-snes-cartridge-label.png,Biker Mice from Mars SNES v3,582815
Labels/fulls/SNES/Biker Mice from Mars_SNES_v4.png,Labels/fulls/SNES/biker-mice-from-mars-snes-v4-snes-cartridge-label.png,Biker Mice from Mars SNES v4,592696
Labels/fulls/SNES/Blackthorne.jpg,Labels/fulls/SNES/blackthorne-snes-cartridge-label.jpg,Blackthorne,209340
Labels/fulls/SNES/Bonkers.jpg,Labels/fulls/SNES/bonkers-snes-cartridge-label.jpg,Bonkers,163243
Labels/fulls/SNES/Boogerman_SNES_v1.png,Labels/fulls/SNES/boogerman-snes-v1-snes-cartridge-label.png,Boogerman SNES v1,467481
Labels/fulls/SNES/Boogerman_SNES_v2.png,Labels/fulls/SNES/boogerman-snes-v2-snes-cartridge-label.png,Boogerman SNES v2,508421
Labels/fulls/SNES/Bounty Sword.png,Labels/fulls/SNES/bounty-sword-snes-cartridge-label.png,Bounty Sword,567761
Labels/fulls/SNES/Boxing Legends of the Ring.jpg,Labels/fulls/SNES/boxing-legends-of-the-ring-snes-cartridge-label.jpg,Boxing Legends of the Ring,146505
Labels/fulls/SNES/Brain Lord.png,Labels/fulls/SNES/brain-lord-snes-cartridge-label.png,Brain Lord,474497
Labels/fulls/SNES/BrainLord_snes_v1.png,Labels/fulls/SNES/brainlord-snes-v1-snes-cartridge-label.png,BrainLord snes v1,493660
Labels/fulls/SNES/BrainLord_SNES_v2.png,Labels/fulls/SNES/brainlord-snes-v2-snes-cartridge-label.png,BrainLord SNES v2,565877
Labels/fulls/SNES/Brandish.jpg,Labels/fulls/SNES/brandish-snes-cartridge-label.jpg,Brandish,211847
Labels/fulls/SNES/Brawl Brothers.jpg,Labels/fulls/SNES/brawl-brothers-snes-cartridge-label.jpg,Brawl Brothers,209459
Labels/fulls/SNES/Breath of Fire II_SNES_v1.png,Labels/fulls/SNES/breath-of-fire-ii-snes-v1-snes-cartridge-label.png,Breath of Fire II SNES v1,575294
Labels/fulls/SNES/Breath of Fire II_SNES_v2.png,Labels/fulls/SNES/breath-of-fire-ii-snes-v2-snes-cartridge-label.png,Breath of Fire II SNES v2,955289
Labels/fulls/SNES/Breath of Fire II_SNES_v3.png,Labels/fulls/SNES/breath-of-fire-ii-snes-v3-snes-cartridge-label.png,Breath of Fire II SNES v3,587421
Labels/fulls/SNES/Breath of Fire II_SNES_v4.png,Labels/fulls/SNES/breath-of-fire-ii-snes-v4-snes-cartridge-label.png,Breath of Fire II SNES v4,622274
Labels/fulls/SNES/Breath Of Fire.jpg,Labels/fulls/SNES/breath-of-fire-snes-cartridge-label.jpg,Breath Of Fire,223493
Labels/fulls/SNES/breathoffireSNES.png,Labels/fulls/SNES/breathoffiresnes-snes-cartridge-label.png,breathoffireSNES,579258
Labels/fulls/SNES/Bronkie the Bronchiasaurus.jpg,Labels/fulls/SNES/bronkie-the-bronchiasaurus-snes-cartridge-label.jpg,Bronkie the Bronchiasaurus,170087
Labels/fulls/SNES/Brutal - Paws of Fury.jpg,Labels/fulls/SNES/brutal-paws-of-fury-snes-cartridge-label.jpg,Brutal   Paws of Fury,179577
Labels/fulls/SNES/Bubsy 2.jpg,Labels/fulls/SNES/bubsy-2-snes-cartridge-label.jpg,Bubsy 2,187832
Labels/fulls/SNES/Bubsy.jpg,Labels/fulls/SNES/bubsy-snes-cartridge-label.jpg,Bubsy,186208
Labels/fulls/SNES/Bugs Bunny Rabbit Rampage.jpg,Labels/fulls/SNES/bugs-bunny-rabbit-rampage-snes-cartridge-label.jpg,Bugs Bunny Rabbit Rampage,199130
Labels/fulls/SNES/Bulls vs Blazers.jpg,Labels/fulls/SNES/bulls-vs-blazers-snes-cartridge-label.jpg,Bulls vs Blazers,196101
Labels/fulls/SNES/Bust-A-Move_SNES_v1.png,Labels/fulls/SNES/bust-a-move-snes-v1-snes-cartridge-label.png,Bust A Move SNES v1,453484
Labels/fulls/SNES/C2 - Judgement Clay.jpg,Labels/fulls/SNES/c2-judgement-clay-snes-cartridge-label.jpg,C2   Judgement Clay,334231
Labels/fulls/SNES/California Games II.png,Labels/fulls/SNES/california-games-ii-snes-cartridge-label.png,California Games II,1333008
Labels/fulls/SNES/CampeonatoBrasileiro95_SNES_v1.png,Labels/fulls/SNES/campeonatobrasileiro95-snes-v1-snes-cartridge-label.png,CampeonatoBrasileiro95 SNES v1,407973
Labels/fulls/SNES/CampeonatoBrasileiro96_snes_v1.png,Labels/fulls/SNES/campeonatobrasileiro96-snes-v1-snes-cartridge-label.png,CampeonatoBrasileiro96 snes v1,229667
Labels/fulls/SNES/Cannondale Cup.jpg,Labels/fulls/SNES/cannondale-cup-snes-cartridge-label.jpg,Cannondale Cup,178021
Labels/fulls/SNES/Captain Commando _snes_v1.png,Labels/fulls/SNES/captain-commando-snes-v1-snes-cartridge-label.png,Captain Commando  snes v1,552470
Labels/fulls/SNES/Captain Commando _snes_v2.png,Labels/fulls/SNES/captain-commando-snes-v2-snes-cartridge-label.png,Captain Commando  snes v2,729131
Labels/fulls/SNES/Captain Commando _snes_v3.png,Labels/fulls/SNES/captain-commando-snes-v3-snes-cartridge-label.png,Captain Commando  snes v3,480895
Labels/fulls/SNES/Captain Commando _snes_v4 (2).png,Labels/fulls/SNES/captain-commando-snes-v4-2-snes-cartridge-label.png,Captain Commando  snes v4 (2),744528
Labels/fulls/SNES/Captain Novolin.jpg,Labels/fulls/SNES/captain-novolin-snes-cartridge-label.jpg,Captain Novolin,139146
Labels/fulls/SNES/CaptainAmericaandtheAvengers_snes_v1.png,Labels/fulls/SNES/captainamericaandtheavengers-snes-v1-snes-cartridge-label.png,CaptainAmericaandtheAvengers snes v1,533201
Labels/fulls/SNES/CaptainAmericaandtheAvengers_snes_v2.png,Labels/fulls/SNES/captainamericaandtheavengers-snes-v2-snes-cartridge-label.png,CaptainAmericaandtheAvengers snes v2,562421
Labels/fulls/SNES/CaptainAmericaandtheAvengers_snes_v3.png,Labels/fulls/SNES/captainamericaandtheavengers-snes-v3-snes-cartridge-label.png,CaptainAmericaandtheAvengers snes v3,587806
Labels/fulls/SNES/CaptainAmericaandtheAvengers_snes_v4.png,Labels/fulls/SNES/captainamericaandtheavengers-snes-v4-snes-cartridge-label.png,CaptainAmericaandtheAvengers snes v4,522147
Labels/fulls/SNES/Casper.jpg,Labels/fulls/SNES/casper-snes-cartridge-label.jpg,Casper,266218
Labels/fulls/SNES/Castlevania IV  _SNES_v10.png,Labels/fulls/SNES/castlevania-iv-snes-v10-snes-cartridge-label.png,Castlevania IV   SNES v10,814258
Labels/fulls/SNES/Castlevania IV  _SNES_v8.png,Labels/fulls/SNES/castlevania-iv-snes-v8-snes-cartridge-label.png,Castlevania IV   SNES v8,590615
Labels/fulls/SNES/CastlevaniaIV_snes_v1.png,Labels/fulls/SNES/castlevaniaiv-snes-v1-snes-cartridge-label.png,CastlevaniaIV snes v1,609961
Labels/fulls/SNES/CastlevaniaIV_snes_v2.png,Labels/fulls/SNES/castlevaniaiv-snes-v2-snes-cartridge-label.png,CastlevaniaIV snes v2,551910
Labels/fulls/SNES/CastlevaniaIV_snes_v3.png,Labels/fulls/SNES/castlevaniaiv-snes-v3-snes-cartridge-label.png,CastlevaniaIV snes v3,907983
Labels/fulls/SNES/CastlevaniaIV_snes_v4.png,Labels/fulls/SNES/castlevaniaiv-snes-v4-snes-cartridge-label.png,CastlevaniaIV snes v4,548563
Labels/fulls/SNES/CastlevaniaIV_snes_v5.png,Labels/fulls/SNES/castlevaniaiv-snes-v5-snes-cartridge-label.png,CastlevaniaIV snes v5,1095276
Labels/fulls/SNES/CastlevaniaIV_snes_v6.png,Labels/fulls/SNES/castlevaniaiv-snes-v6-snes-cartridge-label.png,CastlevaniaIV snes v6,572728
Labels/fulls/SNES/CastlevaniaIV_snes_v7.PNG,Labels/fulls/SNES/castlevaniaiv-snes-v7-snes-cartridge-label.png,CastlevaniaIV snes v7,576181
Labels/fulls/SNES/Chester Cheetah - To Cool To Fool.jpg,Labels/fulls/SNES/chester-cheetah-to-cool-to-fool-snes-cartridge-label.jpg,Chester Cheetah   To Cool To Fool,401197
Labels/fulls/SNES/Chester Cheetah - Wild Wild Quest.jpg,Labels/fulls/SNES/chester-cheetah-wild-wild-quest-snes-cartridge-label.jpg,Chester Cheetah   Wild Wild Quest,309224
Labels/fulls/SNES/Chopfliter III.png,Labels/fulls/SNES/chopfliter-iii-snes-cartridge-label.png,Chopfliter III,264150
Labels/fulls/SNES/Chrono Trigger -  Crimson Echoes.png,Labels/fulls/SNES/chrono-trigger-crimson-echoes-snes-cartridge-label.png,Chrono Trigger    Crimson Echoes,388565
Labels/fulls/SNES/Chrono Trigger 1.jpg,Labels/fulls/SNES/chrono-trigger-1-snes-cartridge-label.jpg,Chrono Trigger 1,193791
Labels/fulls/SNES/Clay Fighter Tournament Edition.jpg,Labels/fulls/SNES/clay-fighter-tournament-edition-snes-cartridge-label.jpg,Clay Fighter Tournament Edition,363445
Labels/fulls/SNES/Claymates am.jpg,Labels/fulls/SNES/claymates-am-snes-cartridge-label.jpg,Claymates am,350702
Labels/fulls/SNES/Cliffhanger.jpg,Labels/fulls/SNES/cliffhanger-snes-cartridge-label.jpg,Cliffhanger,345756
Labels/fulls/SNES/Clock Tower.jpg,Labels/fulls/SNES/clock-tower-snes-cartridge-label.jpg,Clock Tower,94267
Labels/fulls/SNES/Clue_snes_v1.png,Labels/fulls/SNES/clue-snes-v1-snes-cartridge-label.png,Clue snes v1,438419
Labels/fulls/SNES/College Slam.jpg,Labels/fulls/SNES/college-slam-snes-cartridge-label.jpg,College Slam,61127
Labels/fulls/SNES/Congos Caper.jpg,Labels/fulls/SNES/congos-caper-snes-cartridge-label.jpg,Congos Caper,146826
Labels/fulls/SNES/CongosCaper_snes_v1.png,Labels/fulls/SNES/congoscaper-snes-v1-snes-cartridge-label.png,CongosCaper snes v1,582430
Labels/fulls/SNES/CongosCaper_snes_v2.png,Labels/fulls/SNES/congoscaper-snes-v2-snes-cartridge-label.png,CongosCaper snes v2,443603
Labels/fulls/SNES/CongosCaper_snes_v3.png,Labels/fulls/SNES/congoscaper-snes-v3-snes-cartridge-label.png,CongosCaper snes v3,524635
Labels/fulls/SNES/CongosCaper_snes_v4.png,Labels/fulls/SNES/congoscaper-snes-v4-snes-cartridge-label.png,CongosCaper snes v4,450765
Labels/fulls/SNES/Contra II The Alien Wars_snes_v1.png,Labels/fulls/SNES/contra-ii-the-alien-wars-snes-v1-snes-cartridge-label.png,Contra II The Alien Wars snes v1,547639
Labels/fulls/SNES/Contra II The Alien Wars_snes_v2.png,Labels/fulls/SNES/contra-ii-the-alien-wars-snes-v2-snes-cartridge-label.png,Contra II The Alien Wars snes v2,984690
Labels/fulls/SNES/Contra II The Alien Wars_snes_v3.png,Labels/fulls/SNES/contra-ii-the-alien-wars-snes-v3-snes-cartridge-label.png,Contra II The Alien Wars snes v3,628792
Labels/fulls/SNES/Cool Spot.png,Labels/fulls/SNES/cool-spot-snes-cartridge-label.png,Cool Spot,917369
Labels/fulls/SNES/Cutthroat Island.png,Labels/fulls/SNES/cutthroat-island-snes-cartridge-label.png,Cutthroat Island,488307
Labels/fulls/SNES/Cyber Spin.png,Labels/fulls/SNES/cyber-spin-snes-cartridge-label.png,Cyber Spin,1255200
Labels/fulls/SNES/Cybernator.jpg,Labels/fulls/SNES/cybernator-snes-cartridge-label.jpg,Cybernator,368492
Labels/fulls/SNES/Daffy Duck Marvin Missions_SNES_v1.png,Labels/fulls/SNES/daffy-duck-marvin-missions-snes-v1-snes-cartridge-label.png,Daffy Duck Marvin Missions SNES v1,571011
Labels/fulls/SNES/DazeBeforeChristmas_snes_3.png,Labels/fulls/SNES/dazebeforechristmas-snes-3-snes-cartridge-label.png,DazeBeforeChristmas snes 3,496399
Labels/fulls/SNES/DazeBeforeChristmas_snes_v1.png,Labels/fulls/SNES/dazebeforechristmas-snes-v1-snes-cartridge-label.png,DazeBeforeChristmas snes v1,465250
Labels/fulls/SNES/DazeBeforeChristmas_snes_v2.png,Labels/fulls/SNES/dazebeforechristmas-snes-v2-snes-cartridge-label.png,DazeBeforeChristmas snes v2,358784
Labels/fulls/SNES/Demon's Crest V1.png,Labels/fulls/SNES/demon-s-crest-v1-snes-cartridge-label.png,Demon's Crest V1,438673
Labels/fulls/SNES/Demon's Crest.jpg,Labels/fulls/SNES/demon-s-crest-snes-cartridge-label.jpg,Demon's Crest,182646
Labels/fulls/SNES/Donald Duck no Mahou no Boushi.jpg,Labels/fulls/SNES/donald-duck-no-mahou-no-boushi-snes-cartridge-label.jpg,Donald Duck no Mahou no Boushi,364236
Labels/fulls/SNES/Donkey Kong Country 2 Americana.png,Labels/fulls/SNES/donkey-kong-country-2-americana-snes-cartridge-label.png,Donkey Kong Country 2 Americana,591220
Labels/fulls/SNES/donkey kong country 3.png,Labels/fulls/SNES/donkey-kong-country-3-snes-cartridge-label.png,donkey kong country 3,476882
Labels/fulls/SNES/donkey kong country 3V2.png,Labels/fulls/SNES/donkey-kong-country-3v2-snes-cartridge-label.png,donkey kong country 3V2,473676
Labels/fulls/SNES/donkey kong country 3V3.png,Labels/fulls/SNES/donkey-kong-country-3v3-snes-cartridge-label.png,donkey kong country 3V3,584984
Labels/fulls/SNES/Donkey Kong Country_SNES_V1.png,Labels/fulls/SNES/donkey-kong-country-snes-v1-snes-cartridge-label.png,Donkey Kong Country SNES V1,1016712
Labels/fulls/SNES/DonkeyKongCountry 3.jpg,Labels/fulls/SNES/donkeykongcountry-3-snes-cartridge-label.jpg,DonkeyKongCountry 3,225660
Labels/fulls/SNES/Double Dragon V -  The Shadow Falls.png,Labels/fulls/SNES/double-dragon-v-the-shadow-falls-snes-cartridge-label.png,Double Dragon V    The Shadow Falls,461131
Labels/fulls/SNES/draculaX_2.png,Labels/fulls/SNES/draculax-2-snes-cartridge-label.png,draculaX 2,492143
Labels/fulls/SNES/draculaX_3.png,Labels/fulls/SNES/draculax-3-snes-cartridge-label.png,draculaX 3,537725
Labels/fulls/SNES/draculaX_4.png,Labels/fulls/SNES/draculax-4-snes-cartridge-label.png,draculaX 4,291845
Labels/fulls/SNES/DraculaX_SNES_v1.png,Labels/fulls/SNES/draculax-snes-v1-snes-cartridge-label.png,DraculaX SNES v1,423020
Labels/fulls/SNES/Dragon Ball Z - Hyper Dimension.png,Labels/fulls/SNES/dragon-ball-z-hyper-dimension-snes-cartridge-label.png,Dragon Ball Z   Hyper Dimension,493090
Labels/fulls/SNES/Dragon Ball Z - Hyper Dimensionv1point5.png,Labels/fulls/SNES/dragon-ball-z-hyper-dimensionv1point5-snes-cartridge-label.png,Dragon Ball Z   Hyper Dimensionv1point5,585844
Labels/fulls/SNES/Dragon Ball Z - Legend of the Super Saiyan.png,Labels/fulls/SNES/dragon-ball-z-legend-of-the-super-saiyan-snes-cartridge-label.png,Dragon Ball Z   Legend of the Super Saiyan,435083
Labels/fulls/SNES/Dragon Ball Z - Super Butouden.png,Labels/fulls/SNES/dragon-ball-z-super-butouden-snes-cartridge-label.png,Dragon Ball Z   Super Butouden,410392
Labels/fulls/SNES/Dragon Ball Z - Super Gokuden.png,Labels/fulls/SNES/dragon-ball-z-super-gokuden-snes-cartridge-label.png,Dragon Ball Z   Super Gokuden,510269
Labels/fulls/SNES/Dragon Ball Z Super Batouden 2 (personalizada).png,Labels/fulls/SNES/dragon-ball-z-super-batouden-2-personalizada-snes-cartridge-label.png,Dragon Ball Z Super Batouden 2 (personalizada),499906
Labels/fulls/SNES/Dragon Ball Z Super Batouden 2 V2B.png,Labels/fulls/SNES/dragon-ball-z-super-batouden-2-v2b-snes-cartridge-label.png,Dragon Ball Z Super Batouden 2 V2B,406777
Labels/fulls/SNES/Dragon's Lair (Personalizada).jpg,Labels/fulls/SNES/dragon-s-lair-personalizada-snes-cartridge-label.jpg,Dragon's Lair (Personalizada),201414
Labels/fulls/SNES/Dungeon Master.jpg,Labels/fulls/SNES/dungeon-master-snes-cartridge-label.jpg,Dungeon Master,458361
Labels/fulls/SNES/Earthbound _SNES_v1.png,Labels/fulls/SNES/earthbound-snes-v1-snes-cartridge-label.png,Earthbound  SNES v1,397295
Labels/fulls/SNES/Earthbound _SNES_v2.png,Labels/fulls/SNES/earthbound-snes-v2-snes-cartridge-label.png,Earthbound  SNES v2,471808
Labels/fulls/SNES/Earthworm Jim_SNES_v1.png,Labels/fulls/SNES/earthworm-jim-snes-v1-snes-cartridge-label.png,Earthworm Jim SNES v1,386365
Labels/fulls/SNES/EarthwormJim_SNES_v2.png,Labels/fulls/SNES/earthwormjim-snes-v2-snes-cartridge-label.png,EarthwormJim SNES v2,524963
Labels/fulls/SNES/EarthwormJim_SNES_v3.png,Labels/fulls/SNES/earthwormjim-snes-v3-snes-cartridge-label.png,EarthwormJim SNES v3,746135
Labels/fulls/SNES/f zero.jpg,Labels/fulls/SNES/f-zero-snes-cartridge-label.jpg,f zero,181693
Labels/fulls/SNES/F-ZERO_2_SNES_v1.png,Labels/fulls/SNES/f-zero-2-snes-v1-snes-cartridge-label.png,F ZERO 2 SNES v1,621288
Labels/fulls/SNES/F-Zero_3_SNES_v1.png,Labels/fulls/SNES/f-zero-3-snes-v1-snes-cartridge-label.png,F Zero 3 SNES v1,580470
Labels/fulls/SNES/F-ZERO_SNES_v1.png,Labels/fulls/SNES/f-zero-snes-v1-snes-cartridge-label.png,F ZERO SNES v1,527987
Labels/fulls/SNES/Fatal Fury 2.jpg,Labels/fulls/SNES/fatal-fury-2-snes-cartridge-label.jpg,Fatal Fury 2,193841
Labels/fulls/SNES/Fatal Fury Special V2.png,Labels/fulls/SNES/fatal-fury-special-v2-snes-cartridge-label.png,Fatal Fury Special V2,725885
Labels/fulls/SNES/Fatal Fury Special V3.png,Labels/fulls/SNES/fatal-fury-special-v3-snes-cartridge-label.png,Fatal Fury Special V3,933961
Labels/fulls/SNES/Fatal Fury Special V4.png,Labels/fulls/SNES/fatal-fury-special-v4-snes-cartridge-label.png,Fatal Fury Special V4,503225
Labels/fulls/SNES/Fatal Fury Special V5.png,Labels/fulls/SNES/fatal-fury-special-v5-snes-cartridge-label.png,Fatal Fury Special V5,418119
Labels/fulls/SNES/Fatal Fury Special.jpg,Labels/fulls/SNES/fatal-fury-special-snes-cartridge-label.jpg,Fatal Fury Special,166061
Labels/fulls/SNES/Fatal Fury Special.png,Labels/fulls/SNES/fatal-fury-special-snes-cartridge-label.png,Fatal Fury Special,532542
Labels/fulls/SNES/ffIV.png,Labels/fulls/SNES/ffiv-snes-cartridge-label.png,ffIV,141344
Labels/fulls/SNES/Fifa Soccer 96.jpg,Labels/fulls/SNES/fifa-soccer-96-snes-cartridge-label.jpg,Fifa Soccer 96,287613
Labels/fulls/SNES/Final Fantasy 2.jpg,Labels/fulls/SNES/final-fantasy-2-snes-cartridge-label.jpg,Final Fantasy 2,129451
Labels/fulls/SNES/Final Fantasy 3.jpg,Labels/fulls/SNES/final-fantasy-3-snes-cartridge-label.jpg,Final Fantasy 3,152045
Labels/fulls/SNES/Final Fantasy 4.jpg,Labels/fulls/SNES/final-fantasy-4-snes-cartridge-label.jpg,Final Fantasy 4,128592
Labels/fulls/SNES/Final Fantasy 5.jpg,Labels/fulls/SNES/final-fantasy-5-snes-cartridge-label.jpg,Final Fantasy 5,127961
Labels/fulls/SNES/Final Fantasy III  _SNES_v1 - Copy.png,Labels/fulls/SNES/final-fantasy-iii-snes-v1-copy-snes-cartridge-label.png,Final Fantasy III   SNES v1   Copy,469877
Labels/fulls/SNES/Final Fantasy Mystic Quest.jpg,Labels/fulls/SNES/final-fantasy-mystic-quest-snes-cartridge-label.jpg,Final Fantasy Mystic Quest,175553
Labels/fulls/SNES/final fight.jpg,Labels/fulls/SNES/final-fight-snes-cartridge-label.jpg,final fight,196455
Labels/fulls/SNES/Final Fight_SNES_v1.png,Labels/fulls/SNES/final-fight-snes-v1-snes-cartridge-label.png,Final Fight SNES v1,436283
Labels/fulls/SNES/Final_fight_2.bmp.jpg,Labels/fulls/SNES/final-fight-2-bmp-snes-cartridge-label.jpg,Final fight 2.bmp,168197
Labels/fulls/SNES/FinalFight3.png,Labels/fulls/SNES/finalfight3-snes-cartridge-label.png,FinalFight3,499173
Labels/fulls/SNES/Flashback.jpg,Labels/fulls/SNES/flashback-snes-cartridge-label.jpg,Flashback,166059
Labels/fulls/SNES/Flashback_SNES_v1.png,Labels/fulls/SNES/flashback-snes-v1-snes-cartridge-label.png,Flashback SNES v1,531643
Labels/fulls/SNES/Ghouls N GhostsV1.png,Labels/fulls/SNES/ghouls-n-ghostsv1-snes-cartridge-label.png,Ghouls N GhostsV1,502622
Labels/fulls/SNES/gods.jpg,Labels/fulls/SNES/gods-snes-cartridge-label.jpg,gods,201973
Labels/fulls/SNES/GodzillaDestroyAllMonsters_SNES_v1.png,Labels/fulls/SNES/godzilladestroyallmonsters-snes-v1-snes-cartridge-label.png,GodzillaDestroyAllMonsters SNES v1,528813
Labels/fulls/SNES/Goof Troop.jpg,Labels/fulls/SNES/goof-troop-snes-cartridge-label.jpg,Goof Troop,426814
Labels/fulls/SNES/Gradius III _SNES_v1.png,Labels/fulls/SNES/gradius-iii-snes-v1-snes-cartridge-label.png,Gradius III  SNES v1,619179
Labels/fulls/SNES/Gundam Wing Endless Duel am.jpg,Labels/fulls/SNES/gundam-wing-endless-duel-am-snes-cartridge-label.jpg,Gundam Wing Endless Duel am,177385
Labels/fulls/SNES/Hagane_SNES_v1.png,Labels/fulls/SNES/hagane-snes-v1-snes-cartridge-label.png,Hagane SNES v1,575812
Labels/fulls/SNES/Hagane_SNES_v2.png,Labels/fulls/SNES/hagane-snes-v2-snes-cartridge-label.png,Hagane SNES v2,509192
Labels/fulls/SNES/Hagane_snes_v3.png,Labels/fulls/SNES/hagane-snes-v3-snes-cartridge-label.png,Hagane snes v3,322532
Labels/fulls/SNES/HarvestMoon_SNES_V1.png,Labels/fulls/SNES/harvestmoon-snes-v1-snes-cartridge-label.png,HarvestMoon SNES V1,619154
Labels/fulls/SNES/HarvestMoon_SNES_V2.png,Labels/fulls/SNES/harvestmoon-snes-v2-snes-cartridge-label.png,HarvestMoon SNES V2,718940
Labels/fulls/SNES/HarvestMoon_SNES_V3.png,Labels/fulls/SNES/harvestmoon-snes-v3-snes-cartridge-label.png,HarvestMoon SNES V3,553890
Labels/fulls/SNES/HarvestMoon_SNES_V4.png,Labels/fulls/SNES/harvestmoon-snes-v4-snes-cartridge-label.png,HarvestMoon SNES V4,550551
Labels/fulls/SNES/Illusion of GAIA.jpg,Labels/fulls/SNES/illusion-of-gaia-snes-cartridge-label.jpg,Illusion of GAIA,163902
Labels/fulls/SNES/Inspector Gadget.png,Labels/fulls/SNES/inspector-gadget-snes-cartridge-label.png,Inspector Gadget,1348421
Labels/fulls/SNES/Iron Commando.png,Labels/fulls/SNES/iron-commando-snes-cartridge-label.png,Iron Commando,486966
Labels/fulls/SNES/Joe & Mac 1.jpg,Labels/fulls/SNES/joe-and-mac-1-snes-cartridge-label.jpg,Joe & Mac 1,127431
Labels/fulls/SNES/Joe & Mac 2 Lost in the Tropics.png,Labels/fulls/SNES/joe-and-mac-2-lost-in-the-tropics-snes-cartridge-label.png,Joe & Mac 2 Lost in the Tropics,621793
Labels/fulls/SNES/JoeAndMac2_SNES_v1.png,Labels/fulls/SNES/joeandmac2-snes-v1-snes-cartridge-label.png,JoeAndMac2 SNES v1,559975
Labels/fulls/SNES/JoeAndMac2_SNES_v2.png,Labels/fulls/SNES/joeandmac2-snes-v2-snes-cartridge-label.png,JoeAndMac2 SNES v2,880021
Labels/fulls/SNES/JoeAndMac2_SNES_v3.png,Labels/fulls/SNES/joeandmac2-snes-v3-snes-cartridge-label.png,JoeAndMac2 SNES v3,581336
Labels/fulls/SNES/JoeAndMac_snes_v1.png,Labels/fulls/SNES/joeandmac-snes-v1-snes-cartridge-label.png,JoeAndMac snes v1,248982
Labels/fulls/SNES/JoeAndMac_snes_v2.png,Labels/fulls/SNES/joeandmac-snes-v2-snes-cartridge-label.png,JoeAndMac snes v2,524209
Labels/fulls/SNES/JoeAndMac_snes_v3.png,Labels/fulls/SNES/joeandmac-snes-v3-snes-cartridge-label.png,JoeAndMac snes v3,432464
Labels/fulls/SNES/JoeAndMac_snes_v4.png,Labels/fulls/SNES/joeandmac-snes-v4-snes-cartridge-label.png,JoeAndMac snes v4,657747
Labels/fulls/SNES/JoeAndMac_snes_v5.png,Labels/fulls/SNES/joeandmac-snes-v5-snes-cartridge-label.png,JoeAndMac snes v5,542942
Labels/fulls/SNES/JoeAndMac_snes_v6.png,Labels/fulls/SNES/joeandmac-snes-v6-snes-cartridge-label.png,JoeAndMac snes v6,546763
Labels/fulls/SNES/JudgeDredd.jpg,Labels/fulls/SNES/judgedredd-snes-cartridge-label.jpg,JudgeDredd,160669
Labels/fulls/SNES/JudgeDredd_SNES_v1.png,Labels/fulls/SNES/judgedredd-snes-v1-snes-cartridge-label.png,JudgeDredd SNES v1,405214
Labels/fulls/SNES/JudgeDredd_SNES_v2.png,Labels/fulls/SNES/judgedredd-snes-v2-snes-cartridge-label.png,JudgeDredd SNES v2,510175
Labels/fulls/SNES/JudgeDredd_SNES_v3.png,Labels/fulls/SNES/judgedredd-snes-v3-snes-cartridge-label.png,JudgeDredd SNES v3,491800
Labels/fulls/SNES/Justice League Task Force.png,Labels/fulls/SNES/justice-league-task-force-snes-cartridge-label.png,Justice League Task Force,434573
Labels/fulls/SNES/King of Demons_SNES_v1.png,Labels/fulls/SNES/king-of-demons-snes-v1-snes-cartridge-label.png,King of Demons SNES v1,488809
Labels/fulls/SNES/King of Demons_SNES_v2.png,Labels/fulls/SNES/king-of-demons-snes-v2-snes-cartridge-label.png,King of Demons SNES v2,525256
Labels/fulls/SNES/King of the Monsters 2.jpg,Labels/fulls/SNES/king-of-the-monsters-2-snes-cartridge-label.jpg,King of the Monsters 2,240018
Labels/fulls/SNES/Krusty's Super Fun House.jpg,Labels/fulls/SNES/krusty-s-super-fun-house-snes-cartridge-label.jpg,Krusty's Super Fun House,224296
Labels/fulls/SNES/LastActionHero_snes_v1.png,Labels/fulls/SNES/lastactionhero-snes-v1-snes-cartridge-label.png,LastActionHero snes v1,522211
Labels/fulls/SNES/LastActionHero_snes_v2.png,Labels/fulls/SNES/lastactionhero-snes-v2-snes-cartridge-label.png,LastActionHero snes v2,604491
Labels/fulls/SNES/LEGEND.png,Labels/fulls/SNES/legend-snes-cartridge-label.png,LEGEND,187208
Labels/fulls/SNES/Lethal Enforcers.jpg,Labels/fulls/SNES/lethal-enforcers-snes-cartridge-label.jpg,Lethal Enforcers,154843
Labels/fulls/SNES/Lost Vikings 2.jpg,Labels/fulls/SNES/lost-vikings-2-snes-cartridge-label.jpg,Lost Vikings 2,164933
Labels/fulls/SNES/LOZ _SNES_v1.png,Labels/fulls/SNES/loz-snes-v1-snes-cartridge-label.png,LOZ  SNES v1,319402
Labels/fulls/SNES/LOZ _SNES_v2.png,Labels/fulls/SNES/loz-snes-v2-snes-cartridge-label.png,LOZ  SNES v2,721311
Labels/fulls/SNES/LOZ _SNES_v5.png,Labels/fulls/SNES/loz-snes-v5-snes-cartridge-label.png,LOZ  SNES v5,305875
Labels/fulls/SNES/LOZ _SNES_v6.png,Labels/fulls/SNES/loz-snes-v6-snes-cartridge-label.png,LOZ  SNES v6,724219
Labels/fulls/SNES/LOZ_snes_v3.png,Labels/fulls/SNES/loz-snes-v3-snes-cartridge-label.png,LOZ snes v3,967527
Labels/fulls/SNES/LOZ_snes_v4.png,Labels/fulls/SNES/loz-snes-v4-snes-cartridge-label.png,LOZ snes v4,485228
Labels/fulls/SNES/Lufia & The Fortress of Doom.jpg,Labels/fulls/SNES/lufia-and-the-fortress-of-doom-snes-cartridge-label.jpg,Lufia & The Fortress of Doom,187298
Labels/fulls/SNES/LufiaIISNES.png,Labels/fulls/SNES/lufiaiisnes-snes-cartridge-label.png,LufiaIISNES,597940
Labels/fulls/SNES/MARIOALLSTARS-SNES copy.jpg,Labels/fulls/SNES/marioallstars-snes-copy-snes-cartridge-label.jpg,MARIOALLSTARS SNES copy,187285
Labels/fulls/SNES/MarvelSuper Heroes in War of the Gems _SNES_v1.png,Labels/fulls/SNES/marvelsuper-heroes-in-war-of-the-gems-snes-v1-snes-cartridge-label.png,MarvelSuper Heroes in War of the Gems  SNES v1,435143
Labels/fulls/SNES/Maui Mallard Cold Shadow _snes_v1.jpg.png,Labels/fulls/SNES/maui-mallard-cold-shadow-snes-v1-jpg-snes-cartridge-label.png,Maui Mallard Cold Shadow  snes v1.jpg,490109
Labels/fulls/SNES/Mega Man Soccer_SNES_v1.png,Labels/fulls/SNES/mega-man-soccer-snes-v1-snes-cartridge-label.png,Mega Man Soccer SNES v1,528318
Labels/fulls/SNES/Mega Man Soccer_snes_v2.png,Labels/fulls/SNES/mega-man-soccer-snes-v2-snes-cartridge-label.png,Mega Man Soccer snes v2,525444
Labels/fulls/SNES/Mega Man X 2.jpg,Labels/fulls/SNES/mega-man-x-2-snes-cartridge-label.jpg,Mega Man X 2,192214
Labels/fulls/SNES/Mega Man X2 Custom.png,Labels/fulls/SNES/mega-man-x2-custom-snes-cartridge-label.png,Mega Man X2 Custom,523932
Labels/fulls/SNES/Mega Man X2.png,Labels/fulls/SNES/mega-man-x2-snes-cartridge-label.png,Mega Man X2,536238
Labels/fulls/SNES/Mega Man X3 V1.png,Labels/fulls/SNES/mega-man-x3-v1-snes-cartridge-label.png,Mega Man X3 V1,375912
Labels/fulls/SNES/Mega Man X_SpaceChakra.png,Labels/fulls/SNES/mega-man-x-spacechakra-snes-cartridge-label.png,Mega Man X SpaceChakra,521002
Labels/fulls/SNES/Megaman 7.jpg,Labels/fulls/SNES/megaman-7-snes-cartridge-label.jpg,Megaman 7,167492
Labels/fulls/SNES/Metal Warriors.png,Labels/fulls/SNES/metal-warriors-snes-cartridge-label.png,Metal Warriors,354532
Labels/fulls/SNES/MetalWarriors.png,Labels/fulls/SNES/metalwarriors-snes-cartridge-label.png,MetalWarriors,354532
Labels/fulls/SNES/Mighty Morphin Power Rangers.jpg,Labels/fulls/SNES/mighty-morphin-power-rangers-snes-cartridge-label.jpg,Mighty Morphin Power Rangers,179022
Labels/fulls/SNES/Mighty Morpin Power Rangers - The Movie.jpg,Labels/fulls/SNES/mighty-morpin-power-rangers-the-movie-snes-cartridge-label.jpg,Mighty Morpin Power Rangers   The Movie,157466
Labels/fulls/SNES/Mighty Morpin Power Rangers - The MovieV2.png,Labels/fulls/SNES/mighty-morpin-power-rangers-the-moviev2-snes-cartridge-label.png,Mighty Morpin Power Rangers   The MovieV2,478140
Labels/fulls/SNES/MK.jpg,Labels/fulls/SNES/mk-snes-cartridge-label.jpg,MK,147834
Labels/fulls/SNES/MobileSuitGundamWingEndlessDuel_SNES_v1.png,Labels/fulls/SNES/mobilesuitgundamwingendlessduel-snes-v1-snes-cartridge-label.png,MobileSuitGundamWingEndlessDuel SNES v1,532168
Labels/fulls/SNES/mortal kombat 2.jpg,Labels/fulls/SNES/mortal-kombat-2-snes-cartridge-label.jpg,mortal kombat 2,177301
Labels/fulls/SNES/Mortal Kombat 3 _snes_v1.png,Labels/fulls/SNES/mortal-kombat-3-snes-v1-snes-cartridge-label.png,Mortal Kombat 3  snes v1,256768
Labels/fulls/SNES/MortalKombatII_SNES_v1.png,Labels/fulls/SNES/mortalkombatii-snes-v1-snes-cartridge-label.png,MortalKombatII SNES v1,447061
Labels/fulls/SNES/MortalKombatII_snes_v2a.png,Labels/fulls/SNES/mortalkombatii-snes-v2a-snes-cartridge-label.png,MortalKombatII snes v2a,489725
Labels/fulls/SNES/MortalKombatII_snes_v2b.png,Labels/fulls/SNES/mortalkombatii-snes-v2b-snes-cartridge-label.png,MortalKombatII snes v2b,296728
Labels/fulls/SNES/MortalKombatII_snes_v2c.png,Labels/fulls/SNES/mortalkombatii-snes-v2c-snes-cartridge-label.png,MortalKombatII snes v2c,412859
Labels/fulls/SNES/MortalKombatII_SNES_v3.png,Labels/fulls/SNES/mortalkombatii-snes-v3-snes-cartridge-label.png,MortalKombatII SNES v3,383767
Labels/fulls/SNES/MortalKombatII_SNES_v4.png,Labels/fulls/SNES/mortalkombatii-snes-v4-snes-cartridge-label.png,MortalKombatII SNES v4,1077556
Labels/fulls/SNES/NBAHTV1.png,Labels/fulls/SNES/nbahtv1-snes-cartridge-label.png,NBAHTV1,1498126
Labels/fulls/SNES/NBAHTV2.png,Labels/fulls/SNES/nbahtv2-snes-cartridge-label.png,NBAHTV2,1106651
Labels/fulls/SNES/NBAHTV3.png,Labels/fulls/SNES/nbahtv3-snes-cartridge-label.png,NBAHTV3,1531515
Labels/fulls/SNES/Nightmare Busters_SNES_v1.png,Labels/fulls/SNES/nightmare-busters-snes-v1-snes-cartridge-label.png,Nightmare Busters SNES v1,545600
Labels/fulls/SNES/Nightmare Busters_SNES_v2.png,Labels/fulls/SNES/nightmare-busters-snes-v2-snes-cartridge-label.png,Nightmare Busters SNES v2,439881
Labels/fulls/SNES/Ninja Gaiden Trilogy_SNES_v1.png,Labels/fulls/SNES/ninja-gaiden-trilogy-snes-v1-snes-cartridge-label.png,Ninja Gaiden Trilogy SNES v1,430923
Labels/fulls/SNES/Ninja Warriors.jpg,Labels/fulls/SNES/ninja-warriors-snes-cartridge-label.jpg,Ninja Warriors,192413
Labels/fulls/SNES/nosferatu.png,Labels/fulls/SNES/nosferatu-snes-cartridge-label.png,nosferatu,507017
Labels/fulls/SNES/OgreBattle_SNES_v1.png,Labels/fulls/SNES/ogrebattle-snes-v1-snes-cartridge-label.png,OgreBattle SNES v1,398013
Labels/fulls/SNES/OgreBattle_SNES_v2.png,Labels/fulls/SNES/ogrebattle-snes-v2-snes-cartridge-label.png,OgreBattle SNES v2,467765
Labels/fulls/SNES/Out Of this World.jpg,Labels/fulls/SNES/out-of-this-world-snes-cartridge-label.jpg,Out Of this World,176405
Labels/fulls/SNES/PeaceKeepers Label copy.png,Labels/fulls/SNES/peacekeepers-label-copy-snes-cartridge-label.png,PeaceKeepers Label copy,593640
Labels/fulls/SNES/Pilotwings _SNES_v1.png,Labels/fulls/SNES/pilotwings-snes-v1-snes-cartridge-label.png,Pilotwings  SNES v1,503722
Labels/fulls/SNES/Pilotwings _SNES_v2.png,Labels/fulls/SNES/pilotwings-snes-v2-snes-cartridge-label.png,Pilotwings  SNES v2,450610
Labels/fulls/SNES/Plok.png,Labels/fulls/SNES/plok-snes-cartridge-label.png,Plok,2138501
Labels/fulls/SNES/Pokemon (Hack).png,Labels/fulls/SNES/pokemon-hack-snes-cartridge-label.png,Pokemon (Hack),296530
Labels/fulls/SNES/Pokemon Stadium.jpg,Labels/fulls/SNES/pokemon-stadium-snes-cartridge-label.jpg,Pokemon Stadium,165513
Labels/fulls/SNES/Primal Rage.jpg,Labels/fulls/SNES/primal-rage-snes-cartridge-label.jpg,Primal Rage,172502
Labels/fulls/SNES/PrimalRage_SNES_v1.png,Labels/fulls/SNES/primalrage-snes-v1-snes-cartridge-label.png,PrimalRage SNES v1,429138
Labels/fulls/SNES/PrimalRage_snes_v2.png,Labels/fulls/SNES/primalrage-snes-v2-snes-cartridge-label.png,PrimalRage snes v2,587271
Labels/fulls/SNES/PrimalRage_snes_v3.png,Labels/fulls/SNES/primalrage-snes-v3-snes-cartridge-label.png,PrimalRage snes v3,620556
Labels/fulls/SNES/PrimalRage_snes_v4.png,Labels/fulls/SNES/primalrage-snes-v4-snes-cartridge-label.png,PrimalRage snes v4,550330
Labels/fulls/SNES/PrimalRage_snes_v5.png,Labels/fulls/SNES/primalrage-snes-v5-snes-cartridge-label.png,PrimalRage snes v5,553804
Labels/fulls/SNES/PrimalRage_snes_v6.png,Labels/fulls/SNES/primalrage-snes-v6-snes-cartridge-label.png,PrimalRage snes v6,428242
Labels/fulls/SNES/PrimalRage_snes_v7.png,Labels/fulls/SNES/primalrage-snes-v7-snes-cartridge-label.png,PrimalRage snes v7,678229
Labels/fulls/SNES/Ranma 12 Hard Battle.png,Labels/fulls/SNES/ranma-12-hard-battle-snes-cartridge-label.png,Ranma 12 Hard Battle,553098
Labels/fulls/SNES/roadtothetop.jpg,Labels/fulls/SNES/roadtothetop-snes-cartridge-label.jpg,roadtothetop,184984
Labels/fulls/SNES/Rock Man X2  _SNES_v1.png,Labels/fulls/SNES/rock-man-x2-snes-v1-snes-cartridge-label.png,Rock Man X2   SNES v1,447244
Labels/fulls/SNES/Rock n Roll Racing_snes_v2.png,Labels/fulls/SNES/rock-n-roll-racing-snes-v2-snes-cartridge-label.png,Rock n Roll Racing snes v2,425210
Labels/fulls/SNES/Rock n Roll Racing_snes_v3.png,Labels/fulls/SNES/rock-n-roll-racing-snes-v3-snes-cartridge-label.png,Rock n Roll Racing snes v3,455379
Labels/fulls/SNES/Rockman X.jpg,Labels/fulls/SNES/rockman-x-snes-cartridge-label.jpg,Rockman X,212895
Labels/fulls/SNES/Rockman X3 _snes_v1.png,Labels/fulls/SNES/rockman-x3-snes-v1-snes-cartridge-label.png,Rockman X3  snes v1,401344
Labels/fulls/SNES/Rockman X3 _snes_v2.png,Labels/fulls/SNES/rockman-x3-snes-v2-snes-cartridge-label.png,Rockman X3  snes v2,453937
Labels/fulls/SNES/Rockman X3 _snes_v3.png,Labels/fulls/SNES/rockman-x3-snes-v3-snes-cartridge-label.png,Rockman X3  snes v3,453448
Labels/fulls/SNES/RocknRollRacing_SNES_v1.png,Labels/fulls/SNES/rocknrollracing-snes-v1-snes-cartridge-label.png,RocknRollRacing SNES v1,491776
Labels/fulls/SNES/Romancing Saga 3.png,Labels/fulls/SNES/romancing-saga-3-snes-cartridge-label.png,Romancing Saga 3,489211
Labels/fulls/SNES/Samurai Shodown.jpg,Labels/fulls/SNES/samurai-shodown-snes-cartridge-label.jpg,Samurai Shodown,208985
Labels/fulls/SNES/scivV0.png,Labels/fulls/SNES/scivv0-snes-cartridge-label.png,scivV0,608541
Labels/fulls/SNES/Scooby-DooMystery_snes_v1.png,Labels/fulls/SNES/scooby-doomystery-snes-v1-snes-cartridge-label.png,Scooby DooMystery snes v1,411279
Labels/fulls/SNES/Scooby-DooMystery_snes_v2.png,Labels/fulls/SNES/scooby-doomystery-snes-v2-snes-cartridge-label.png,Scooby DooMystery snes v2,432357
Labels/fulls/SNES/Scooby-DooMystery_snes_v3.png,Labels/fulls/SNES/scooby-doomystery-snes-v3-snes-cartridge-label.png,Scooby DooMystery snes v3,338472
Labels/fulls/SNES/Scooby-DooMystery_snes_v4.png,Labels/fulls/SNES/scooby-doomystery-snes-v4-snes-cartridge-label.png,Scooby DooMystery snes v4,521518
Labels/fulls/SNES/Scooby-DooMystery_snes_v5.png,Labels/fulls/SNES/scooby-doomystery-snes-v5-snes-cartridge-label.png,Scooby DooMystery snes v5,507122
Labels/fulls/SNES/Scooby-DooMystery_snes_v6.png,Labels/fulls/SNES/scooby-doomystery-snes-v6-snes-cartridge-label.png,Scooby DooMystery snes v6,380358
Labels/fulls/SNES/Scooby-DooMystery_snes_v7.png,Labels/fulls/SNES/scooby-doomystery-snes-v7-snes-cartridge-label.png,Scooby DooMystery snes v7,496727
Labels/fulls/SNES/Scooby-DooMystery_snes_v8.png,Labels/fulls/SNES/scooby-doomystery-snes-v8-snes-cartridge-label.png,Scooby DooMystery snes v8,530023
Labels/fulls/SNES/SD2SNES PRO Metroid V2.png,Labels/fulls/SNES/sd2snes-pro-metroid-v2-snes-cartridge-label.png,SD2SNES PRO Metroid V2,414594
Labels/fulls/SNES/SD2SNES PRO Metroid.png,Labels/fulls/SNES/sd2snes-pro-metroid-snes-cartridge-label.png,SD2SNES PRO Metroid,556162
Labels/fulls/SNES/SD2SNES pro stoned gamer.png,Labels/fulls/SNES/sd2snes-pro-stoned-gamer-snes-cartridge-label.png,SD2SNES pro stoned gamer,221710
Labels/fulls/SNES/Secret of Evermore _snes_v1.png,Labels/fulls/SNES/secret-of-evermore-snes-v1-snes-cartridge-label.png,Secret of Evermore  snes v1,513821
Labels/fulls/SNES/Secret of Evermore _snes_v2.png,Labels/fulls/SNES/secret-of-evermore-snes-v2-snes-cartridge-label.png,Secret of Evermore  snes v2,483259
Labels/fulls/SNES/Secret of Mana _SNES_v1.png,Labels/fulls/SNES/secret-of-mana-snes-v1-snes-cartridge-label.png,Secret of Mana  SNES v1,607226
Labels/fulls/SNES/SeparationAnxiety_SNES_v1 - Copy.png,Labels/fulls/SNES/separationanxiety-snes-v1-copy-snes-cartridge-label.png,SeparationAnxiety SNES v1   Copy,420227
Labels/fulls/SNES/SeparationAnxiety_SNES_v2.png,Labels/fulls/SNES/separationanxiety-snes-v2-snes-cartridge-label.png,SeparationAnxiety SNES v2,579260
Labels/fulls/SNES/SeparationAnxiety_SNES_v3.png,Labels/fulls/SNES/separationanxiety-snes-v3-snes-cartridge-label.png,SeparationAnxiety SNES v3,499654
Labels/fulls/SNES/SeparationAnxiety_SNES_v4.png,Labels/fulls/SNES/separationanxiety-snes-v4-snes-cartridge-label.png,SeparationAnxiety SNES v4,561961
Labels/fulls/SNES/sfV0.png,Labels/fulls/SNES/sfv0-snes-cartridge-label.png,sfV0,704583
Labels/fulls/SNES/Shadowrun.jpg,Labels/fulls/SNES/shadowrun-snes-cartridge-label.jpg,Shadowrun,207566
Labels/fulls/SNES/smkV1.png,Labels/fulls/SNES/smkv1-snes-cartridge-label.png,smkV1,443871
Labels/fulls/SNES/smkV2.png,Labels/fulls/SNES/smkv2-snes-cartridge-label.png,smkV2,448801
Labels/fulls/SNES/smkV3.png,Labels/fulls/SNES/smkv3-snes-cartridge-label.png,smkV3,447917
Labels/fulls/SNES/smkV4.png,Labels/fulls/SNES/smkv4-snes-cartridge-label.png,smkV4,184651
Labels/fulls/SNES/smkV5.png,Labels/fulls/SNES/smkv5-snes-cartridge-label.png,smkV5,369913
Labels/fulls/SNES/smkV6.png,Labels/fulls/SNES/smkv6-snes-cartridge-label.png,smkV6,447543
Labels/fulls/SNES/SNS-M4-USA-cart.jpg,Labels/fulls/SNES/sns-m4-usa-cart-snes-cartridge-label.jpg,SNS M4 USA cart,101560
Labels/fulls/SNES/SNS-ZL-USA.jpg,Labels/fulls/SNES/sns-zl-usa-snes-cartridge-label.jpg,SNS ZL USA,99434
Labels/fulls/SNES/Sonic Wings  _SNES_v1.png,Labels/fulls/SNES/sonic-wings-snes-v1-snes-cartridge-label.png,Sonic Wings   SNES v1,474093
Labels/fulls/SNES/Sonic Wings  _SNES_v2.png,Labels/fulls/SNES/sonic-wings-snes-v2-snes-cartridge-label.png,Sonic Wings   SNES v2,467363
Labels/fulls/SNES/spankysquest.png,Labels/fulls/SNES/spankysquest-snes-cartridge-label.png,spankysquest,506809
Labels/fulls/SNES/spankysquestV2.png,Labels/fulls/SNES/spankysquestv2-snes-cartridge-label.png,spankysquestV2,529305
Labels/fulls/SNES/spankysquestV3.png,Labels/fulls/SNES/spankysquestv3-snes-cartridge-label.png,spankysquestV3,862057
Labels/fulls/SNES/SpeedyGonzalesLosGatosBandidos.png,Labels/fulls/SNES/speedygonzaleslosgatosbandidos-snes-cartridge-label.png,SpeedyGonzalesLosGatosBandidos,619643
Labels/fulls/SNES/Spider-Man and Venom Maximum Carnage.png,Labels/fulls/SNES/spider-man-and-venom-maximum-carnage-snes-cartridge-label.png,Spider Man and Venom Maximum Carnage,413707
Labels/fulls/SNES/Spider-man X-men Arcade's Revenge.jpg,Labels/fulls/SNES/spider-man-x-men-arcade-s-revenge-snes-cartridge-label.jpg,Spider man X men Arcade's Revenge,215466
Labels/fulls/SNES/Spider-Man.jpg,Labels/fulls/SNES/spider-man-snes-cartridge-label.jpg,Spider Man,177271
Labels/fulls/SNES/StarFox.jpg,Labels/fulls/SNES/starfox-snes-cartridge-label.jpg,StarFox,184294
Labels/fulls/SNES/starfox2.png,Labels/fulls/SNES/starfox2-snes-cartridge-label.png,starfox2,594075
Labels/fulls/SNES/Street Fighter Alpha 2_SNES_v1.png,Labels/fulls/SNES/street-fighter-alpha-2-snes-v1-snes-cartridge-label.png,Street Fighter Alpha 2 SNES v1,379759
Labels/fulls/SNES/Street Fighter Alpha 2_snes_v2.png,Labels/fulls/SNES/street-fighter-alpha-2-snes-v2-snes-cartridge-label.png,Street Fighter Alpha 2 snes v2,844197
Labels/fulls/SNES/Street Fighter Alpha 2_snes_v3.png,Labels/fulls/SNES/street-fighter-alpha-2-snes-v3-snes-cartridge-label.png,Street Fighter Alpha 2 snes v3,335626
Labels/fulls/SNES/Street Fighter Alpha 2_SNES_v4.png,Labels/fulls/SNES/street-fighter-alpha-2-snes-v4-snes-cartridge-label.png,Street Fighter Alpha 2 SNES v4,756416
Labels/fulls/SNES/Sunset Riders.jpg,Labels/fulls/SNES/sunset-riders-snes-cartridge-label.jpg,Sunset Riders,206143
Labels/fulls/SNES/Sunset Riders.png,Labels/fulls/SNES/sunset-riders-snes-cartridge-label.png,Sunset Riders,604242
Labels/fulls/SNES/SunsetRider3.png,Labels/fulls/SNES/sunsetrider3-snes-cartridge-label.png,SunsetRider3,501168
Labels/fulls/SNES/SunsetRiders2.png,Labels/fulls/SNES/sunsetriders2-snes-cartridge-label.png,SunsetRiders2,187875
Labels/fulls/SNES/SuoerMarioAllStars_snesLabel_V1.png,Labels/fulls/SNES/suoermarioallstars-sneslabel-v1-snes-cartridge-label.png,SuoerMarioAllStars snesLabel V1,592706
Labels/fulls/SNES/Super Bomberman 2 V1.png,Labels/fulls/SNES/super-bomberman-2-v1-snes-cartridge-label.png,Super Bomberman 2 V1,531060
Labels/fulls/SNES/Super Bomberman 2 V1B.png,Labels/fulls/SNES/super-bomberman-2-v1b-snes-cartridge-label.png,Super Bomberman 2 V1B,518200
Labels/fulls/SNES/Super Bomberman 2.jpg,Labels/fulls/SNES/super-bomberman-2-snes-cartridge-label.jpg,Super Bomberman 2,191650
Labels/fulls/SNES/Super Bomberman.jpg,Labels/fulls/SNES/super-bomberman-snes-cartridge-label.jpg,Super Bomberman,186600
Labels/fulls/SNES/Super Mario Wolrd.jpg,Labels/fulls/SNES/super-mario-wolrd-snes-cartridge-label.jpg,Super Mario Wolrd,153747
Labels/fulls/SNES/Super Mario World 2 Yoshi's Island.jpg,Labels/fulls/SNES/super-mario-world-2-yoshi-s-island-snes-cartridge-label.jpg,Super Mario World 2 Yoshi's Island,159900
Labels/fulls/SNES/Super Mario World SNS-MW-USA-1.png,Labels/fulls/SNES/super-mario-world-sns-mw-usa-1-snes-cartridge-label.png,Super Mario World SNS MW USA 1,228311
Labels/fulls/SNES/Super Mario World SNS-MW-USA.png,Labels/fulls/SNES/super-mario-world-sns-mw-usa-snes-cartridge-label.png,Super Mario World SNS MW USA,257934
Labels/fulls/SNES/Super Metroid -  Super Zero Mission.jpg,Labels/fulls/SNES/super-metroid-super-zero-mission-snes-cartridge-label.jpg,Super Metroid    Super Zero Mission,142221
Labels/fulls/SNES/Super Metroid V1.png,Labels/fulls/SNES/super-metroid-v1-snes-cartridge-label.png,Super Metroid V1,497823
Labels/fulls/SNES/Super Metroid V2.png,Labels/fulls/SNES/super-metroid-v2-snes-cartridge-label.png,Super Metroid V2,698797
Labels/fulls/SNES/Super Metroid V3.png,Labels/fulls/SNES/super-metroid-v3-snes-cartridge-label.png,Super Metroid V3,913263
Labels/fulls/SNES/Super Metroid V4.png,Labels/fulls/SNES/super-metroid-v4-snes-cartridge-label.png,Super Metroid V4,361197
Labels/fulls/SNES/Super Metroid.jpg,Labels/fulls/SNES/super-metroid-snes-cartridge-label.jpg,Super Metroid,169523
Labels/fulls/SNES/Super Punch Out.jpg,Labels/fulls/SNES/super-punch-out-snes-cartridge-label.jpg,Super Punch Out,167835
Labels/fulls/SNES/Super Punch-Out _snes_v1.png,Labels/fulls/SNES/super-punch-out-snes-v1-snes-cartridge-label.png,Super Punch Out  snes v1,429713
Labels/fulls/SNES/Super Spongebob Kart.png,Labels/fulls/SNES/super-spongebob-kart-snes-cartridge-label.png,Super Spongebob Kart,349770
Labels/fulls/SNES/Super Star Wars -  The Empire Strikes Back.jpg,Labels/fulls/SNES/super-star-wars-the-empire-strikes-back-snes-cartridge-label.jpg,Super Star Wars    The Empire Strikes Back,163947
Labels/fulls/SNES/Super Star Wars - Return of the Jedi.jpg,Labels/fulls/SNES/super-star-wars-return-of-the-jedi-snes-cartridge-label.jpg,Super Star Wars   Return of the Jedi,163195
Labels/fulls/SNES/Super Street Fighter II - The New Chalengers.png,Labels/fulls/SNES/super-street-fighter-ii-the-new-chalengers-snes-cartridge-label.png,Super Street Fighter II   The New Chalengers,561762
Labels/fulls/SNES/Super Valis IV_SNES_v1.png,Labels/fulls/SNES/super-valis-iv-snes-v1-snes-cartridge-label.png,Super Valis IV SNES v1,494070
Labels/fulls/SNES/Super Valis IV_snes_v2.png,Labels/fulls/SNES/super-valis-iv-snes-v2-snes-cartridge-label.png,Super Valis IV snes v2,475871
Labels/fulls/SNES/Super Valis IV_snes_v3.png,Labels/fulls/SNES/super-valis-iv-snes-v3-snes-cartridge-label.png,Super Valis IV snes v3,462443
Labels/fulls/SNES/Super Valis IV_snes_v4.png,Labels/fulls/SNES/super-valis-iv-snes-v4-snes-cartridge-label.png,Super Valis IV snes v4,902193
Labels/fulls/SNES/Super Valis IV_snes_v5.png,Labels/fulls/SNES/super-valis-iv-snes-v5-snes-cartridge-label.png,Super Valis IV snes v5,498951
Labels/fulls/SNES/SuperDoubleDragon_SNES_v1.png,Labels/fulls/SNES/superdoubledragon-snes-v1-snes-cartridge-label.png,SuperDoubleDragon SNES v1,575386
Labels/fulls/SNES/SuperDoubleDragon_SNES_v2.png,Labels/fulls/SNES/superdoubledragon-snes-v2-snes-cartridge-label.png,SuperDoubleDragon SNES v2,580359
Labels/fulls/SNES/SuperDoubleDragon_SNES_v3.png,Labels/fulls/SNES/superdoubledragon-snes-v3-snes-cartridge-label.png,SuperDoubleDragon SNES v3,524293
Labels/fulls/SNES/SuperGodzilla_snes_v2.png,Labels/fulls/SNES/supergodzilla-snes-v2-snes-cartridge-label.png,SuperGodzilla snes v2,438667
Labels/fulls/SNES/SuperGodzilla_snes_v3.png,Labels/fulls/SNES/supergodzilla-snes-v3-snes-cartridge-label.png,SuperGodzilla snes v3,707866
Labels/fulls/SNES/SuperGodzillaKaijuDaikessen_snes_v1.png,Labels/fulls/SNES/supergodzillakaijudaikessen-snes-v1-snes-cartridge-label.png,SuperGodzillaKaijuDaikessen snes v1,464370
Labels/fulls/SNES/SuperGodzillaKaijuDaikessen_snes_v2.png,Labels/fulls/SNES/supergodzillakaijudaikessen-snes-v2-snes-cartridge-label.png,SuperGodzillaKaijuDaikessen snes v2,1013938
Labels/fulls/SNES/SuperGodzillaKaijuDaikessen_snes_v3.png,Labels/fulls/SNES/supergodzillakaijudaikessen-snes-v3-snes-cartridge-label.png,SuperGodzillaKaijuDaikessen snes v3,510850
Labels/fulls/SNES/SuperMarioAllStars+SuperMarioWorld_SNES_v1.png,Labels/fulls/SNES/supermarioallstars-supermarioworld-snes-v1-snes-cartridge-label.png,SuperMarioAllStars+SuperMarioWorld SNES v1,341588
Labels/fulls/SNES/SuperMarioAllStars+SuperMarioWorld_SNES_v2.png,Labels/fulls/SNES/supermarioallstars-supermarioworld-snes-v2-snes-cartridge-label.png,SuperMarioAllStars+SuperMarioWorld SNES v2,405703
Labels/fulls/SNES/SuperMarioKart_SNES_v1.png,Labels/fulls/SNES/supermariokart-snes-v1-snes-cartridge-label.png,SuperMarioKart SNES v1,443871
Labels/fulls/SNES/SuperMarioKart_SNES_v2.png,Labels/fulls/SNES/supermariokart-snes-v2-snes-cartridge-label.png,SuperMarioKart SNES v2,447917
Labels/fulls/SNES/SuperMarioRPG_snnes_v1.png,Labels/fulls/SNES/supermariorpg-snnes-v1-snes-cartridge-label.png,SuperMarioRPG snnes v1,489277
Labels/fulls/SNES/SuperMarioWorld2YoshisIsland_SNES_v1.png,Labels/fulls/SNES/supermarioworld2yoshisisland-snes-v1-snes-cartridge-label.png,SuperMarioWorld2YoshisIsland SNES v1,468903
Labels/fulls/SNES/Swat Kats SNES V1.png,Labels/fulls/SNES/swat-kats-snes-v1-snes-cartridge-label.png,Swat Kats SNES V1,559877
Labels/fulls/SNES/Swat Kats SNES V2.png,Labels/fulls/SNES/swat-kats-snes-v2-snes-cartridge-label.png,Swat Kats SNES V2,422356
Labels/fulls/SNES/Swat Kats SNES V3.png,Labels/fulls/SNES/swat-kats-snes-v3-snes-cartridge-label.png,Swat Kats SNES V3,406598
Labels/fulls/SNES/T2 - The Arcade Game.jpg,Labels/fulls/SNES/t2-the-arcade-game-snes-cartridge-label.jpg,T2   The Arcade Game,171530
Labels/fulls/SNES/Taz Mania_2.jpg,Labels/fulls/SNES/taz-mania-2-snes-cartridge-label.jpg,Taz Mania 2,171745
Labels/fulls/SNES/Tecmo Super Bowl III_SNES_v1.png,Labels/fulls/SNES/tecmo-super-bowl-iii-snes-v1-snes-cartridge-label.png,Tecmo Super Bowl III SNES v1,406267
Labels/fulls/SNES/Tecmo Super Bowl.png,Labels/fulls/SNES/tecmo-super-bowl-snes-cartridge-label.png,Tecmo Super Bowl,409191
Labels/fulls/SNES/Tetris_2_SNES_v1.png,Labels/fulls/SNES/tetris-2-snes-v1-snes-cartridge-label.png,Tetris 2 SNES v1,455287
Labels/fulls/SNES/The Adventures of Batman & Robin _SNES_v1.png,Labels/fulls/SNES/the-adventures-of-batman-and-robin-snes-v1-snes-cartridge-label.png,The Adventures of Batman & Robin  SNES v1,482296
Labels/fulls/SNES/The Adventures of Batman & Robin _SNES_v2.png,Labels/fulls/SNES/the-adventures-of-batman-and-robin-snes-v2-snes-cartridge-label.png,The Adventures of Batman & Robin  SNES v2,467817
Labels/fulls/SNES/The Adventures of Batman & Robin _SNES_v3.png,Labels/fulls/SNES/the-adventures-of-batman-and-robin-snes-v3-snes-cartridge-label.png,The Adventures of Batman & Robin  SNES v3,584542
Labels/fulls/SNES/The Adventures of Batman and Robin _SNES_v1.png,Labels/fulls/SNES/the-adventures-of-batman-and-robin-snes-v1-snes-cartridge-label-2.png,The Adventures of Batman and Robin  SNES v1,430363
Labels/fulls/SNES/The Firemen_SNES_v1.png,Labels/fulls/SNES/the-firemen-snes-v1-snes-cartridge-label.png,The Firemen SNES v1,477297
Labels/fulls/SNES/The Firemen_snes_v2.png,Labels/fulls/SNES/the-firemen-snes-v2-snes-cartridge-label.png,The Firemen snes v2,449834
Labels/fulls/SNES/The Illusion of Gaia _snes_v1 _SNES_v1.png,Labels/fulls/SNES/the-illusion-of-gaia-snes-v1-snes-v1-snes-cartridge-label.png,The Illusion of Gaia  snes v1  SNES v1,440760
Labels/fulls/SNES/The Legend of Zelda - A Link to the Past.png,Labels/fulls/SNES/the-legend-of-zelda-a-link-to-the-past-snes-cartridge-label.png,The Legend of Zelda   A Link to the Past,548332
Labels/fulls/SNES/The Legend of Zelda.png,Labels/fulls/SNES/the-legend-of-zelda-snes-cartridge-label.png,The Legend of Zelda,404263
Labels/fulls/SNES/The Mask _SNES_v1.png,Labels/fulls/SNES/the-mask-snes-v1-snes-cartridge-label.png,The Mask  SNES v1,386648
Labels/fulls/SNES/The Mask _SNES_v2.png,Labels/fulls/SNES/the-mask-snes-v2-snes-cartridge-label.png,The Mask  SNES v2,666333
Labels/fulls/SNES/The Mask _SNES_v3.png,Labels/fulls/SNES/the-mask-snes-v3-snes-cartridge-label.png,The Mask  SNES v3,529695
Labels/fulls/SNES/The Mask _SNES_v4.png,Labels/fulls/SNES/the-mask-snes-v4-snes-cartridge-label.png,The Mask  SNES v4,735138
Labels/fulls/SNES/The Mask _SNES_v5.png,Labels/fulls/SNES/the-mask-snes-v5-snes-cartridge-label.png,The Mask  SNES v5,502719
Labels/fulls/SNES/The Peace Keepers _snes_v1.png,Labels/fulls/SNES/the-peace-keepers-snes-v1-snes-cartridge-label.png,The Peace Keepers  snes v1,594379
Labels/fulls/SNES/The Peace Keepers.png,Labels/fulls/SNES/the-peace-keepers-snes-cartridge-label.png,The Peace Keepers,535955
Labels/fulls/SNES/The Twisted Tales of Spike McFang_SNES_v1.png,Labels/fulls/SNES/the-twisted-tales-of-spike-mcfang-snes-v1-snes-cartridge-label.png,The Twisted Tales of Spike McFang SNES v1,614310
Labels/fulls/SNES/The Twisted Tales of Spike McFang_SNES_v2.png,Labels/fulls/SNES/the-twisted-tales-of-spike-mcfang-snes-v2-snes-cartridge-label.png,The Twisted Tales of Spike McFang SNES v2,590825
Labels/fulls/SNES/Timon & Pumbaa's Jungle Games.jpg,Labels/fulls/SNES/timon-and-pumbaa-s-jungle-games-snes-cartridge-label.jpg,Timon & Pumbaa's Jungle Games,347539
Labels/fulls/SNES/TMNTTurtlesinTime_SNES_v1.png,Labels/fulls/SNES/tmntturtlesintime-snes-v1-snes-cartridge-label.png,TMNTTurtlesinTime SNES v1,645510
Labels/fulls/SNES/TMNTTurtlesinTime_SNES_v2.png,Labels/fulls/SNES/tmntturtlesintime-snes-v2-snes-cartridge-label.png,TMNTTurtlesinTime SNES v2,697889
Labels/fulls/SNES/TMNTTurtlesinTime_SNES_v3.png,Labels/fulls/SNES/tmntturtlesintime-snes-v3-snes-cartridge-label.png,TMNTTurtlesinTime SNES v3,1011581
Labels/fulls/SNES/TMNTTurtlesinTime_SNES_v4.png,Labels/fulls/SNES/tmntturtlesintime-snes-v4-snes-cartridge-label.png,TMNTTurtlesinTime SNES v4,1028014
Labels/fulls/SNES/TMNTTurtlesinTime_SNES_v5.png,Labels/fulls/SNES/tmntturtlesintime-snes-v5-snes-cartridge-label.png,TMNTTurtlesinTime SNES v5,944306
Labels/fulls/SNES/TMNTTurtlesinTime_SNES_v6.png,Labels/fulls/SNES/tmntturtlesintime-snes-v6-snes-cartridge-label.png,TMNTTurtlesinTime SNES v6,978859
Labels/fulls/SNES/TMNTTurtlesinTime_SNES_v7.png,Labels/fulls/SNES/tmntturtlesintime-snes-v7-snes-cartridge-label.png,TMNTTurtlesinTime SNES v7,601907
Labels/fulls/SNES/TMNTTurtlesinTime_SNES_v8.png,Labels/fulls/SNES/tmntturtlesintime-snes-v8-snes-cartridge-label.png,TMNTTurtlesinTime SNES v8,602294
Labels/fulls/SNES/TMNTTurtlesinTime_SNES_v9.png,Labels/fulls/SNES/tmntturtlesintime-snes-v9-snes-cartridge-label.png,TMNTTurtlesinTime SNES v9,678337
Labels/fulls/SNES/Total Carnage.png,Labels/fulls/SNES/total-carnage-snes-cartridge-label.png,Total Carnage,532579
Labels/fulls/SNES/Turtles In Time.png,Labels/fulls/SNES/turtles-in-time-snes-cartridge-label.png,Turtles In Time,574872
Labels/fulls/SNES/Ultimate Mortal Kombat 3_SNES_v1.png,Labels/fulls/SNES/ultimate-mortal-kombat-3-snes-v1-snes-cartridge-label.png,Ultimate Mortal Kombat 3 SNES v1,530812
Labels/fulls/SNES/Ultraman.png,Labels/fulls/SNES/ultraman-snes-cartridge-label.png,Ultraman,525771
Labels/fulls/SNES/umk3.png,Labels/fulls/SNES/umk3-snes-cartridge-label.png,umk3,560744
Labels/fulls/SNES/WeaponLord.png,Labels/fulls/SNES/weaponlord-snes-cartridge-label.png,WeaponLord,490803
Labels/fulls/SNES/WildGuns_SNES_v1.png,Labels/fulls/SNES/wildguns-snes-v1-snes-cartridge-label.png,WildGuns SNES v1,526835
Labels/fulls/SNES/WildGuns_SNES_v2.png,Labels/fulls/SNES/wildguns-snes-v2-snes-cartridge-label.png,WildGuns SNES v2,490243
Labels/fulls/SNES/WildGuns_snes_v3.png,Labels/fulls/SNES/wildguns-snes-v3-snes-cartridge-label.png,WildGuns snes v3,514879
Labels/fulls/SNES/WildGuns_snes_v4.png,Labels/fulls/SNES/wildguns-snes-v4-snes-cartridge-label.png,WildGuns snes v4,515886
Labels/fulls/SNES/Worms  _SNES_v1.png,Labels/fulls/SNES/worms-snes-v1-snes-cartridge-label.png,Worms   SNES v1,505743
Labels/fulls/SNES/Worms  _SNES_v2.png,Labels/fulls/SNES/worms-snes-v2-snes-cartridge-label.png,Worms   SNES v2,736894
Labels/packs/SantiagoSalvador_Famicom_SFC_Labels_Pack.zip,Labels/packs/famicom-sfc-cartridge-labels-pack.zip,Famicom & Super Famicom Pack (20 Labels),10519992
Labels/packs/SantiagoSalvador_GameBoy_Labels_Pack.zip,Labels/packs/gameboy-cartridge-labels-pack.zip,Game Boy Color & Advance Pack (94 Labels),74306208
Labels/packs/SantiagoSalvador_Genesis_MegaDrive_Labels_Pack.zip,Labels/packs/genesis-megadrive-cartridge-labels-pack.zip,Sega Genesis & Mega Drive Pack (246 Labels),688648949
Labels/packs/SantiagoSalvador_N64_Labels_Pack.zip,Labels/packs/n64-cartridge-labels-pack.zip,Nintendo 64 Pack (203 Labels),216409652
Labels/packs/SantiagoSalvador_NeoGeo_Labels_Pack.zip,Labels/packs/neogeo-cartridge-labels-pack.zip,Neo-Geo AES & MVS Pack (154 Labels),478105199
Labels/packs/SantiagoSalvador_NES_Labels_Pack.zip,Labels/packs/nes-cartridge-labels-pack.zip,Nintendo Entertainment System Pack (146 Labels),403875252
Labels/packs/SantiagoSalvador_SNES_Labels_Pack.zip,Labels/packs/snes-cartridge-labels-pack.zip,Super Nintendo Pack (443 Labels),200224674
Labels/thumbs/Famicom_SFC/Dragon Ball Z - Hyper Dimension (1).jpg,Labels/thumbs/Famicom_SFC/dragon-ball-z-hyper-dimension-1-famicom-sfc-cartridge-label.jpg,Dragon Ball Z - Hyper Dimension (1),21659
Labels/thumbs/Famicom_SFC/Dragon Ball Z - Hyper Dimension.jpg,Labels/thumbs/Famicom_SFC/dragon-ball-z-hyper-dimension-famicom-sfc-cartridge-label.jpg,Dragon Ball Z - Hyper Dimension,22781
Labels/thumbs/Famicom_SFC/FX Pak _sfc_V1.jpg,Labels/thumbs/Famicom_SFC/fx-pak-sfc-v1-famicom-sfc-cartridge-label.jpg,FX Pak sfc V1,21516
Labels/thumbs/Famicom_SFC/FX Pak _sfc_V2.jpg,Labels/thumbs/Famicom_SFC/fx-pak-sfc-v2-famicom-sfc-cartridge-label.jpg,FX Pak sfc V2,16130
Labels/thumbs/Famicom_SFC/FX Pak _sfc_V3.jpg,Labels/thumbs/Famicom_SFC/fx-pak-sfc-v3-famicom-sfc-cartridge-label.jpg,FX Pak sfc V3,22328
Labels/thumbs/Famicom_SFC/maxresdefault.jpg,Labels/thumbs/Famicom_SFC/maxresdefault-famicom-sfc-cartridge-label.jpg,maxresdefault,37460
Labels/thumbs/Famicom_SFC/MegaManX3.jpg,Labels/thumbs/Famicom_SFC/mega-man-x3-famicom-sfc-cartridge-label.jpg,Mega Man X3,19876
Labels/thumbs/Famicom_SFC/MegaManX3V2.jpg,Labels/thumbs/Famicom_SFC/mega-man-x3v2-famicom-sfc-cartridge-label.jpg,Mega Man X3V2,22167
Labels/thumbs/Famicom_SFC/Nightmare Busters.jpg,Labels/thumbs/Famicom_SFC/nightmare-busters-famicom-sfc-cartridge-label.jpg,Nightmare Busters,21467
Labels/thumbs/Famicom_SFC/rockman3x_sfc_v1.jpg,Labels/thumbs/Famicom_SFC/rockman3x-sfc-v1-famicom-sfc-cartridge-label.jpg,rockman3x sfc v1,27568
Labels/thumbs/Famicom_SFC/rockmanx3.jpg,Labels/thumbs/Famicom_SFC/rockmanx3-famicom-sfc-cartridge-label.jpg,rockmanx3,27568
Labels/thumbs/Famicom_SFC/SFC Template V1.jpg,Labels/thumbs/Famicom_SFC/sfc-template-v1-famicom-sfc-cartridge-label.jpg,SFC Template V1,29495
Labels/thumbs/Famicom_SFC/SFC_Konami_Tall.jpg,Labels/thumbs/Famicom_SFC/sfc-konami-tall-famicom-sfc-cartridge-label.jpg,SFC Konami Tall,43408
Labels/thumbs/Famicom_SFC/SuperMarioRPG_sfc_v1.jpg,Labels/thumbs/Famicom_SFC/super-mario-rpg-sfc-v1-famicom-sfc-cartridge-label.jpg,Super Mario RPG sfc v1,21851
Labels/thumbs/Famicom_SFC/SuperValisIV_sfc_V1.jpg,Labels/thumbs/Famicom_SFC/super-valis-iv-sfc-v1-famicom-sfc-cartridge-label.jpg,Super Valis IV sfc V1,20546
Labels/thumbs/Famicom_SFC/SuperValisIV_sfc_V2.jpg,Labels/thumbs/Famicom_SFC/super-valis-iv-sfc-v2-famicom-sfc-cartridge-label.jpg,Super Valis IV sfc V2,17794
Labels/thumbs/Famicom_SFC/SuperValisIV_sfc_V3.jpg,Labels/thumbs/Famicom_SFC/super-valis-iv-sfc-v3-famicom-sfc-cartridge-label.jpg,Super Valis IV sfc V3,19916
Labels/thumbs/Famicom_SFC/SuperValisIV_sfc_V4.jpg,Labels/thumbs/Famicom_SFC/super-valis-iv-sfc-v4-famicom-sfc-cartridge-label.jpg,Super Valis IV sfc V4,19100
Labels/thumbs/Famicom_SFC/SuperValisIV_sfc_V5.jpg,Labels/thumbs/Famicom_SFC/super-valis-iv-sfc-v5-famicom-sfc-cartridge-label.jpg,Super Valis IV sfc V5,24057
Labels/thumbs/Famicom_SFC/TECMO SUPER BOWL.jpg,Labels/thumbs/Famicom_SFC/tecmo-super-bowl-famicom-sfc-cartridge-label.jpg,TECMO SUPER BOWL,17720
Labels/thumbs/Famicom_SFC/TMNT Turtles in Time V2.jpg,Labels/thumbs/Famicom_SFC/tmnt-turtles-in-time-v2-famicom-sfc-cartridge-label.jpg,TMNT Turtles in Time V2,24147
Labels/thumbs/Famicom_SFC/TMNT Turtles in Time.jpg,Labels/thumbs/Famicom_SFC/tmnt-turtles-in-time-famicom-sfc-cartridge-label.jpg,TMNT Turtles in Time,24789
Labels/thumbs/GameBoy/Any Design Custom Made _gba_v1.jpg,Labels/thumbs/GameBoy/any-design-custom-made-gba-v1-gameboy-cartridge-label.jpg,Any Design Custom Made gba v1,36357
Labels/thumbs/GameBoy/Castlevania II Belmonts Revenge _gbc_v1.jpg,Labels/thumbs/GameBoy/castlevania-ii-belmonts-revenge-gbc-v1-gameboy-cartridge-label.jpg,Castlevania II Belmonts Revenge gbc v1,48705
Labels/thumbs/GameBoy/Cronelas_GBC_V1.jpg,Labels/thumbs/GameBoy/cronelas-gbc-v1-gameboy-cartridge-label.jpg,Cronelas GBC V1,54584
Labels/thumbs/GameBoy/d8xv37u-043067c3-a17f-4e09-aab1-3def5205408e.jpg,Labels/thumbs/GameBoy/d8xv37u-043067c3-a17f-4e09-aab1-3def5205408e-gameboy-cartridge-label.jpg,d8xv37u-043067c3-a17f-4e09-aab1-3def5205408e,37352
Labels/thumbs/GameBoy/d9263b1-6e60db47-a167-4244-92ee-6ff39d9dc90b.jpg,Labels/thumbs/GameBoy/d9263b1-6e60db47-a167-4244-92ee-6ff39d9dc90b-gameboy-cartridge-label.jpg,d9263b1-6e60db47-a167-4244-92ee-6ff39d9dc90b,45973
Labels/thumbs/GameBoy/Donkey Kong Country _gba_v1.jpg,Labels/thumbs/GameBoy/donkey-kong-country-gba-v1-gameboy-cartridge-label.jpg,Donkey Kong Country gba v1,32976
Labels/thumbs/GameBoy/Elf Bowling 1 and 2 _gba_v1.jpg,Labels/thumbs/GameBoy/elf-bowling-1-and-2-gba-v1-gameboy-cartridge-label.jpg,Elf Bowling 1 and 2 gba v1,32099
Labels/thumbs/GameBoy/Everdrive GB_GB.jpg,Labels/thumbs/GameBoy/everdrive-gb-gb-gameboy-cartridge-label.jpg,Everdrive GB GB,49207
Labels/thumbs/GameBoy/Everdrive Tetris _GBC_V1.jpg,Labels/thumbs/GameBoy/everdrive-tetris-gbc-v1-gameboy-cartridge-label.jpg,Everdrive Tetris GBC V1,43982
Labels/thumbs/GameBoy/Everdrive Tetris _GBC_V2.jpg,Labels/thumbs/GameBoy/everdrive-tetris-gbc-v2-gameboy-cartridge-label.jpg,Everdrive Tetris GBC V2,45728
Labels/thumbs/GameBoy/Everdrive X7.jpg,Labels/thumbs/GameBoy/everdrive-x7-gameboy-cartridge-label.jpg,Everdrive X7,47244
Labels/thumbs/GameBoy/Everdrive X7_Mario.jpg,Labels/thumbs/GameBoy/everdrive-x7-mario-gameboy-cartridge-label.jpg,Everdrive X7 Mario,56183
Labels/thumbs/GameBoy/Everdrive X7_Metroid.jpg,Labels/thumbs/GameBoy/everdrive-x7-metroid-gameboy-cartridge-label.jpg,Everdrive X7 Metroid,42740
Labels/thumbs/GameBoy/Everdrive_Mega Man 2_GBC_V1.jpg,Labels/thumbs/GameBoy/everdrive-mega-man-2-gbc-v1-gameboy-cartridge-label.jpg,Everdrive Mega Man 2 GBC V1,50210
Labels/thumbs/GameBoy/Everdrive_Metroid_GBlisting.jpg,Labels/thumbs/GameBoy/everdrive-metroid-g-blisting-gameboy-cartridge-label.jpg,Everdrive Metroid G Blisting,42999
Labels/thumbs/GameBoy/Everdrive_MetroidNoBodies_GBlisting.jpg,Labels/thumbs/GameBoy/everdrive-metroid-no-bodies-g-blisting-gameboy-cartridge-label.jpg,Everdrive Metroid No Bodies G Blisting,42535
Labels/thumbs/GameBoy/Everdrive_PokemongbcV1.jpg,Labels/thumbs/GameBoy/everdrive-pokemongbc-v1-gameboy-cartridge-label.jpg,Everdrive Pokemongbc V1,51658
Labels/thumbs/GameBoy/Everdrive_PokémongbcV.jpg,Labels/thumbs/GameBoy/everdrive-pokemongbc-v-gameboy-cartridge-label.jpg,Everdrive Pokémongbc V,49185
Labels/thumbs/GameBoy/Galaga_Fighter.jpg,Labels/thumbs/GameBoy/galaga-fighter-gameboy-cartridge-label.jpg,Galaga Fighter,45497
Labels/thumbs/GameBoy/Game Boy Horror_GBC_V1.jpg,Labels/thumbs/GameBoy/game-boy-horror-gbc-v1-gameboy-cartridge-label.jpg,Game Boy Horror GBC V1,34846
Labels/thumbs/GameBoy/GAMEBOY COLOR LABEL 2025.jpg,Labels/thumbs/GameBoy/gameboy-color-label-2025-gameboy-cartridge-label.jpg,GAMEBOY COLOR LABEL 2025,54584
Labels/thumbs/GameBoy/GAMEBOY COLOR LABEL 2026.jpg,Labels/thumbs/GameBoy/gameboy-color-label-2026-gameboy-cartridge-label.jpg,GAMEBOY COLOR LABEL 2026,54584
Labels/thumbs/GameBoy/GAMEBOY COLOR LABEL TEMPLATE.jpg,Labels/thumbs/GameBoy/gameboy-color-label-template-gameboy-cartridge-label.jpg,GAMEBOY COLOR LABEL TEMPLATE,50210
Labels/thumbs/GameBoy/GameBoyNintendoServiceSticker.jpg,Labels/thumbs/GameBoy/game-boy-nintendo-service-sticker-gameboy-cartridge-label.jpg,Game Boy Nintendo Service Sticker,13531
Labels/thumbs/GameBoy/GameBoySerialNumberSticker.jpg,Labels/thumbs/GameBoy/game-boy-serial-number-sticker-gameboy-cartridge-label.jpg,Game Boy Serial Number Sticker,6232
Labels/thumbs/GameBoy/GBA_GameTemplate.jpg,Labels/thumbs/GameBoy/gba-game-template-gameboy-cartridge-label.jpg,GBA Game Template,39292
Labels/thumbs/GameBoy/gbcV.jpg,Labels/thumbs/GameBoy/gbc-v-gameboy-cartridge-label.jpg,gbc V,52728
Labels/thumbs/GameBoy/GNGgbcLabel.jpg,Labels/thumbs/GameBoy/gn-ggbc-label-gameboy-cartridge-label.jpg,GN Ggbc Label,54121
Labels/thumbs/GameBoy/GNGgbcLabel2.jpg,Labels/thumbs/GameBoy/gn-ggbc-label2-gameboy-cartridge-label.jpg,GN Ggbc Label2,60106
Labels/thumbs/GameBoy/GNGgbcLabel3.jpg,Labels/thumbs/GameBoy/gn-ggbc-label3-gameboy-cartridge-label.jpg,GN Ggbc Label3,50646
Labels/thumbs/GameBoy/GNGgbcLabel4.jpg,Labels/thumbs/GameBoy/gn-ggbc-label4-gameboy-cartridge-label.jpg,GN Ggbc Label4,58554
Labels/thumbs/GameBoy/Kirby Nightmare in Dream Land _gba_v1.jpg,Labels/thumbs/GameBoy/kirby-nightmare-in-dream-land-gba-v1-gameboy-cartridge-label.jpg,Kirby Nightmare in Dream Land gba v1,23916
Labels/thumbs/GameBoy/Kirby Nightmare in Dream Land _gba_v2.jpg,Labels/thumbs/GameBoy/kirby-nightmare-in-dream-land-gba-v2-gameboy-cartridge-label.jpg,Kirby Nightmare in Dream Land gba v2,34736
Labels/thumbs/GameBoy/Kirby Nightmare in Dream Land _gba_v3.jpg,Labels/thumbs/GameBoy/kirby-nightmare-in-dream-land-gba-v3-gameboy-cartridge-label.jpg,Kirby Nightmare in Dream Land gba v3,35412
Labels/thumbs/GameBoy/MarioGolfgbcLabel.jpg,Labels/thumbs/GameBoy/mario-golfgbc-label-gameboy-cartridge-label.jpg,Mario Golfgbc Label,40778
Labels/thumbs/GameBoy/MarioGolfgbcLabelv2.jpg,Labels/thumbs/GameBoy/mario-golfgbc-labelv2-gameboy-cartridge-label.jpg,Mario Golfgbc Labelv2,51659
Labels/thumbs/GameBoy/MarioGolfgbcLabelv3.jpg,Labels/thumbs/GameBoy/mario-golfgbc-labelv3-gameboy-cartridge-label.jpg,Mario Golfgbc Labelv3,46475
Labels/thumbs/GameBoy/MarioGolfgbcLabelv4.jpg,Labels/thumbs/GameBoy/mario-golfgbc-labelv4-gameboy-cartridge-label.jpg,Mario Golfgbc Labelv4,42819
Labels/thumbs/GameBoy/MarioGolfgbcLabelv5.jpg,Labels/thumbs/GameBoy/mario-golfgbc-labelv5-gameboy-cartridge-label.jpg,Mario Golfgbc Labelv5,46097
Labels/thumbs/GameBoy/MarioGolfgbcLabelv6.jpg,Labels/thumbs/GameBoy/mario-golfgbc-labelv6-gameboy-cartridge-label.jpg,Mario Golfgbc Labelv6,48192
Labels/thumbs/GameBoy/Metroid II DX_GBC_V1.jpg,Labels/thumbs/GameBoy/metroid-ii-dx-gbc-v1-gameboy-cartridge-label.jpg,Metroid II DX GBC V1,44821
Labels/thumbs/GameBoy/Metroid II Return of Samus V1.jpg,Labels/thumbs/GameBoy/metroid-ii-return-of-samus-v1-gameboy-cartridge-label.jpg,Metroid II Return of Samus V1,42821
Labels/thumbs/GameBoy/Metroid II Return of Samus V2.jpg,Labels/thumbs/GameBoy/metroid-ii-return-of-samus-v2-gameboy-cartridge-label.jpg,Metroid II Return of Samus V2,42224
Labels/thumbs/GameBoy/Metroid II Return of Samus V3.jpg,Labels/thumbs/GameBoy/metroid-ii-return-of-samus-v3-gameboy-cartridge-label.jpg,Metroid II Return of Samus V3,44220
Labels/thumbs/GameBoy/Micro Machines.jpg,Labels/thumbs/GameBoy/micro-machines-gameboy-cartridge-label.jpg,Micro Machines,49395
Labels/thumbs/GameBoy/Micro MachinesV2.jpg,Labels/thumbs/GameBoy/micro-machines-v2-gameboy-cartridge-label.jpg,Micro Machines V2,52900
Labels/thumbs/GameBoy/Micro MachinesV3.jpg,Labels/thumbs/GameBoy/micro-machines-v3-gameboy-cartridge-label.jpg,Micro Machines V3,54918
Labels/thumbs/GameBoy/NorthBestElectronics_gameboy_v1.jpg,Labels/thumbs/GameBoy/north-best-electronics-gameboy-v1-gameboy-cartridge-label.jpg,North Best Electronics gameboy v1,44203
Labels/thumbs/GameBoy/northbestelectronics_GBC_V1.jpg,Labels/thumbs/GameBoy/northbestelectronics-gbc-v1-gameboy-cartridge-label.jpg,northbestelectronics GBC V1,44226
Labels/thumbs/GameBoy/Pine Creek _gbc_v1.jpg.jpg,Labels/thumbs/GameBoy/pine-creek-gbc-v1-jpg-gameboy-cartridge-label.jpg,Pine Creek gbc v1 jpg,31066
Labels/thumbs/GameBoy/pokemon clear version.jpg,Labels/thumbs/GameBoy/pokemon-clear-version-gameboy-cartridge-label.jpg,pokemon clear version,45365
Labels/thumbs/GameBoy/pokemon gold versionV1.jpg,Labels/thumbs/GameBoy/pokemon-gold-version-v1-gameboy-cartridge-label.jpg,pokemon gold version V1,46720
Labels/thumbs/GameBoy/Pokemon Mystery Dungeon Red Rescue Team _gba_v1.jpg,Labels/thumbs/GameBoy/pokemon-mystery-dungeon-red-rescue-team-gba-v1-gameboy-cartridge-label.jpg,Pokemon Mystery Dungeon Red Rescue Team gba v1,30362
Labels/thumbs/GameBoy/Pokemon Mystery Dungeon Red Rescue Team _gba_v2.jpg,Labels/thumbs/GameBoy/pokemon-mystery-dungeon-red-rescue-team-gba-v2-gameboy-cartridge-label.jpg,Pokemon Mystery Dungeon Red Rescue Team gba v2,34205
Labels/thumbs/GameBoy/pokemon pikachu.jpg,Labels/thumbs/GameBoy/pokemon-pikachu-gameboy-cartridge-label.jpg,pokemon pikachu,42755
Labels/thumbs/GameBoy/pokemon pikachuV2.jpg,Labels/thumbs/GameBoy/pokemon-pikachu-v2-gameboy-cartridge-label.jpg,pokemon pikachu V2,43625
Labels/thumbs/GameBoy/Pokemon V2.jpg,Labels/thumbs/GameBoy/pokemon-v2-gameboy-cartridge-label.jpg,Pokemon V2,45973
Labels/thumbs/GameBoy/Pokemon_Blue_DX_label_GBC.jpg,Labels/thumbs/GameBoy/pokemon-blue-dx-label-gbc-gameboy-cartridge-label.jpg,Pokemon Blue DX label GBC,44316
Labels/thumbs/GameBoy/PokemonCustomgbcV2.jpg,Labels/thumbs/GameBoy/pokemon-customgbc-v2-gameboy-cartridge-label.jpg,Pokemon Customgbc V2,44156
Labels/thumbs/GameBoy/PokemonGreen_GBC_V1.jpg,Labels/thumbs/GameBoy/pokemon-green-gbc-v1-gameboy-cartridge-label.jpg,Pokemon Green GBC V1,47004
Labels/thumbs/GameBoy/PokemonLicky_GBC_V1.jpg,Labels/thumbs/GameBoy/pokemon-licky-gbc-v1-gameboy-cartridge-label.jpg,Pokemon Licky GBC V1,34656
Labels/thumbs/GameBoy/PokemonLicky_GBC_V2.jpg,Labels/thumbs/GameBoy/pokemon-licky-gbc-v2-gameboy-cartridge-label.jpg,Pokemon Licky GBC V2,35062
Labels/thumbs/GameBoy/PokemonTicket_gbaV.jpg,Labels/thumbs/GameBoy/pokemon-ticket-gba-v-gameboy-cartridge-label.jpg,Pokemon Ticket gba V,30801
Labels/thumbs/GameBoy/PokemonTicketV2_gbaListing.jpg,Labels/thumbs/GameBoy/pokemon-ticket-v2-gba-listing-gameboy-cartridge-label.jpg,Pokemon Ticket V2 gba Listing,29867
Labels/thumbs/GameBoy/PokemonTPRV - Copy.jpg,Labels/thumbs/GameBoy/pokemon-tprv-copy-gameboy-cartridge-label.jpg,Pokemon TPRV - Copy,44149
Labels/thumbs/GameBoy/PokemonTPRV.jpg,Labels/thumbs/GameBoy/pokemon-tprv-gameboy-cartridge-label.jpg,Pokemon TPRV,42579
Labels/thumbs/GameBoy/PokemonTPRV_V2 - Copy.jpg,Labels/thumbs/GameBoy/pokemon-tprv-v2-copy-gameboy-cartridge-label.jpg,Pokemon TPRV V2 - Copy,43213
Labels/thumbs/GameBoy/PokemonTPRV_V2.jpg,Labels/thumbs/GameBoy/pokemon-tprv-v2-gameboy-cartridge-label.jpg,Pokemon TPRV V2,45365
Labels/thumbs/GameBoy/PokemonTPRV_V3 - Copy.jpg,Labels/thumbs/GameBoy/pokemon-tprv-v3-copy-gameboy-cartridge-label.jpg,Pokemon TPRV V3 - Copy,45300
Labels/thumbs/GameBoy/PokemonTPRV_V3.jpg,Labels/thumbs/GameBoy/pokemon-tprv-v3-gameboy-cartridge-label.jpg,Pokemon TPRV V3,45300
Labels/thumbs/GameBoy/PokémonCrystalClearV1.jpg,Labels/thumbs/GameBoy/pokemon-crystal-clear-v1-gameboy-cartridge-label.jpg,Pokémon Crystal Clear V1,44029
Labels/thumbs/GameBoy/PokémonCrystalClearV2.jpg,Labels/thumbs/GameBoy/pokemon-crystal-clear-v2-gameboy-cartridge-label.jpg,Pokémon Crystal Clear V2,43047
Labels/thumbs/GameBoy/PokémonCrystalClearV3.jpg,Labels/thumbs/GameBoy/pokemon-crystal-clear-v3-gameboy-cartridge-label.jpg,Pokémon Crystal Clear V3,43538
Labels/thumbs/GameBoy/PokémonEmeraldGBA.jpg,Labels/thumbs/GameBoy/pokemon-emerald-gba-gameboy-cartridge-label.jpg,Pokémon Emerald GBA,25476
Labels/thumbs/GameBoy/PokémonPrizm.jpg,Labels/thumbs/GameBoy/pokemon-prizm-gameboy-cartridge-label.jpg,Pokémon Prizm,43020
Labels/thumbs/GameBoy/PokémonPrizmebay.jpg,Labels/thumbs/GameBoy/pokemon-prizmebay-gameboy-cartridge-label.jpg,Pokémon Prizmebay,41729
Labels/thumbs/GameBoy/PokémonPrizmV2.jpg,Labels/thumbs/GameBoy/pokemon-prizm-v2-gameboy-cartridge-label.jpg,Pokémon Prizm V2,43187
Labels/thumbs/GameBoy/PokémonPrizmV3.jpg,Labels/thumbs/GameBoy/pokemon-prizm-v3-gameboy-cartridge-label.jpg,Pokémon Prizm V3,43780
Labels/thumbs/GameBoy/PokémonPrizmV4.jpg,Labels/thumbs/GameBoy/pokemon-prizm-v4-gameboy-cartridge-label.jpg,Pokémon Prizm V4,46807
Labels/thumbs/GameBoy/PokémonRubyVersionGBA.jpg,Labels/thumbs/GameBoy/pokemon-ruby-version-gba-gameboy-cartridge-label.jpg,Pokémon Ruby Version GBA,27766
Labels/thumbs/GameBoy/PokémonSapphireVersionGBA.jpg,Labels/thumbs/GameBoy/pokemon-sapphire-version-gba-gameboy-cartridge-label.jpg,Pokémon Sapphire Version GBA,28610
Labels/thumbs/GameBoy/sf2.jpg,Labels/thumbs/GameBoy/sf2-gameboy-cartridge-label.jpg,sf2,53122
Labels/thumbs/GameBoy/SFAgbcLabel.jpg,Labels/thumbs/GameBoy/sf-agbc-label-gameboy-cartridge-label.jpg,SF Agbc Label,47677
Labels/thumbs/GameBoy/SFAV2gbcLabel.jpg,Labels/thumbs/GameBoy/sfav2gbc-label-gameboy-cartridge-label.jpg,SFAV2gbc Label,51874
Labels/thumbs/GameBoy/SFAV3gbcLabel.jpg,Labels/thumbs/GameBoy/sfav3gbc-label-gameboy-cartridge-label.jpg,SFAV3gbc Label,45064
Labels/thumbs/GameBoy/SFAV4gbcLabel.jpg,Labels/thumbs/GameBoy/sfav4gbc-label-gameboy-cartridge-label.jpg,SFAV4gbc Label,42842
Labels/thumbs/GameBoy/shantaiGBCLabel.jpg,Labels/thumbs/GameBoy/shantai-gbc-label-gameboy-cartridge-label.jpg,shantai GBC Label,35575
Labels/thumbs/GameBoy/shantaiGBCLabel2.jpg,Labels/thumbs/GameBoy/shantai-gbc-label2-gameboy-cartridge-label.jpg,shantai GBC Label2,45922
Labels/thumbs/GameBoy/shantaiGBCLabel3.jpg,Labels/thumbs/GameBoy/shantai-gbc-label3-gameboy-cartridge-label.jpg,shantai GBC Label3,52568
Labels/thumbs/GameBoy/shantaiGBCLabel4.jpg,Labels/thumbs/GameBoy/shantai-gbc-label4-gameboy-cartridge-label.jpg,shantai GBC Label4,32022
Labels/thumbs/GameBoy/SuperMarioBrosDeluxe_GBC_V1.jpg,Labels/thumbs/GameBoy/super-mario-bros-deluxe-gbc-v1-gameboy-cartridge-label.jpg,Super Mario Bros Deluxe GBC V1,56043
Labels/thumbs/GameBoy/Taiwanese Bootleg_GBC_V1.jpg,Labels/thumbs/GameBoy/taiwanese-bootleg-gbc-v1-gameboy-cartridge-label.jpg,Taiwanese Bootleg GBC V1,53252
Labels/thumbs/GameBoy/testrisdx_01.jpg,Labels/thumbs/GameBoy/testrisdx-01-gameboy-cartridge-label.jpg,testrisdx 01,46993
Labels/thumbs/GameBoy/testrisdx_02.jpg,Labels/thumbs/GameBoy/testrisdx-02-gameboy-cartridge-label.jpg,testrisdx 02,38848
Labels/thumbs/GameBoy/testrisdx_03.jpg,Labels/thumbs/GameBoy/testrisdx-03-gameboy-cartridge-label.jpg,testrisdx 03,40163
Labels/thumbs/GameBoy/testrisdx_04.jpg,Labels/thumbs/GameBoy/testrisdx-04-gameboy-cartridge-label.jpg,testrisdx 04,39176
Labels/thumbs/GameBoy/Tetris _GBC_V1.jpg,Labels/thumbs/GameBoy/tetris-gbc-v1-gameboy-cartridge-label.jpg,Tetris GBC V1,41412
Labels/thumbs/GameBoy/Tetris _GBC_V2.jpg,Labels/thumbs/GameBoy/tetris-gbc-v2-gameboy-cartridge-label.jpg,Tetris GBC V2,42444
Labels/thumbs/GameBoy/The Legend of Zelda A Link to the Past Four Swords _gba_v1.jpg,Labels/thumbs/GameBoy/the-legend-of-zelda-a-link-to-the-past-four-swords-gba-v1-gameboy-cartridge-label.jpg,The Legend of Zelda A Link to the Past Four Swords gba v1,22968
Labels/thumbs/GameBoy/The Legend of Zelda A Link to the Past Four Swords _gba_v2.jpg,Labels/thumbs/GameBoy/the-legend-of-zelda-a-link-to-the-past-four-swords-gba-v2-gameboy-cartridge-label.jpg,The Legend of Zelda A Link to the Past Four Swords gba v2,27720
Labels/thumbs/GameBoy/The Legend of Zelda Links Awakening.jpg,Labels/thumbs/GameBoy/the-legend-of-zelda-links-awakening-gameboy-cartridge-label.jpg,The Legend of Zelda Links Awakening,33242
Labels/thumbs/Genesis_MegaDrive/_V1.jpg,Labels/thumbs/Genesis_MegaDrive/v1-genesis-megadrive-cartridge-label.jpg,V1,42797
Labels/thumbs/Genesis_MegaDrive/_V1_Genesis.jpg,Labels/thumbs/Genesis_MegaDrive/v1-genesis-genesis-megadrive-cartridge-label.jpg,V1 Genesis,55083
Labels/thumbs/Genesis_MegaDrive/Aaahh Real Monsters_V1.jpg,Labels/thumbs/Genesis_MegaDrive/aaahh-real-monsters-v1-genesis-megadrive-cartridge-label.jpg,Aaahh Real Monsters V1,49230
Labels/thumbs/Genesis_MegaDrive/Aladdin _genesis_v1.jpg,Labels/thumbs/Genesis_MegaDrive/aladdin-genesis-v1-genesis-megadrive-cartridge-label.jpg,Aladdin genesis v1,16382
Labels/thumbs/Genesis_MegaDrive/Aladdin _genesis_v2.jpg,Labels/thumbs/Genesis_MegaDrive/aladdin-genesis-v2-genesis-megadrive-cartridge-label.jpg,Aladdin genesis v2,15929
Labels/thumbs/Genesis_MegaDrive/Altered Beast Genesis_V1A.jpg,Labels/thumbs/Genesis_MegaDrive/altered-beast-genesis-v1a-genesis-megadrive-cartridge-label.jpg,Altered Beast Genesis V1A,42631
Labels/thumbs/Genesis_MegaDrive/Altered Beast Genesis_V2.jpg,Labels/thumbs/Genesis_MegaDrive/altered-beast-genesis-v2-genesis-megadrive-cartridge-label.jpg,Altered Beast Genesis V2,44428
Labels/thumbs/Genesis_MegaDrive/Altered Beast Gensis_V1B.jpg,Labels/thumbs/Genesis_MegaDrive/altered-beast-gensis-v1b-genesis-megadrive-cartridge-label.jpg,Altered Beast Gensis V1B,47813
Labels/thumbs/Genesis_MegaDrive/Arcus Odyssey Label Genesis_V1.jpg,Labels/thumbs/Genesis_MegaDrive/arcus-odyssey-label-genesis-v1-genesis-megadrive-cartridge-label.jpg,Arcus Odyssey Label Genesis V1,37708
Labels/thumbs/Genesis_MegaDrive/Arcus Odyssey Label Genesis_V2.jpg,Labels/thumbs/Genesis_MegaDrive/arcus-odyssey-label-genesis-v2-genesis-megadrive-cartridge-label.jpg,Arcus Odyssey Label Genesis V2,50996
Labels/thumbs/Genesis_MegaDrive/Batman Genesis_V1.jpg,Labels/thumbs/Genesis_MegaDrive/batman-genesis-v1-genesis-megadrive-cartridge-label.jpg,Batman Genesis V1,34114
Labels/thumbs/Genesis_MegaDrive/Batman Revenge of the Joker _genesis_v1.jpg,Labels/thumbs/Genesis_MegaDrive/batman-revenge-of-the-joker-genesis-v1-genesis-megadrive-cartridge-label.jpg,Batman Revenge of the Joker genesis v1,47123
Labels/thumbs/Genesis_MegaDrive/Batman Revenge of the Joker _genesis_v2.jpg,Labels/thumbs/Genesis_MegaDrive/batman-revenge-of-the-joker-genesis-v2-genesis-megadrive-cartridge-label.jpg,Batman Revenge of the Joker genesis v2,21191
Labels/thumbs/Genesis_MegaDrive/Battletoads Genesis_V1.jpg,Labels/thumbs/Genesis_MegaDrive/battletoads-genesis-v1-genesis-megadrive-cartridge-label.jpg,Battletoads Genesis V1,39632
Labels/thumbs/Genesis_MegaDrive/Battletoads Genesis_V2.jpg,Labels/thumbs/Genesis_MegaDrive/battletoads-genesis-v2-genesis-megadrive-cartridge-label.jpg,Battletoads Genesis V2,57507
Labels/thumbs/Genesis_MegaDrive/BurningForce Genesis_V1.jpg,Labels/thumbs/Genesis_MegaDrive/burning-force-genesis-v1-genesis-megadrive-cartridge-label.jpg,Burning Force Genesis V1,56052
Labels/thumbs/Genesis_MegaDrive/BurningForce Genesis_V2.jpg,Labels/thumbs/Genesis_MegaDrive/burning-force-genesis-v2-genesis-megadrive-cartridge-label.jpg,Burning Force Genesis V2,57665
Labels/thumbs/Genesis_MegaDrive/castlevaniaBloodlinesRedLabel.jpg,Labels/thumbs/Genesis_MegaDrive/castlevania-bloodlines-red-label-genesis-megadrive-cartridge-label.jpg,castlevania Bloodlines Red Label,51108
Labels/thumbs/Genesis_MegaDrive/castlevaniaBloodlinesRedLabel2.jpg,Labels/thumbs/Genesis_MegaDrive/castlevania-bloodlines-red-label2-genesis-megadrive-cartridge-label.jpg,castlevania Bloodlines Red Label2,51484
Labels/thumbs/Genesis_MegaDrive/castlevaniaBloodlinesRedLabel3.jpg,Labels/thumbs/Genesis_MegaDrive/castlevania-bloodlines-red-label3-genesis-megadrive-cartridge-label.jpg,castlevania Bloodlines Red Label3,53096
Labels/thumbs/Genesis_MegaDrive/Cave Story _V1_Genesis.jpg,Labels/thumbs/Genesis_MegaDrive/cave-story-v1-genesis-genesis-megadrive-cartridge-label.jpg,Cave Story V1 Genesis,47327
Labels/thumbs/Genesis_MegaDrive/comix zone alt 3  genLabel.jpg,Labels/thumbs/Genesis_MegaDrive/comix-zone-alt-3-gen-label-genesis-megadrive-cartridge-label.jpg,comix zone alt 3 gen Label,52285
Labels/thumbs/Genesis_MegaDrive/comixzoneblacklabel2.jpg,Labels/thumbs/Genesis_MegaDrive/comixzoneblacklabel2-genesis-megadrive-cartridge-label.jpg,comixzoneblacklabel2,53477
Labels/thumbs/Genesis_MegaDrive/ComixZoneLabel.jpg,Labels/thumbs/Genesis_MegaDrive/comix-zone-label-genesis-megadrive-cartridge-label.jpg,Comix Zone Label,64030
Labels/thumbs/Genesis_MegaDrive/ComixZoneRedLabel.jpg,Labels/thumbs/Genesis_MegaDrive/comix-zone-red-label-genesis-megadrive-cartridge-label.jpg,Comix Zone Red Label,67312
Labels/thumbs/Genesis_MegaDrive/Crusader of Centy.jpg,Labels/thumbs/Genesis_MegaDrive/crusader-of-centy-genesis-megadrive-cartridge-label.jpg,Crusader of Centy,64736
Labels/thumbs/Genesis_MegaDrive/Darxide.jpg,Labels/thumbs/Genesis_MegaDrive/darxide-genesis-megadrive-cartridge-label.jpg,Darxide,37726
Labels/thumbs/Genesis_MegaDrive/DazeBeforeChristmas_V1.jpg,Labels/thumbs/Genesis_MegaDrive/daze-before-christmas-v1-genesis-megadrive-cartridge-label.jpg,Daze Before Christmas V1,55680
Labels/thumbs/Genesis_MegaDrive/DazeBeforeChristmas_V2.jpg,Labels/thumbs/Genesis_MegaDrive/daze-before-christmas-v2-genesis-megadrive-cartridge-label.jpg,Daze Before Christmas V2,61648
Labels/thumbs/Genesis_MegaDrive/DazeBeforeChristmas_V3.jpg,Labels/thumbs/Genesis_MegaDrive/daze-before-christmas-v3-genesis-megadrive-cartridge-label.jpg,Daze Before Christmas V3,53984
Labels/thumbs/Genesis_MegaDrive/Demolition Man V2.jpg,Labels/thumbs/Genesis_MegaDrive/demolition-man-v2-genesis-megadrive-cartridge-label.jpg,Demolition Man V2,43838
Labels/thumbs/Genesis_MegaDrive/Demolition Man V3.jpg,Labels/thumbs/Genesis_MegaDrive/demolition-man-v3-genesis-megadrive-cartridge-label.jpg,Demolition Man V3,53189
Labels/thumbs/Genesis_MegaDrive/Demolition Man.jpg,Labels/thumbs/Genesis_MegaDrive/demolition-man-genesis-megadrive-cartridge-label.jpg,Demolition Man,36341
Labels/thumbs/Genesis_MegaDrive/Dick Tracy_V1.jpg,Labels/thumbs/Genesis_MegaDrive/dick-tracy-v1-genesis-megadrive-cartridge-label.jpg,Dick Tracy V1,57260
Labels/thumbs/Genesis_MegaDrive/DoomRedLabel.jpg,Labels/thumbs/Genesis_MegaDrive/doom-red-label-genesis-megadrive-cartridge-label.jpg,Doom Red Label,43725
Labels/thumbs/Genesis_MegaDrive/DrRobotniksMeanBeanMachine_V1.jpg,Labels/thumbs/Genesis_MegaDrive/dr-robotniks-mean-bean-machine-v1-genesis-megadrive-cartridge-label.jpg,Dr Robotniks Mean Bean Machine V1,51997
Labels/thumbs/Genesis_MegaDrive/Earthworm Jim _V3.jpg,Labels/thumbs/Genesis_MegaDrive/earthworm-jim-v3-genesis-megadrive-cartridge-label.jpg,Earthworm Jim V3,55586
Labels/thumbs/Genesis_MegaDrive/Earthworm Jim_V1.jpg,Labels/thumbs/Genesis_MegaDrive/earthworm-jim-v1-genesis-megadrive-cartridge-label.jpg,Earthworm Jim V1,50998
Labels/thumbs/Genesis_MegaDrive/Earthworm Jim_V2.jpg,Labels/thumbs/Genesis_MegaDrive/earthworm-jim-v2-genesis-megadrive-cartridge-label.jpg,Earthworm Jim V2,49092
Labels/thumbs/Genesis_MegaDrive/EliminateDown_V1.jpg,Labels/thumbs/Genesis_MegaDrive/eliminate-down-v1-genesis-megadrive-cartridge-label.jpg,Eliminate Down V1,51225
Labels/thumbs/Genesis_MegaDrive/EliminateDown_V2.jpg,Labels/thumbs/Genesis_MegaDrive/eliminate-down-v2-genesis-megadrive-cartridge-label.jpg,Eliminate Down V2,52206
Labels/thumbs/Genesis_MegaDrive/EliminateDown_V3.jpg,Labels/thumbs/Genesis_MegaDrive/eliminate-down-v3-genesis-megadrive-cartridge-label.jpg,Eliminate Down V3,50799
Labels/thumbs/Genesis_MegaDrive/EliminateDown_V4.jpg,Labels/thumbs/Genesis_MegaDrive/eliminate-down-v4-genesis-megadrive-cartridge-label.jpg,Eliminate Down V4,55317
Labels/thumbs/Genesis_MegaDrive/Eternal Champions _Genesis_V1.jpg,Labels/thumbs/Genesis_MegaDrive/eternal-champions-genesis-v1-genesis-megadrive-cartridge-label.jpg,Eternal Champions Genesis V1,50357
Labels/thumbs/Genesis_MegaDrive/Felix the Cat _V1_Genesis.jpg,Labels/thumbs/Genesis_MegaDrive/felix-the-cat-v1-genesis-genesis-megadrive-cartridge-label.jpg,Felix the Cat V1 Genesis,41819
Labels/thumbs/Genesis_MegaDrive/Felix the Cat _V2_Genesis.jpg,Labels/thumbs/Genesis_MegaDrive/felix-the-cat-v2-genesis-genesis-megadrive-cartridge-label.jpg,Felix the Cat V2 Genesis,53114
Labels/thumbs/Genesis_MegaDrive/Felix the Cat _V3_Genesis.jpg,Labels/thumbs/Genesis_MegaDrive/felix-the-cat-v3-genesis-genesis-megadrive-cartridge-label.jpg,Felix the Cat V3 Genesis,48023
Labels/thumbs/Genesis_MegaDrive/Fireshark_02.jpg,Labels/thumbs/Genesis_MegaDrive/fireshark-02-genesis-megadrive-cartridge-label.jpg,Fireshark 02,58378
Labels/thumbs/Genesis_MegaDrive/Fireshark_03.jpg,Labels/thumbs/Genesis_MegaDrive/fireshark-03-genesis-megadrive-cartridge-label.jpg,Fireshark 03,57896
Labels/thumbs/Genesis_MegaDrive/Firesharl_01.jpg,Labels/thumbs/Genesis_MegaDrive/firesharl-01-genesis-megadrive-cartridge-label.jpg,Firesharl 01,61714
Labels/thumbs/Genesis_MegaDrive/Gaiares_V1.jpg,Labels/thumbs/Genesis_MegaDrive/gaiares-v1-genesis-megadrive-cartridge-label.jpg,Gaiares V1,33275
Labels/thumbs/Genesis_MegaDrive/Gaiares_V2.jpg,Labels/thumbs/Genesis_MegaDrive/gaiares-v2-genesis-megadrive-cartridge-label.jpg,Gaiares V2,52778
Labels/thumbs/Genesis_MegaDrive/Gaiares_V3.jpg,Labels/thumbs/Genesis_MegaDrive/gaiares-v3-genesis-megadrive-cartridge-label.jpg,Gaiares V3,63021
Labels/thumbs/Genesis_MegaDrive/Gaiares_V4.jpg,Labels/thumbs/Genesis_MegaDrive/gaiares-v4-genesis-megadrive-cartridge-label.jpg,Gaiares V4,49105
Labels/thumbs/Genesis_MegaDrive/Gaiares_V5.jpg,Labels/thumbs/Genesis_MegaDrive/gaiares-v5-genesis-megadrive-cartridge-label.jpg,Gaiares V5,62899
Labels/thumbs/Genesis_MegaDrive/Gaiares_V6.jpg,Labels/thumbs/Genesis_MegaDrive/gaiares-v6-genesis-megadrive-cartridge-label.jpg,Gaiares V6,47933
Labels/thumbs/Genesis_MegaDrive/Gaiares_V7.jpg,Labels/thumbs/Genesis_MegaDrive/gaiares-v7-genesis-megadrive-cartridge-label.jpg,Gaiares V7,50992
Labels/thumbs/Genesis_MegaDrive/Gargoyles _genesis_v1.jpg,Labels/thumbs/Genesis_MegaDrive/gargoyles-genesis-v1-genesis-megadrive-cartridge-label.jpg,Gargoyles genesis v1,14985
Labels/thumbs/Genesis_MegaDrive/Genesis_Sonic and Knuckles Layout.jpg,Labels/thumbs/Genesis_MegaDrive/genesis-sonic-and-knuckles-layout-genesis-megadrive-cartridge-label.jpg,Genesis Sonic and Knuckles Layout,10940
Labels/thumbs/Genesis_MegaDrive/GenesisLabelTemplate2023.jpg,Labels/thumbs/Genesis_MegaDrive/genesis-label-template2023-genesis-megadrive-cartridge-label.jpg,Genesis Label Template2023,49910
Labels/thumbs/Genesis_MegaDrive/GenesisLabelTemplate2024.jpg,Labels/thumbs/Genesis_MegaDrive/genesis-label-template2024-genesis-megadrive-cartridge-label.jpg,Genesis Label Template2024,60972
Labels/thumbs/Genesis_MegaDrive/GenesisLabelTemplate2025.jpg,Labels/thumbs/Genesis_MegaDrive/genesis-label-template2025-genesis-megadrive-cartridge-label.jpg,Genesis Label Template2025,55032
Labels/thumbs/Genesis_MegaDrive/GenesisLabelTemplate2026.jpg,Labels/thumbs/Genesis_MegaDrive/genesis-label-template2026-genesis-megadrive-cartridge-label.jpg,Genesis Label Template2026,54498
Labels/thumbs/Genesis_MegaDrive/genesisLabelTEMPLATE_03.jpg,Labels/thumbs/Genesis_MegaDrive/genesis-label-template-03-genesis-megadrive-cartridge-label.jpg,genesis Label TEMPLATE 03,46141
Labels/thumbs/Genesis_MegaDrive/genesisLabelTEMPLATE_LIGHT.jpg,Labels/thumbs/Genesis_MegaDrive/genesis-label-template-light-genesis-megadrive-cartridge-label.jpg,genesis Label TEMPLATE LIGHT,39452
Labels/thumbs/Genesis_MegaDrive/GhostBusters _V1_Genesis.jpg,Labels/thumbs/Genesis_MegaDrive/ghost-busters-v1-genesis-genesis-megadrive-cartridge-label.jpg,Ghost Busters V1 Genesis,33654
Labels/thumbs/Genesis_MegaDrive/GhostBusters _V2_Genesis.jpg,Labels/thumbs/Genesis_MegaDrive/ghost-busters-v2-genesis-genesis-megadrive-cartridge-label.jpg,Ghost Busters V2 Genesis,60308
Labels/thumbs/Genesis_MegaDrive/GhostBusters _V3_Genesis.jpg,Labels/thumbs/Genesis_MegaDrive/ghost-busters-v3-genesis-genesis-megadrive-cartridge-label.jpg,Ghost Busters V3 Genesis,61660
Labels/thumbs/Genesis_MegaDrive/ghouls-n-ghosts_Label.jpg,Labels/thumbs/Genesis_MegaDrive/ghouls-n-ghosts-label-genesis-megadrive-cartridge-label.jpg,ghouls-n-ghosts Label,59886
Labels/thumbs/Genesis_MegaDrive/GhoulsN Ghosts _genesis_v2.jpg,Labels/thumbs/Genesis_MegaDrive/ghouls-n-ghosts-genesis-v2-genesis-megadrive-cartridge-label.jpg,Ghouls N Ghosts genesis v2,25341
Labels/thumbs/Genesis_MegaDrive/GhoulsN Ghosts _genesis_v3.jpg,Labels/thumbs/Genesis_MegaDrive/ghouls-n-ghosts-genesis-v3-genesis-megadrive-cartridge-label.jpg,Ghouls N Ghosts genesis v3,27138
Labels/thumbs/Genesis_MegaDrive/GoldenAxeRedLabel.jpg,Labels/thumbs/Genesis_MegaDrive/golden-axe-red-label-genesis-megadrive-cartridge-label.jpg,Golden Axe Red Label,52550
Labels/thumbs/Genesis_MegaDrive/Growl.jpg,Labels/thumbs/Genesis_MegaDrive/growl-genesis-megadrive-cartridge-label.jpg,Growl,48224
Labels/thumbs/Genesis_MegaDrive/gshBlack_Label.jpg,Labels/thumbs/Genesis_MegaDrive/gsh-black-label-genesis-megadrive-cartridge-label.jpg,gsh Black Label,53667
Labels/thumbs/Genesis_MegaDrive/Gunship _V1_Genesis.jpg,Labels/thumbs/Genesis_MegaDrive/gunship-v1-genesis-genesis-megadrive-cartridge-label.jpg,Gunship V1 Genesis,51038
Labels/thumbs/Genesis_MegaDrive/GunstarHeroes_Label.jpg,Labels/thumbs/Genesis_MegaDrive/gunstar-heroes-label-genesis-megadrive-cartridge-label.jpg,Gunstar Heroes Label,44885
Labels/thumbs/Genesis_MegaDrive/LandStalker_V1.jpg,Labels/thumbs/Genesis_MegaDrive/land-stalker-v1-genesis-megadrive-cartridge-label.jpg,Land Stalker V1,49503
Labels/thumbs/Genesis_MegaDrive/LandStalker_V2.jpg,Labels/thumbs/Genesis_MegaDrive/land-stalker-v2-genesis-megadrive-cartridge-label.jpg,Land Stalker V2,48734
Labels/thumbs/Genesis_MegaDrive/LandStalker_V3.jpg,Labels/thumbs/Genesis_MegaDrive/land-stalker-v3-genesis-megadrive-cartridge-label.jpg,Land Stalker V3,45855
Labels/thumbs/Genesis_MegaDrive/Maximum Carnage.jpg,Labels/thumbs/Genesis_MegaDrive/maximum-carnage-genesis-megadrive-cartridge-label.jpg,Maximum Carnage,53665
Labels/thumbs/Genesis_MegaDrive/Maximum CarnageV2.jpg,Labels/thumbs/Genesis_MegaDrive/maximum-carnage-v2-genesis-megadrive-cartridge-label.jpg,Maximum Carnage V2,50173
Labels/thumbs/Genesis_MegaDrive/Maximum CarnageV3.jpg,Labels/thumbs/Genesis_MegaDrive/maximum-carnage-v3-genesis-megadrive-cartridge-label.jpg,Maximum Carnage V3,64805
Labels/thumbs/Genesis_MegaDrive/Maximum CarnageV4.jpg,Labels/thumbs/Genesis_MegaDrive/maximum-carnage-v4-genesis-megadrive-cartridge-label.jpg,Maximum Carnage V4,70922
Labels/thumbs/Genesis_MegaDrive/Maximum CarnageV5.jpg,Labels/thumbs/Genesis_MegaDrive/maximum-carnage-v5-genesis-megadrive-cartridge-label.jpg,Maximum Carnage V5,56151
Labels/thumbs/Genesis_MegaDrive/Maximum CarnageV6.jpg,Labels/thumbs/Genesis_MegaDrive/maximum-carnage-v6-genesis-megadrive-cartridge-label.jpg,Maximum Carnage V6,49655
Labels/thumbs/Genesis_MegaDrive/MaximumCarnageV6.jpg,Labels/thumbs/Genesis_MegaDrive/maximum-carnage-v6-genesis-megadrive-cartridge-label-2.jpg,Maximum Carnage V6,46934
Labels/thumbs/Genesis_MegaDrive/mega-everdrive.jpg,Labels/thumbs/Genesis_MegaDrive/mega-everdrive-genesis-megadrive-cartridge-label.jpg,mega everdrive,30721
Labels/thumbs/Genesis_MegaDrive/MegaDrive_JAP_Template.jpg,Labels/thumbs/Genesis_MegaDrive/mega-drive-jap-template-genesis-megadrive-cartridge-label.jpg,Mega Drive JAP Template,51470
Labels/thumbs/Genesis_MegaDrive/MegaDrive_PAL_Template.jpg,Labels/thumbs/Genesis_MegaDrive/mega-drive-pal-template-genesis-megadrive-cartridge-label.jpg,Mega Drive PAL Template,67307
Labels/thumbs/Genesis_MegaDrive/MegaManLabel.jpg,Labels/thumbs/Genesis_MegaDrive/mega-man-label-genesis-megadrive-cartridge-label.jpg,Mega Man Label,57545
Labels/thumbs/Genesis_MegaDrive/Metal Gear _V1_Genesis.jpg,Labels/thumbs/Genesis_MegaDrive/metal-gear-v1-genesis-genesis-megadrive-cartridge-label.jpg,Metal Gear V1 Genesis,57062
Labels/thumbs/Genesis_MegaDrive/Metal Gear _V2_Genesis.jpg,Labels/thumbs/Genesis_MegaDrive/metal-gear-v2-genesis-genesis-megadrive-cartridge-label.jpg,Metal Gear V2 Genesis,49650
Labels/thumbs/Genesis_MegaDrive/Metal Gear _V3_Genesis.jpg,Labels/thumbs/Genesis_MegaDrive/metal-gear-v3-genesis-genesis-megadrive-cartridge-label.jpg,Metal Gear V3 Genesis,44710
Labels/thumbs/Genesis_MegaDrive/Michael Jacksons Moonwalker _genesis_v2.jpg,Labels/thumbs/Genesis_MegaDrive/michael-jacksons-moonwalker-genesis-v2-genesis-megadrive-cartridge-label.jpg,Michael Jacksons Moonwalker genesis v2,23250
Labels/thumbs/Genesis_MegaDrive/Minecraft  _V2_Genesis.jpg,Labels/thumbs/Genesis_MegaDrive/minecraft-v2-genesis-genesis-megadrive-cartridge-label.jpg,Minecraft V2 Genesis,43541
Labels/thumbs/Genesis_MegaDrive/Minecraft  _V3_Genesis.jpg,Labels/thumbs/Genesis_MegaDrive/minecraft-v3-genesis-genesis-megadrive-cartridge-label.jpg,Minecraft V3 Genesis,46665
Labels/thumbs/Genesis_MegaDrive/Minecraft _V1_Genesis.jpg,Labels/thumbs/Genesis_MegaDrive/minecraft-v1-genesis-genesis-megadrive-cartridge-label.jpg,Minecraft V1 Genesis,18128
Labels/thumbs/Genesis_MegaDrive/mjmoonwalkerlabelV2(fixed version).jpg,Labels/thumbs/Genesis_MegaDrive/mjmoonwalkerlabel-v2-fixed-version-genesis-megadrive-cartridge-label.jpg,mjmoonwalkerlabel V2(fixed version),42797
Labels/thumbs/Genesis_MegaDrive/MoonweawalkerRedLabel.jpg,Labels/thumbs/Genesis_MegaDrive/moonweawalker-red-label-genesis-megadrive-cartridge-label.jpg,Moonweawalker Red Label,36465
Labels/thumbs/Genesis_MegaDrive/out of thei s world label.jpg,Labels/thumbs/Genesis_MegaDrive/out-of-thei-s-world-label-genesis-megadrive-cartridge-label.jpg,out of thei s world label,44535
Labels/thumbs/Genesis_MegaDrive/Phantasy Star Collection _V1.jpg,Labels/thumbs/Genesis_MegaDrive/phantasy-star-collection-v1-genesis-megadrive-cartridge-label.jpg,Phantasy Star Collection V1,47879
Labels/thumbs/Genesis_MegaDrive/Phantasy Star II_BLACK_Label.jpg,Labels/thumbs/Genesis_MegaDrive/phantasy-star-ii-black-label-genesis-megadrive-cartridge-label.jpg,Phantasy Star II BLACK Label,55555
Labels/thumbs/Genesis_MegaDrive/Phantasy Star II_Label.jpg,Labels/thumbs/Genesis_MegaDrive/phantasy-star-ii-label-genesis-megadrive-cartridge-label.jpg,Phantasy Star II Label,46823
Labels/thumbs/Genesis_MegaDrive/Phantom2040_V2.jpg,Labels/thumbs/Genesis_MegaDrive/phantom2040-v2-genesis-megadrive-cartridge-label.jpg,Phantom2040 V2,54848
Labels/thumbs/Genesis_MegaDrive/Phantom2040_V3.jpg,Labels/thumbs/Genesis_MegaDrive/phantom2040-v3-genesis-megadrive-cartridge-label.jpg,Phantom2040 V3,54351
Labels/thumbs/Genesis_MegaDrive/Phantom2040_V4.jpg,Labels/thumbs/Genesis_MegaDrive/phantom2040-v4-genesis-megadrive-cartridge-label.jpg,Phantom2040 V4,65148
Labels/thumbs/Genesis_MegaDrive/Phantpm2040_V1.jpg,Labels/thumbs/Genesis_MegaDrive/phantpm2040-v1-genesis-megadrive-cartridge-label.jpg,Phantpm2040 V1,46647
Labels/thumbs/Genesis_MegaDrive/Power Drive _V1.jpg,Labels/thumbs/Genesis_MegaDrive/power-drive-v1-genesis-megadrive-cartridge-label.jpg,Power Drive V1,54454
Labels/thumbs/Genesis_MegaDrive/Power Drive _V1_Genesis.jpg,Labels/thumbs/Genesis_MegaDrive/power-drive-v1-genesis-genesis-megadrive-cartridge-label.jpg,Power Drive V1 Genesis,50727
Labels/thumbs/Genesis_MegaDrive/Power Drive _V2_Genesis.jpg,Labels/thumbs/Genesis_MegaDrive/power-drive-v2-genesis-genesis-megadrive-cartridge-label.jpg,Power Drive V2 Genesis,55560
Labels/thumbs/Genesis_MegaDrive/psiiMDred_Label.jpg,Labels/thumbs/Genesis_MegaDrive/psii-m-dred-label-genesis-megadrive-cartridge-label.jpg,psii M Dred Label,57279
Labels/thumbs/Genesis_MegaDrive/psiired_Label.jpg,Labels/thumbs/Genesis_MegaDrive/psiired-label-genesis-megadrive-cartridge-label.jpg,psiired Label,40439
Labels/thumbs/Genesis_MegaDrive/PunisherLabel.jpg,Labels/thumbs/Genesis_MegaDrive/punisher-label-genesis-megadrive-cartridge-label.jpg,Punisher Label,53482
Labels/thumbs/Genesis_MegaDrive/PunisherLabel_02.jpg,Labels/thumbs/Genesis_MegaDrive/punisher-label-02-genesis-megadrive-cartridge-label.jpg,Punisher Label 02,55615
Labels/thumbs/Genesis_MegaDrive/PunisherLabel_03.jpg,Labels/thumbs/Genesis_MegaDrive/punisher-label-03-genesis-megadrive-cartridge-label.jpg,Punisher Label 03,55193
Labels/thumbs/Genesis_MegaDrive/PunisherLabel_04.jpg,Labels/thumbs/Genesis_MegaDrive/punisher-label-04-genesis-megadrive-cartridge-label.jpg,Punisher Label 04,57953
Labels/thumbs/Genesis_MegaDrive/PunisherLabel_05.jpg,Labels/thumbs/Genesis_MegaDrive/punisher-label-05-genesis-megadrive-cartridge-label.jpg,Punisher Label 05,44752
Labels/thumbs/Genesis_MegaDrive/RaidenTrad_V1.jpg,Labels/thumbs/Genesis_MegaDrive/raiden-trad-v1-genesis-megadrive-cartridge-label.jpg,Raiden Trad V1,60334
Labels/thumbs/Genesis_MegaDrive/RaidenTrad_V2.jpg,Labels/thumbs/Genesis_MegaDrive/raiden-trad-v2-genesis-megadrive-cartridge-label.jpg,Raiden Trad V2,53898
Labels/thumbs/Genesis_MegaDrive/RaidenTrad_V3.jpg,Labels/thumbs/Genesis_MegaDrive/raiden-trad-v3-genesis-megadrive-cartridge-label.jpg,Raiden Trad V3,39939
Labels/thumbs/Genesis_MegaDrive/RaidenTrad_V4.jpg,Labels/thumbs/Genesis_MegaDrive/raiden-trad-v4-genesis-megadrive-cartridge-label.jpg,Raiden Trad V4,51473
Labels/thumbs/Genesis_MegaDrive/Rainbow Islands  _V1_Genesis.jpg,Labels/thumbs/Genesis_MegaDrive/rainbow-islands-v1-genesis-genesis-megadrive-cartridge-label.jpg,Rainbow Islands V1 Genesis,64348
Labels/thumbs/Genesis_MegaDrive/Rainbow Islands  _V3_Genesis.jpg,Labels/thumbs/Genesis_MegaDrive/rainbow-islands-v3-genesis-genesis-megadrive-cartridge-label.jpg,Rainbow Islands V3 Genesis,44784
Labels/thumbs/Genesis_MegaDrive/Rainbow Islands _V2.jpg,Labels/thumbs/Genesis_MegaDrive/rainbow-islands-v2-genesis-megadrive-cartridge-label.jpg,Rainbow Islands V2,63469
Labels/thumbs/Genesis_MegaDrive/RevengeofShinobiRedLabel.jpg,Labels/thumbs/Genesis_MegaDrive/revengeof-shinobi-red-label-genesis-megadrive-cartridge-label.jpg,Revengeof Shinobi Red Label,43818
Labels/thumbs/Genesis_MegaDrive/Robocop Versus The Terminator _V1.jpg,Labels/thumbs/Genesis_MegaDrive/robocop-versus-the-terminator-v1-genesis-megadrive-cartridge-label.jpg,Robocop Versus The Terminator V1,48030
Labels/thumbs/Genesis_MegaDrive/Robocop Versus The Terminator _V2.jpg,Labels/thumbs/Genesis_MegaDrive/robocop-versus-the-terminator-v2-genesis-megadrive-cartridge-label.jpg,Robocop Versus The Terminator V2,54695
Labels/thumbs/Genesis_MegaDrive/Robocop Versus The Terminator _V3.jpg,Labels/thumbs/Genesis_MegaDrive/robocop-versus-the-terminator-v3-genesis-megadrive-cartridge-label.jpg,Robocop Versus The Terminator V3,60316
Labels/thumbs/Genesis_MegaDrive/Robocop Versus The Terminator _V4.jpg,Labels/thumbs/Genesis_MegaDrive/robocop-versus-the-terminator-v4-genesis-megadrive-cartridge-label.jpg,Robocop Versus The Terminator V4,69656
Labels/thumbs/Genesis_MegaDrive/Robocop Versus The Terminator _V5.jpg,Labels/thumbs/Genesis_MegaDrive/robocop-versus-the-terminator-v5-genesis-megadrive-cartridge-label.jpg,Robocop Versus The Terminator V5,60708
Labels/thumbs/Genesis_MegaDrive/Robocop Versus The Terminator _V6.jpg,Labels/thumbs/Genesis_MegaDrive/robocop-versus-the-terminator-v6-genesis-megadrive-cartridge-label.jpg,Robocop Versus The Terminator V6,65852
Labels/thumbs/Genesis_MegaDrive/Sagaia _V1_Genesis.jpg,Labels/thumbs/Genesis_MegaDrive/sagaia-v1-genesis-genesis-megadrive-cartridge-label.jpg,Sagaia V1 Genesis,56253
Labels/thumbs/Genesis_MegaDrive/SamshoAlternateLabel.jpg,Labels/thumbs/Genesis_MegaDrive/samsho-alternate-label-genesis-megadrive-cartridge-label.jpg,Samsho Alternate Label,56752
Labels/thumbs/Genesis_MegaDrive/SamshoBlackLabel.jpg,Labels/thumbs/Genesis_MegaDrive/samsho-black-label-genesis-megadrive-cartridge-label.jpg,Samsho Black Label,50610
Labels/thumbs/Genesis_MegaDrive/SamshoLabel.jpg,Labels/thumbs/Genesis_MegaDrive/samsho-label-genesis-megadrive-cartridge-label.jpg,Samsho Label,56075
Labels/thumbs/Genesis_MegaDrive/shadowrun_label.jpg,Labels/thumbs/Genesis_MegaDrive/shadowrun-label-genesis-megadrive-cartridge-label.jpg,shadowrun label,56948
Labels/thumbs/Genesis_MegaDrive/shadowrunredlabel.jpg,Labels/thumbs/Genesis_MegaDrive/shadowrunredlabel-genesis-megadrive-cartridge-label.jpg,shadowrunredlabel,54816
Labels/thumbs/Genesis_MegaDrive/shadowrunredlabel2.jpg,Labels/thumbs/Genesis_MegaDrive/shadowrunredlabel2-genesis-megadrive-cartridge-label.jpg,shadowrunredlabel2,50876
Labels/thumbs/Genesis_MegaDrive/ShiningForce_Label.jpg,Labels/thumbs/Genesis_MegaDrive/shining-force-label-genesis-megadrive-cartridge-label.jpg,Shining Force Label,44799
Labels/thumbs/Genesis_MegaDrive/ShininginthedarknessLabel.jpg,Labels/thumbs/Genesis_MegaDrive/shininginthedarkness-label-genesis-megadrive-cartridge-label.jpg,Shininginthedarkness Label,58567
Labels/thumbs/Genesis_MegaDrive/Smurfs_V1.jpg,Labels/thumbs/Genesis_MegaDrive/smurfs-v1-genesis-megadrive-cartridge-label.jpg,Smurfs V1,49895
Labels/thumbs/Genesis_MegaDrive/Smurfs_V2.jpg,Labels/thumbs/Genesis_MegaDrive/smurfs-v2-genesis-megadrive-cartridge-label.jpg,Smurfs V2,61943
Labels/thumbs/Genesis_MegaDrive/Smurfs_V3.jpg,Labels/thumbs/Genesis_MegaDrive/smurfs-v3-genesis-megadrive-cartridge-label.jpg,Smurfs V3,57480
Labels/thumbs/Genesis_MegaDrive/SolDeace_labelV1.jpg,Labels/thumbs/Genesis_MegaDrive/sol-deace-label-v1-genesis-megadrive-cartridge-label.jpg,Sol Deace label V1,38350
Labels/thumbs/Genesis_MegaDrive/Sonic & Knuckles Label_GenesisV1.jpg,Labels/thumbs/Genesis_MegaDrive/sonic-and-knuckles-label-genesis-v1-genesis-megadrive-cartridge-label.jpg,Sonic & Knuckles Label Genesis V1,10466
Labels/thumbs/Genesis_MegaDrive/Sonic & Knuckles_genesis_V0.jpg,Labels/thumbs/Genesis_MegaDrive/sonic-and-knuckles-genesis-v0-genesis-megadrive-cartridge-label.jpg,Sonic & Knuckles genesis V0,10222
Labels/thumbs/Genesis_MegaDrive/Sonic & Knuckles_genesis_V1.jpg,Labels/thumbs/Genesis_MegaDrive/sonic-and-knuckles-genesis-v1-genesis-megadrive-cartridge-label.jpg,Sonic & Knuckles genesis V1,10940
Labels/thumbs/Genesis_MegaDrive/Sonic & Knuckles_genesis_V2.jpg,Labels/thumbs/Genesis_MegaDrive/sonic-and-knuckles-genesis-v2-genesis-megadrive-cartridge-label.jpg,Sonic & Knuckles genesis V2,10042
Labels/thumbs/Genesis_MegaDrive/Sonic & Knuckles_genesis_V3.jpg,Labels/thumbs/Genesis_MegaDrive/sonic-and-knuckles-genesis-v3-genesis-megadrive-cartridge-label.jpg,Sonic & Knuckles genesis V3,10466
Labels/thumbs/Genesis_MegaDrive/Sonic Spinball_V1.jpg,Labels/thumbs/Genesis_MegaDrive/sonic-spinball-v1-genesis-megadrive-cartridge-label.jpg,Sonic Spinball V1,57499
Labels/thumbs/Genesis_MegaDrive/Sonic the Hedgehog 2 V.1.jpg,Labels/thumbs/Genesis_MegaDrive/sonic-the-hedgehog-2-v-1-genesis-megadrive-cartridge-label.jpg,Sonic the Hedgehog 2 V 1,42527
Labels/thumbs/Genesis_MegaDrive/Sonic the Hedgehog 2 V.2.jpg,Labels/thumbs/Genesis_MegaDrive/sonic-the-hedgehog-2-v-2-genesis-megadrive-cartridge-label.jpg,Sonic the Hedgehog 2 V 2,53105
Labels/thumbs/Genesis_MegaDrive/Sonic the Hedgehog 2 V.3.jpg,Labels/thumbs/Genesis_MegaDrive/sonic-the-hedgehog-2-v-3-genesis-megadrive-cartridge-label.jpg,Sonic the Hedgehog 2 V 3,43515
Labels/thumbs/Genesis_MegaDrive/Sonic the Hedgehog 2 V.4.jpg,Labels/thumbs/Genesis_MegaDrive/sonic-the-hedgehog-2-v-4-genesis-megadrive-cartridge-label.jpg,Sonic the Hedgehog 2 V.4,46764
Labels/thumbs/Genesis_MegaDrive/Sonic the Hedgehog 3 _genesis_v3.jpg,Labels/thumbs/Genesis_MegaDrive/sonic-the-hedgehog-3-genesis-v3-genesis-megadrive-cartridge-label.jpg,Sonic the Hedgehog 3 genesis v3,21827
Labels/thumbs/Genesis_MegaDrive/Sonic The Hedgehog 3_V1.jpg,Labels/thumbs/Genesis_MegaDrive/sonic-the-hedgehog-3-v1-genesis-megadrive-cartridge-label.jpg,Sonic The Hedgehog 3 V1,62091
Labels/thumbs/Genesis_MegaDrive/Sonic The Hedgehog 3_V2.jpg,Labels/thumbs/Genesis_MegaDrive/sonic-the-hedgehog-3-v2-genesis-megadrive-cartridge-label.jpg,Sonic The Hedgehog 3 V2,57727
Labels/thumbs/Genesis_MegaDrive/Sonic the Hedgehog _genesis_v2.jpg,Labels/thumbs/Genesis_MegaDrive/sonic-the-hedgehog-genesis-v2-genesis-megadrive-cartridge-label.jpg,Sonic the Hedgehog genesis v2,21216
Labels/thumbs/Genesis_MegaDrive/Sonic the Hedgehog _genesis_v3.jpg,Labels/thumbs/Genesis_MegaDrive/sonic-the-hedgehog-genesis-v3-genesis-megadrive-cartridge-label.jpg,Sonic the Hedgehog genesis v3,18426
Labels/thumbs/Genesis_MegaDrive/Sonic The Hedgehog_V0.jpg,Labels/thumbs/Genesis_MegaDrive/sonic-the-hedgehog-v0-genesis-megadrive-cartridge-label.jpg,Sonic The Hedgehog V0,48534
Labels/thumbs/Genesis_MegaDrive/Sonic The Hedgehog_V1.jpg,Labels/thumbs/Genesis_MegaDrive/sonic-the-hedgehog-v1-genesis-megadrive-cartridge-label.jpg,Sonic The Hedgehog V1,44879
Labels/thumbs/Genesis_MegaDrive/Sonic The Hedgehog_V3.jpg,Labels/thumbs/Genesis_MegaDrive/sonic-the-hedgehog-v3-genesis-megadrive-cartridge-label.jpg,Sonic The Hedgehog V3,46859
Labels/thumbs/Genesis_MegaDrive/Sparkster_V1.jpg,Labels/thumbs/Genesis_MegaDrive/sparkster-v1-genesis-megadrive-cartridge-label.jpg,Sparkster V1,50852
Labels/thumbs/Genesis_MegaDrive/Sparkster_V2.jpg,Labels/thumbs/Genesis_MegaDrive/sparkster-v2-genesis-megadrive-cartridge-label.jpg,Sparkster V2,41789
Labels/thumbs/Genesis_MegaDrive/SplatterHouse2BlackRed.jpg,Labels/thumbs/Genesis_MegaDrive/splatter-house2black-red-genesis-megadrive-cartridge-label.jpg,Splatter House2Black Red,67074
Labels/thumbs/Genesis_MegaDrive/SplatterHouse2GreenGutsLabel.jpg,Labels/thumbs/Genesis_MegaDrive/splatter-house2green-guts-label-genesis-megadrive-cartridge-label.jpg,Splatter House2Green Guts Label,60437
Labels/thumbs/Genesis_MegaDrive/Splatterhouse2v4_Label.jpg,Labels/thumbs/Genesis_MegaDrive/splatterhouse2v4-label-genesis-megadrive-cartridge-label.jpg,Splatterhouse2v4 Label,58451
Labels/thumbs/Genesis_MegaDrive/SplatterHouse3Black.jpg,Labels/thumbs/Genesis_MegaDrive/splatter-house3black-genesis-megadrive-cartridge-label.jpg,Splatter House3Black,60952
Labels/thumbs/Genesis_MegaDrive/SplatterHouse3BloodRedLabel.jpg,Labels/thumbs/Genesis_MegaDrive/splatter-house3blood-red-label-genesis-megadrive-cartridge-label.jpg,Splatter House3Blood Red Label,50246
Labels/thumbs/Genesis_MegaDrive/SplatterHouse3Label.jpg,Labels/thumbs/Genesis_MegaDrive/splatter-house3label-genesis-megadrive-cartridge-label.jpg,Splatter House3Label,51483
Labels/thumbs/Genesis_MegaDrive/SplatterHouse3LabelGreenGuts.jpg,Labels/thumbs/Genesis_MegaDrive/splatterhouse3labelgreenguts-genesis-megadrive-cartridge-label.jpg,SplatterHouse3LabelGreenGuts,59173
Labels/thumbs/Genesis_MegaDrive/SplatterHouse3OGSTYLE.jpg,Labels/thumbs/Genesis_MegaDrive/splatter-house3ogstyle-genesis-megadrive-cartridge-label.jpg,Splatter House3OGSTYLE,51987
Labels/thumbs/Genesis_MegaDrive/splatterhouselabe01l.jpg,Labels/thumbs/Genesis_MegaDrive/splatterhouselabe01l-genesis-megadrive-cartridge-label.jpg,splatterhouselabe01l,57944
Labels/thumbs/Genesis_MegaDrive/splatterhouselabe02.jpg,Labels/thumbs/Genesis_MegaDrive/splatterhouselabe02-genesis-megadrive-cartridge-label.jpg,splatterhouselabe02,56726
Labels/thumbs/Genesis_MegaDrive/splatterhouselabel.jpg,Labels/thumbs/Genesis_MegaDrive/splatterhouselabel-genesis-megadrive-cartridge-label.jpg,splatterhouselabel,56696
Labels/thumbs/Genesis_MegaDrive/splatterhouseLabel2.jpg,Labels/thumbs/Genesis_MegaDrive/splatterhouse-label2-genesis-megadrive-cartridge-label.jpg,splatterhouse Label2,59813
Labels/thumbs/Genesis_MegaDrive/Splatv4red_Label.jpg,Labels/thumbs/Genesis_MegaDrive/splatv4red-label-genesis-megadrive-cartridge-label.jpg,Splatv4red Label,51110
Labels/thumbs/Genesis_MegaDrive/Street Fighter 2 Special Champion Edition _V1.jpg,Labels/thumbs/Genesis_MegaDrive/street-fighter-2-special-champion-edition-v1-genesis-megadrive-cartridge-label.jpg,Street Fighter 2 Special Champion Edition V1,57381
Labels/thumbs/Genesis_MegaDrive/Streets of Rage (Original).jpg,Labels/thumbs/Genesis_MegaDrive/streets-of-rage-original-genesis-megadrive-cartridge-label.jpg,Streets of Rage (Original),60455
Labels/thumbs/Genesis_MegaDrive/StreetsofRage2Label_01.jpg,Labels/thumbs/Genesis_MegaDrive/streetsof-rage2label-01-genesis-megadrive-cartridge-label.jpg,Streetsof Rage2Label 01,48515
Labels/thumbs/Genesis_MegaDrive/StreetsofRage2Label_02.jpg,Labels/thumbs/Genesis_MegaDrive/streetsof-rage2label-02-genesis-megadrive-cartridge-label.jpg,Streetsof Rage2Label 02,50565
Labels/thumbs/Genesis_MegaDrive/StreetsofRage2Label_03.jpg,Labels/thumbs/Genesis_MegaDrive/streetsof-rage2label-03-genesis-megadrive-cartridge-label.jpg,Streetsof Rage2Label 03,49676
Labels/thumbs/Genesis_MegaDrive/StreetsofRage3_Label.jpg,Labels/thumbs/Genesis_MegaDrive/streetsof-rage3-label-genesis-megadrive-cartridge-label.jpg,Streetsof Rage3 Label,50269
Labels/thumbs/Genesis_MegaDrive/StreetsofRage3Label.jpg,Labels/thumbs/Genesis_MegaDrive/streetsof-rage3label-genesis-megadrive-cartridge-label.jpg,Streetsof Rage3Label,55261
Labels/thumbs/Genesis_MegaDrive/StreetsofRage3Label02.jpg,Labels/thumbs/Genesis_MegaDrive/streetsof-rage3label02-genesis-megadrive-cartridge-label.jpg,Streetsof Rage3Label02,59496
Labels/thumbs/Genesis_MegaDrive/StreetsofRage3Label03.jpg,Labels/thumbs/Genesis_MegaDrive/streetsof-rage3label03-genesis-megadrive-cartridge-label.jpg,Streetsof Rage3Label03,54781
Labels/thumbs/Genesis_MegaDrive/StreetsofRage3Label04.jpg,Labels/thumbs/Genesis_MegaDrive/streetsof-rage3label04-genesis-megadrive-cartridge-label.jpg,Streetsof Rage3Label04,51375
Labels/thumbs/Genesis_MegaDrive/StreetsofRage3Label05.jpg,Labels/thumbs/Genesis_MegaDrive/streetsof-rage3label05-genesis-megadrive-cartridge-label.jpg,Streetsof Rage3Label05,50521
Labels/thumbs/Genesis_MegaDrive/StreetsofRage3LabelOG.jpg,Labels/thumbs/Genesis_MegaDrive/streetsof-rage3label-og-genesis-megadrive-cartridge-label.jpg,Streetsof Rage3Label OG,48760
Labels/thumbs/Genesis_MegaDrive/StreetsofRage3LabelOGV5.jpg,Labels/thumbs/Genesis_MegaDrive/streetsof-rage3label-ogv5-genesis-megadrive-cartridge-label.jpg,Streetsof Rage3Label OGV5,51236
Labels/thumbs/Genesis_MegaDrive/streetsofrageLabel3.jpg,Labels/thumbs/Genesis_MegaDrive/streetsofrage-label3-genesis-megadrive-cartridge-label.jpg,streetsofrage Label3,52669
Labels/thumbs/Genesis_MegaDrive/streetsofrageLabelv2.jpg,Labels/thumbs/Genesis_MegaDrive/streetsofrage-labelv2-genesis-megadrive-cartridge-label.jpg,streetsofrage Labelv2,61846
Labels/thumbs/Genesis_MegaDrive/strider Label.jpg,Labels/thumbs/Genesis_MegaDrive/strider-label-genesis-megadrive-cartridge-label.jpg,strider Label,48730
Labels/thumbs/Genesis_MegaDrive/strider red label.jpg,Labels/thumbs/Genesis_MegaDrive/strider-red-label-genesis-megadrive-cartridge-label.jpg,strider red label,45852
Labels/thumbs/Genesis_MegaDrive/striderLabel_02.jpg,Labels/thumbs/Genesis_MegaDrive/strider-label-02-genesis-megadrive-cartridge-label.jpg,strider Label 02,66903
Labels/thumbs/Genesis_MegaDrive/striderLabel_03.jpg,Labels/thumbs/Genesis_MegaDrive/strider-label-03-genesis-megadrive-cartridge-label.jpg,strider Label 03,52822
Labels/thumbs/Genesis_MegaDrive/Super Street Fighter II _V1_Genesis.jpg,Labels/thumbs/Genesis_MegaDrive/super-street-fighter-ii-v1-genesis-genesis-megadrive-cartridge-label.jpg,Super Street Fighter II V1 Genesis,63575
Labels/thumbs/Genesis_MegaDrive/Super Street Fighter II _V2_Genesis.jpg,Labels/thumbs/Genesis_MegaDrive/super-street-fighter-ii-v2-genesis-genesis-megadrive-cartridge-label.jpg,Super Street Fighter II V2 Genesis,67533
Labels/thumbs/Genesis_MegaDrive/Super Street Fighter II _V3_Genesis.jpg,Labels/thumbs/Genesis_MegaDrive/super-street-fighter-ii-v3-genesis-genesis-megadrive-cartridge-label.jpg,Super Street Fighter II V3 Genesis,59413
Labels/thumbs/Genesis_MegaDrive/Sword of Vermilian V2.jpg,Labels/thumbs/Genesis_MegaDrive/sword-of-vermilian-v2-genesis-megadrive-cartridge-label.jpg,Sword of Vermilian V2,56203
Labels/thumbs/Genesis_MegaDrive/Sword of Vermilian V3.jpg,Labels/thumbs/Genesis_MegaDrive/sword-of-vermilian-v3-genesis-megadrive-cartridge-label.jpg,Sword of Vermilian V3,38915
Labels/thumbs/Genesis_MegaDrive/Sword of Vermilian V4.jpg,Labels/thumbs/Genesis_MegaDrive/sword-of-vermilian-v4-genesis-megadrive-cartridge-label.jpg,Sword of Vermilian V4,44613
Labels/thumbs/Genesis_MegaDrive/Sword of Vermillian.jpg,Labels/thumbs/Genesis_MegaDrive/sword-of-vermillian-genesis-megadrive-cartridge-label.jpg,Sword of Vermillian,52653
Labels/thumbs/Genesis_MegaDrive/Teenage Mutant Ninja Turtles Hyperstone Heist _V1.jpg,Labels/thumbs/Genesis_MegaDrive/teenage-mutant-ninja-turtles-hyperstone-heist-v1-genesis-megadrive-cartridge-label.jpg,Teenage Mutant Ninja Turtles Hyperstone Heist V1,63170
Labels/thumbs/Genesis_MegaDrive/Terminator.jpg,Labels/thumbs/Genesis_MegaDrive/terminator-genesis-megadrive-cartridge-label.jpg,Terminator,42044
Labels/thumbs/Genesis_MegaDrive/The Adventures of BATMAN and ROBIN _md_v1.jpg,Labels/thumbs/Genesis_MegaDrive/the-adventures-of-batman-and-robin-md-v1-genesis-megadrive-cartridge-label.jpg,The Adventures of BATMAN and ROBIN md v1,58154
Labels/thumbs/Genesis_MegaDrive/The Adventures of BATMAN and ROBIN _md_v2.jpg,Labels/thumbs/Genesis_MegaDrive/the-adventures-of-batman-and-robin-md-v2-genesis-megadrive-cartridge-label.jpg,The Adventures of BATMAN and ROBIN md v2,67307
Labels/thumbs/Genesis_MegaDrive/The Death and Return of Super-Man.jpg,Labels/thumbs/Genesis_MegaDrive/the-death-and-return-of-super-man-genesis-megadrive-cartridge-label.jpg,The Death and Return of Super-Man,52263
Labels/thumbs/Genesis_MegaDrive/The Immortal.jpg,Labels/thumbs/Genesis_MegaDrive/the-immortal-genesis-megadrive-cartridge-label.jpg,The Immortal,34853
Labels/thumbs/Genesis_MegaDrive/The Incredible Hulk.jpg,Labels/thumbs/Genesis_MegaDrive/the-incredible-hulk-genesis-megadrive-cartridge-label.jpg,The Incredible Hulk,46740
Labels/thumbs/Genesis_MegaDrive/The Incredible Hulk_V1.jpg,Labels/thumbs/Genesis_MegaDrive/the-incredible-hulk-v1-genesis-megadrive-cartridge-label.jpg,The Incredible Hulk V1,46657
Labels/thumbs/Genesis_MegaDrive/The Last Battle _genesis_v1.jpg,Labels/thumbs/Genesis_MegaDrive/the-last-battle-genesis-v1-genesis-megadrive-cartridge-label.jpg,The Last Battle genesis v1,20887
Labels/thumbs/Genesis_MegaDrive/The Lion King _genesis_v1.jpg,Labels/thumbs/Genesis_MegaDrive/the-lion-king-genesis-v1-genesis-megadrive-cartridge-label.jpg,The Lion King genesis v1,13468
Labels/thumbs/Genesis_MegaDrive/The Lost Vikings _genesis_v1.jpg,Labels/thumbs/Genesis_MegaDrive/the-lost-vikings-genesis-v1-genesis-megadrive-cartridge-label.jpg,The Lost Vikings genesis v1,26891
Labels/thumbs/Genesis_MegaDrive/The Lost World Jurassic Park.jpg,Labels/thumbs/Genesis_MegaDrive/the-lost-world-jurassic-park-genesis-megadrive-cartridge-label.jpg,The Lost World Jurassic Park,51205
Labels/thumbs/Genesis_MegaDrive/The Lost World Jurassic ParkV2.jpg,Labels/thumbs/Genesis_MegaDrive/the-lost-world-jurassic-park-v2-genesis-megadrive-cartridge-label.jpg,The Lost World Jurassic Park V2,62024
Labels/thumbs/Genesis_MegaDrive/The Lost World Jurassic ParkV3.jpg,Labels/thumbs/Genesis_MegaDrive/the-lost-world-jurassic-park-v3-genesis-megadrive-cartridge-label.jpg,The Lost World Jurassic Park V3,61630
Labels/thumbs/Genesis_MegaDrive/The Lost World Jurassic ParkV4.jpg,Labels/thumbs/Genesis_MegaDrive/the-lost-world-jurassic-park-v4-genesis-megadrive-cartridge-label.jpg,The Lost World Jurassic Park V4,58481
Labels/thumbs/Genesis_MegaDrive/The Lost World Jurassic ParkV5.jpg,Labels/thumbs/Genesis_MegaDrive/the-lost-world-jurassic-park-v5-genesis-megadrive-cartridge-label.jpg,The Lost World Jurassic Park V5,67156
Labels/thumbs/Genesis_MegaDrive/ThunderforceIII_V1.jpg,Labels/thumbs/Genesis_MegaDrive/thunderforce-iii-v1-genesis-megadrive-cartridge-label.jpg,Thunderforce III V1,56630
Labels/thumbs/Genesis_MegaDrive/ThunderforceIII_V2.jpg,Labels/thumbs/Genesis_MegaDrive/thunderforce-iii-v2-genesis-megadrive-cartridge-label.jpg,Thunderforce III V2,61811
Labels/thumbs/Genesis_MegaDrive/ThunderforceIII_V3.jpg,Labels/thumbs/Genesis_MegaDrive/thunderforce-iii-v3-genesis-megadrive-cartridge-label.jpg,Thunderforce III V3,44089
Labels/thumbs/Genesis_MegaDrive/TMNTHH_Label.jpg,Labels/thumbs/Genesis_MegaDrive/tmnthh-label-genesis-megadrive-cartridge-label.jpg,TMNTHH Label,63022
Labels/thumbs/Genesis_MegaDrive/TMNTHH_Label_2.jpg,Labels/thumbs/Genesis_MegaDrive/tmnthh-label-2-genesis-megadrive-cartridge-label.jpg,TMNTHH Label 2,67660
Labels/thumbs/Genesis_MegaDrive/TMNTHH_Label_3.jpg,Labels/thumbs/Genesis_MegaDrive/tmnthh-label-3-genesis-megadrive-cartridge-label.jpg,TMNTHH Label 3,74915
Labels/thumbs/Genesis_MegaDrive/TMNTHH_Label_4.jpg,Labels/thumbs/Genesis_MegaDrive/tmnthh-label-4-genesis-megadrive-cartridge-label.jpg,TMNTHH Label 4,59657
Labels/thumbs/Genesis_MegaDrive/TMNTHH_Label_5.jpg,Labels/thumbs/Genesis_MegaDrive/tmnthh-label-5-genesis-megadrive-cartridge-label.jpg,TMNTHH Label 5,72786
Labels/thumbs/Genesis_MegaDrive/TMNTHH_Label_6.jpg,Labels/thumbs/Genesis_MegaDrive/tmnthh-label-6-genesis-megadrive-cartridge-label.jpg,TMNTHH Label 6,61398
Labels/thumbs/Genesis_MegaDrive/TMNTHH_Label_7.jpg,Labels/thumbs/Genesis_MegaDrive/tmnthh-label-7-genesis-megadrive-cartridge-label.jpg,TMNTHH Label 7,67037
Labels/thumbs/Genesis_MegaDrive/Toejamandearllabel.jpg,Labels/thumbs/Genesis_MegaDrive/toejamandearllabel-genesis-megadrive-cartridge-label.jpg,Toejamandearllabel,42193
Labels/thumbs/Genesis_MegaDrive/toxiccrusaders.jpg,Labels/thumbs/Genesis_MegaDrive/toxiccrusaders-genesis-megadrive-cartridge-label.jpg,toxiccrusaders,64163
Labels/thumbs/Genesis_MegaDrive/traysia.jpg,Labels/thumbs/Genesis_MegaDrive/traysia-genesis-megadrive-cartridge-label.jpg,traysia,50182
Labels/thumbs/Genesis_MegaDrive/TROUBLESHOOTERLabel.jpg,Labels/thumbs/Genesis_MegaDrive/troubleshooter-label-genesis-megadrive-cartridge-label.jpg,TROUBLESHOOTER Label,53602
Labels/thumbs/Genesis_MegaDrive/troubleshooterredlabel.jpg,Labels/thumbs/Genesis_MegaDrive/troubleshooterredlabel-genesis-megadrive-cartridge-label.jpg,troubleshooterredlabel,55214
Labels/thumbs/Genesis_MegaDrive/Truxton  _genesis_v2.jpg,Labels/thumbs/Genesis_MegaDrive/truxton-genesis-v2-genesis-megadrive-cartridge-label.jpg,Truxton genesis v2,26034
Labels/thumbs/Genesis_MegaDrive/truxtonLabel.jpg,Labels/thumbs/Genesis_MegaDrive/truxton-label-genesis-megadrive-cartridge-label.jpg,truxton Label,71044
Labels/thumbs/Genesis_MegaDrive/truxtonLabelRedLabel.jpg,Labels/thumbs/Genesis_MegaDrive/truxton-label-red-label-genesis-megadrive-cartridge-label.jpg,truxton Label Red Label,65557
Labels/thumbs/Genesis_MegaDrive/truxtonLabelRedLabel2.jpg,Labels/thumbs/Genesis_MegaDrive/truxton-label-red-label2-genesis-megadrive-cartridge-label.jpg,truxton Label Red Label2,68967
Labels/thumbs/Genesis_MegaDrive/tsblacklabel.jpg,Labels/thumbs/Genesis_MegaDrive/tsblacklabel-genesis-megadrive-cartridge-label.jpg,tsblacklabel,53715
Labels/thumbs/Genesis_MegaDrive/Twin Hawk.jpg,Labels/thumbs/Genesis_MegaDrive/twin-hawk-genesis-megadrive-cartridge-label.jpg,Twin Hawk,45018
Labels/thumbs/Genesis_MegaDrive/umk3_label.jpg,Labels/thumbs/Genesis_MegaDrive/umk3-label-genesis-megadrive-cartridge-label.jpg,umk3 label,51731
Labels/thumbs/Genesis_MegaDrive/Virtua Fighter  _genesis_v1.jpg,Labels/thumbs/Genesis_MegaDrive/virtua-fighter-genesis-v1-genesis-megadrive-cartridge-label.jpg,Virtua Fighter genesis v1,25415
Labels/thumbs/Genesis_MegaDrive/Virtua Fighter 2 _genesis_v1.jpg,Labels/thumbs/Genesis_MegaDrive/virtua-fighter-2-genesis-v1-genesis-megadrive-cartridge-label.jpg,Virtua Fighter 2 genesis v1,23762
Labels/thumbs/Genesis_MegaDrive/VR Troopers _V1_Genesis.jpg,Labels/thumbs/Genesis_MegaDrive/vr-troopers-v1-genesis-genesis-megadrive-cartridge-label.jpg,VR Troopers V1 Genesis,43180
Labels/thumbs/Genesis_MegaDrive/Wackey Worlds Creative Studio_V1.jpg,Labels/thumbs/Genesis_MegaDrive/wackey-worlds-creative-studio-v1-genesis-megadrive-cartridge-label.jpg,Wackey Worlds Creative Studio V1,50545
Labels/thumbs/Genesis_MegaDrive/Wrestle War  _V1_Genesis.jpg,Labels/thumbs/Genesis_MegaDrive/wrestle-war-v1-genesis-genesis-megadrive-cartridge-label.jpg,Wrestle War V1 Genesis,38407
Labels/thumbs/Genesis_MegaDrive/Wrestle War  _V2_Genesis.jpg,Labels/thumbs/Genesis_MegaDrive/wrestle-war-v2-genesis-genesis-megadrive-cartridge-label.jpg,Wrestle War V2 Genesis,46574
Labels/thumbs/Genesis_MegaDrive/Wrestle War  _V3_Genesis.jpg,Labels/thumbs/Genesis_MegaDrive/wrestle-war-v3-genesis-genesis-megadrive-cartridge-label.jpg,Wrestle War V3 Genesis,46612
Labels/thumbs/Genesis_MegaDrive/WWF Super Wrestlemania V2.jpg,Labels/thumbs/Genesis_MegaDrive/wwf-super-wrestlemania-v2-genesis-megadrive-cartridge-label.jpg,WWF Super Wrestlemania V2,54074
Labels/thumbs/Genesis_MegaDrive/WWF Super Wrestlemania.jpg,Labels/thumbs/Genesis_MegaDrive/wwf-super-wrestlemania-genesis-megadrive-cartridge-label.jpg,WWF Super Wrestlemania,52995
Labels/thumbs/Genesis_MegaDrive/Zombies ate my Neighbors.jpg,Labels/thumbs/Genesis_MegaDrive/zombies-ate-my-neighbors-genesis-megadrive-cartridge-label.jpg,Zombies ate my Neighbors,60617
Labels/thumbs/Genesis_MegaDrive/Zombies ate my NeighborsV2.jpg,Labels/thumbs/Genesis_MegaDrive/zombies-ate-my-neighbors-v2-genesis-megadrive-cartridge-label.jpg,Zombies ate my Neighbors V2,59812
Labels/thumbs/Genesis_MegaDrive/Zombies ate my NeighborsV3.jpg,Labels/thumbs/Genesis_MegaDrive/zombies-ate-my-neighbors-v3-genesis-megadrive-cartridge-label.jpg,Zombies ate my Neighbors V3,51679
Labels/thumbs/Genesis_MegaDrive/Zombies ate my NeighborsV4.jpg,Labels/thumbs/Genesis_MegaDrive/zombies-ate-my-neighbors-v4-genesis-megadrive-cartridge-label.jpg,Zombies ate my Neighbors V4,53718
Labels/thumbs/Genesis_MegaDrive/Zombies ate my NeighborsV5.jpg,Labels/thumbs/Genesis_MegaDrive/zombies-ate-my-neighbors-v5-genesis-megadrive-cartridge-label.jpg,Zombies ate my Neighbors V5,59149
Labels/thumbs/N64/007 The World is Not Enough.jpg,Labels/thumbs/N64/007-the-world-is-not-enough-n64-cartridge-label.jpg,007 The World is Not Enough,40792
Labels/thumbs/N64/_n64_V2.jpg,Labels/thumbs/N64/n64-v2-n64-cartridge-label.jpg,n64 V2,45811
Labels/thumbs/N64/A Bug's Life.jpg,Labels/thumbs/N64/a-bug-s-life-n64-cartridge-label.jpg,A Bug's Life,45759
Labels/thumbs/N64/A Bugs Life _N64_V0.jpg,Labels/thumbs/N64/a-bugs-life-n64-v0-n64-cartridge-label.jpg,A Bugs Life  N64 V0,44265
Labels/thumbs/N64/AeroFighters Assault.jpg,Labels/thumbs/N64/aerofighters-assault-n64-cartridge-label.jpg,AeroFighters Assault,38675
Labels/thumbs/N64/Aerogauge _N64_V0.jpg,Labels/thumbs/N64/aerogauge-n64-v0-n64-cartridge-label.jpg,Aerogauge  N64 V0,53639
Labels/thumbs/N64/Airboarder64 _N64_V0.jpg,Labels/thumbs/N64/airboarder64-n64-v0-n64-cartridge-label.jpg,Airboarder64  N64 V0,47658
Labels/thumbs/N64/ANYDESIGNCUSTOMMADE.jpg,Labels/thumbs/N64/anydesigncustommade-n64-cartridge-label.jpg,ANYDESIGNCUSTOMMADE,35544
Labels/thumbs/N64/Autolamborghini _N64_V0.jpg,Labels/thumbs/N64/autolamborghini-n64-v0-n64-cartridge-label.jpg,Autolamborghini  N64 V0,33792
Labels/thumbs/N64/Automobili Lamborghini.jpg,Labels/thumbs/N64/automobili-lamborghini-n64-cartridge-label.jpg,Automobili Lamborghini,42128
Labels/thumbs/N64/backlabel n64.jpg,Labels/thumbs/N64/backlabel-n64-n64-cartridge-label.jpg,backlabel n64,29813
Labels/thumbs/N64/backLabel.jpg,Labels/thumbs/N64/back-label-n64-cartridge-label.jpg,back Label,30805
Labels/thumbs/N64/backlabel_ed64_black.jpg,Labels/thumbs/N64/backlabel-ed64-black-n64-cartridge-label.jpg,backlabel ed64 black,34997
Labels/thumbs/N64/backlabel_ed64_stars.jpg,Labels/thumbs/N64/backlabel-ed64-stars-n64-cartridge-label.jpg,backlabel ed64 stars,41762
Labels/thumbs/N64/Banjo Kazooie.jpg,Labels/thumbs/N64/banjo-kazooie-n64-cartridge-label.jpg,Banjo Kazooie,55250
Labels/thumbs/N64/Banjo Tooie_n64_V1.jpg,Labels/thumbs/N64/banjo-tooie-n64-v1-n64-cartridge-label.jpg,Banjo Tooie n64 V1,49568
Labels/thumbs/N64/Banjokazooie _N64_V0.jpg,Labels/thumbs/N64/banjokazooie-n64-v0-n64-cartridge-label.jpg,Banjokazooie  N64 V0,47898
Labels/thumbs/N64/BH1.jpg,Labels/thumbs/N64/bh1-n64-cartridge-label.jpg,BH1,45237
Labels/thumbs/N64/BH2B.jpg,Labels/thumbs/N64/bh2b-n64-cartridge-label.jpg,BH2B,29620
Labels/thumbs/N64/BH3.jpg,Labels/thumbs/N64/bh3-n64-cartridge-label.jpg,BH3,53201
Labels/thumbs/N64/BH4.jpg,Labels/thumbs/N64/bh4-n64-cartridge-label.jpg,BH4,46255
Labels/thumbs/N64/BH5.jpg,Labels/thumbs/N64/bh5-n64-cartridge-label.jpg,BH5,50917
Labels/thumbs/N64/BH6.jpg,Labels/thumbs/N64/bh6-n64-cartridge-label.jpg,BH6,58080
Labels/thumbs/N64/BH7.jpg,Labels/thumbs/N64/bh7-n64-cartridge-label.jpg,BH7,47051
Labels/thumbs/N64/Blues Brothers 2000.jpg,Labels/thumbs/N64/blues-brothers-2000-n64-cartridge-label.jpg,Blues Brothers 2000,49974
Labels/thumbs/N64/Body Harvest label.jpg,Labels/thumbs/N64/body-harvest-label-n64-cartridge-label.jpg,Body Harvest label,43067
Labels/thumbs/N64/Bomber Man 64 Second Attack N64_1.jpg,Labels/thumbs/N64/bomber-man-64-second-attack-n64-1-n64-cartridge-label.jpg,Bomber Man 64 Second Attack N64 1,48282
Labels/thumbs/N64/BomberMan 64 Second Attack_n64_V1.jpg,Labels/thumbs/N64/bomber-man-64-second-attack-n64-v1-n64-cartridge-label.jpg,Bomber Man 64 Second Attack n64 V1,48282
Labels/thumbs/N64/Bomberman Hero.jpg,Labels/thumbs/N64/bomberman-hero-n64-cartridge-label.jpg,Bomberman Hero,49924
Labels/thumbs/N64/Bomberman64_n64_V1.jpg,Labels/thumbs/N64/bomberman64-n64-v1-n64-cartridge-label.jpg,Bomberman64 n64 V1,42201
Labels/thumbs/N64/Carmageddon 64.jpg,Labels/thumbs/N64/carmageddon-64-n64-cartridge-label.jpg,Carmageddon 64,47266
Labels/thumbs/N64/Castlevania.jpg,Labels/thumbs/N64/castlevania-n64-cartridge-label.jpg,Castlevania,47144
Labels/thumbs/N64/CBFD1.jpg,Labels/thumbs/N64/cbfd1-n64-cartridge-label.jpg,CBFD1,37356
Labels/thumbs/N64/cbfd1_n64_V1_CHECKITANDCOMPAREIFITHASIMPROVEMENTS.jpg,Labels/thumbs/N64/cbfd1-n64-v1-checkitandcompareifithasimprovements-n64-cartridge-label.jpg,cbfd1 n64 V1 CHECKITANDCOMPAREIFITHASIMPROVEMENTS,37356
Labels/thumbs/N64/CBFD2.jpg,Labels/thumbs/N64/cbfd2-n64-cartridge-label.jpg,CBFD2,43753
Labels/thumbs/N64/CBFD3.jpg,Labels/thumbs/N64/cbfd3-n64-cartridge-label.jpg,CBFD3,52858
Labels/thumbs/N64/CBFD4.jpg,Labels/thumbs/N64/cbfd4-n64-cartridge-label.jpg,CBFD4,59988
Labels/thumbs/N64/CBFD5.jpg,Labels/thumbs/N64/cbfd5-n64-cartridge-label.jpg,CBFD5,47399
Labels/thumbs/N64/ClayFighter 63 13.jpg,Labels/thumbs/N64/clayfighter-63-13-n64-cartridge-label.jpg,ClayFighter 63 13,37244
Labels/thumbs/N64/Command & Conquer.jpg,Labels/thumbs/N64/command-and-conquer-n64-cartridge-label.jpg,Command & Conquer,45345
Labels/thumbs/N64/Cruis'n Exotica.jpg,Labels/thumbs/N64/cruis-n-exotica-n64-cartridge-label.jpg,Cruis'n Exotica,50492
Labels/thumbs/N64/Cruis'n USA label.jpg,Labels/thumbs/N64/cruis-n-usa-label-n64-cartridge-label.jpg,Cruis'n USA label,44309
Labels/thumbs/N64/d90770y-f52f3bd0-a9bb-4f32-88fb-d67516b8e381.jpg,Labels/thumbs/N64/d90770y-f52f3bd0-a9bb-4f32-88fb-d67516b8e381-n64-cartridge-label.jpg,d90770y-f52f3bd0-a9bb-4f32-88fb-d67516b8e381,41191
Labels/thumbs/N64/DaCO997.jpg,Labels/thumbs/N64/da-co997-n64-cartridge-label.jpg,Da CO997,41787
Labels/thumbs/N64/Diddy Kong Racing.jpg,Labels/thumbs/N64/diddy-kong-racing-n64-cartridge-label.jpg,Diddy Kong Racing,53083
Labels/thumbs/N64/Donald Duck Going Quackers.jpg,Labels/thumbs/N64/donald-duck-going-quackers-n64-cartridge-label.jpg,Donald Duck Going Quackers,52757
Labels/thumbs/N64/Donkey Kong 64 _n64_V2.jpg,Labels/thumbs/N64/donkey-kong-64-n64-v2-n64-cartridge-label.jpg,Donkey Kong 64 n64 V2,51312
Labels/thumbs/N64/Donkey Kong 64.jpg,Labels/thumbs/N64/donkey-kong-64-n64-cartridge-label.jpg,Donkey Kong 64,50875
Labels/thumbs/N64/Donkey Kong 64_n64_V3.jpg,Labels/thumbs/N64/donkey-kong-64-n64-v3-n64-cartridge-label.jpg,Donkey Kong 64 n64 V3,50567
Labels/thumbs/N64/Donkey Kong 64_n64_V4.jpg,Labels/thumbs/N64/donkey-kong-64-n64-v4-n64-cartridge-label.jpg,Donkey Kong 64 n64 V4,45361
Labels/thumbs/N64/Donkey Kong 64_n64_V4b.jpg,Labels/thumbs/N64/donkey-kong-64-n64-v4b-n64-cartridge-label.jpg,Donkey Kong 64 n64 V4b,48318
Labels/thumbs/N64/Doom 64 _V1.jpg,Labels/thumbs/N64/doom-64-v1-n64-cartridge-label.jpg,Doom 64  V1,31050
Labels/thumbs/N64/Doom 64 _V2.jpg,Labels/thumbs/N64/doom-64-v2-n64-cartridge-label.jpg,Doom 64 V2,40402
Labels/thumbs/N64/Doom 64.jpg,Labels/thumbs/N64/doom-64-n64-cartridge-label.jpg,Doom 64,36032
Labels/thumbs/N64/Duckdodgers _N64_V0.jpg,Labels/thumbs/N64/duckdodgers-n64-v0-n64-cartridge-label.jpg,Duckdodgers  N64 V0,31285
Labels/thumbs/N64/Duke Nukem 64.jpg,Labels/thumbs/N64/duke-nukem-64-n64-cartridge-label.jpg,Duke Nukem 64,42926
Labels/thumbs/N64/Duke Nukem Zero Hour.jpg,Labels/thumbs/N64/duke-nukem-zero-hour-n64-cartridge-label.jpg,Duke Nukem Zero Hour,54310
Labels/thumbs/N64/Earthworm Jim 3D.jpg,Labels/thumbs/N64/earthworm-jim-3d-n64-cartridge-label.jpg,Earthworm Jim 3D,35486
Labels/thumbs/N64/ED64_BottomBack_Logo_label.jpg,Labels/thumbs/N64/ed64-bottom-back-logo-label-n64-cartridge-label.jpg,ED64 Bottom Back Logo label,9946
Labels/thumbs/N64/ED64_Template.jpg,Labels/thumbs/N64/ed64-template-n64-cartridge-label.jpg,ED64 Template,60145
Labels/thumbs/N64/ED64_V0.jpg,Labels/thumbs/N64/ed64-v0-n64-cartridge-label.jpg,ED64 V0,60344
Labels/thumbs/N64/Everdrive 64 back.jpg,Labels/thumbs/N64/everdrive-64-back-n64-cartridge-label.jpg,Everdrive 64 back,23811
Labels/thumbs/N64/everdrive-64ZELDA.jpg,Labels/thumbs/N64/everdrive-64zelda-n64-cartridge-label.jpg,everdrive-64ZELDA,28806
Labels/thumbs/N64/Everdrive64_n64_V1.jpg,Labels/thumbs/N64/everdrive64-n64-v1-n64-cartridge-label.jpg,Everdrive64 n64 V1,34163
Labels/thumbs/N64/Everdrive64_n64_V2.jpg,Labels/thumbs/N64/everdrive64-n64-v2-n64-cartridge-label.jpg,Everdrive64 n64 V2,39176
Labels/thumbs/N64/Everdrive64_n64_V3.jpg,Labels/thumbs/N64/everdrive64-n64-v3-n64-cartridge-label.jpg,Everdrive64 n64 V3,36745
Labels/thumbs/N64/Everdrive64_n64_V4.jpg,Labels/thumbs/N64/everdrive64-n64-v4-n64-cartridge-label.jpg,Everdrive64 n64 V4,45557
Labels/thumbs/N64/Everdrive64_n64_V5.jpg,Labels/thumbs/N64/everdrive64-n64-v5-n64-cartridge-label.jpg,Everdrive64 n64 V5,42074
Labels/thumbs/N64/Everdrive64_n64_V6.jpg,Labels/thumbs/N64/everdrive64-n64-v6-n64-cartridge-label.jpg,Everdrive64 n64 V6,61975
Labels/thumbs/N64/Everdrive64_n64_V7.jpg,Labels/thumbs/N64/everdrive64-n64-v7-n64-cartridge-label.jpg,Everdrive64 n64 V7,48675
Labels/thumbs/N64/Everdrive64_n64_VX.jpg,Labels/thumbs/N64/everdrive64-n64-vx-n64-cartridge-label.jpg,Everdrive64 n64 VX,34163
Labels/thumbs/N64/EverdriveBlack_n64_V1.jpg,Labels/thumbs/N64/everdrive-black-n64-v1-n64-cartridge-label.jpg,Everdrive Black n64 V1,21784
Labels/thumbs/N64/EverdriveBlack_n64_V2.jpg,Labels/thumbs/N64/everdrive-black-n64-v2-n64-cartridge-label.jpg,Everdrive Black n64 V2,11251
Labels/thumbs/N64/EverdriveMario_n64_V1.jpg,Labels/thumbs/N64/everdrive-mario-n64-v1-n64-cartridge-label.jpg,Everdrive Mario n64 V1,55659
Labels/thumbs/N64/EverdriveMario_n64_V2.jpg,Labels/thumbs/N64/everdrive-mario-n64-v2-n64-cartridge-label.jpg,Everdrive Mario n64 V2,58231
Labels/thumbs/N64/EverdriveMario_n64_V3.jpg,Labels/thumbs/N64/everdrive-mario-n64-v3-n64-cartridge-label.jpg,Everdrive Mario n64 V3,63365
Labels/thumbs/N64/EverdriveMario_n64_V4.jpg,Labels/thumbs/N64/everdrive-mario-n64-v4-n64-cartridge-label.jpg,Everdrive Mario n64 V4,44432
Labels/thumbs/N64/EverdriveVersion5.jpg,Labels/thumbs/N64/everdrive-version5-n64-cartridge-label.jpg,Everdrive Version5,29643
Labels/thumbs/N64/EverdriveWhite_n64_V1.jpg,Labels/thumbs/N64/everdrive-white-n64-v1-n64-cartridge-label.jpg,Everdrive White n64 V1,20969
Labels/thumbs/N64/EverdriveWhite_n64_V2.jpg,Labels/thumbs/N64/everdrive-white-n64-v2-n64-cartridge-label.jpg,Everdrive White n64 V2,12011
Labels/thumbs/N64/EverdriveX5.jpg,Labels/thumbs/N64/everdrive-x5-n64-cartridge-label.jpg,Everdrive X5,29156
Labels/thumbs/N64/F-Zero X.jpg,Labels/thumbs/N64/f-zero-x-n64-cartridge-label.jpg,F Zero X,49668
Labels/thumbs/N64/F1 Pole Position 64.jpg,Labels/thumbs/N64/f1-pole-position-64-n64-cartridge-label.jpg,F1 Pole Position 64,54975
Labels/thumbs/N64/F1 World Grandprix _N64_V0.jpg,Labels/thumbs/N64/f1-world-grandprix-n64-v0-n64-cartridge-label.jpg,F1 World Grandprix  N64 V0,52719
Labels/thumbs/N64/Fightersdestiny _N64_V0.jpg,Labels/thumbs/N64/fightersdestiny-n64-v0-n64-cartridge-label.jpg,Fightersdestiny  N64 V0,51046
Labels/thumbs/N64/Gex 64 Enter the Gecko.jpg,Labels/thumbs/N64/gex-64-enter-the-gecko-n64-cartridge-label.jpg,Gex 64 Enter the Gecko,37203
Labels/thumbs/N64/GoldenEye 007_n64_V0.jpg,Labels/thumbs/N64/goldeneye-007-n64-v0-n64-cartridge-label.jpg,GoldenEye 007 n64 V0,43336
Labels/thumbs/N64/GoldenEye 007_n64_V1.jpg,Labels/thumbs/N64/golden-eye-007-n64-v1-n64-cartridge-label.jpg,Golden Eye 007 n64 V1,42222
Labels/thumbs/N64/GoldenEye 007_n64_V2.jpg,Labels/thumbs/N64/golden-eye-007-n64-v2-n64-cartridge-label.jpg,Golden Eye 007 n64 V2,41415
Labels/thumbs/N64/GoldenEye 007_n64_V3.jpg,Labels/thumbs/N64/golden-eye-007-n64-v3-n64-cartridge-label.jpg,Golden Eye 007 n64 V3,42263
Labels/thumbs/N64/GoldenEye 007_n64_V4.jpg,Labels/thumbs/N64/golden-eye-007-n64-v4-n64-cartridge-label.jpg,Golden Eye 007 n64 V4,45894
Labels/thumbs/N64/Harvest Moon 64 _n64_V1.jpg,Labels/thumbs/N64/harvest-moon-64-n64-v1-n64-cartridge-label.jpg,Harvest Moon 64 n64 V1,62185
Labels/thumbs/N64/Indianajones _N64_V0.jpg,Labels/thumbs/N64/indianajones-n64-v0-n64-cartridge-label.jpg,Indianajones  N64 V0,41206
Labels/thumbs/N64/IndianaJonesInfernalMachine_n64_V1.jpg,Labels/thumbs/N64/indiana-jones-infernal-machine-n64-v1-n64-cartridge-label.jpg,Indiana Jones Infernal Machine n64 V1,54371
Labels/thumbs/N64/IndianaJonesInfernalMachine_n64_V2.jpg,Labels/thumbs/N64/indiana-jones-infernal-machine-n64-v2-n64-cartridge-label.jpg,Indiana Jones Infernal Machine n64 V2,52055
Labels/thumbs/N64/IndianaJonesInfernalMachine_n64_V3.jpg,Labels/thumbs/N64/indiana-jones-infernal-machine-n64-v3-n64-cartridge-label.jpg,Indiana Jones Infernal Machine n64 V3,48942
Labels/thumbs/N64/International Superstar Soccer 64.jpg,Labels/thumbs/N64/international-superstar-soccer-64-n64-cartridge-label.jpg,International Superstar Soccer 64,44133
Labels/thumbs/N64/Jet Force Gemini.jpg,Labels/thumbs/N64/jet-force-gemini-n64-cartridge-label.jpg,Jet Force Gemini,26732
Labels/thumbs/N64/Jet Force Gemini_n64_V1.jpg,Labels/thumbs/N64/jet-force-gemini-n64-v1-n64-cartridge-label.jpg,Jet Force Gemini n64 V1,52182
Labels/thumbs/N64/Jet Force Gemini_n64_V2.jpg,Labels/thumbs/N64/jet-force-gemini-n64-v2-n64-cartridge-label.jpg,Jet Force Gemini n64 V2,52907
Labels/thumbs/N64/Jet Force Gemini_n64_V3.jpg,Labels/thumbs/N64/jet-force-gemini-n64-v3-n64-cartridge-label.jpg,Jet Force Gemini n64 V3,54419
Labels/thumbs/N64/Killer Instinct Gold.jpg,Labels/thumbs/N64/killer-instinct-gold-n64-cartridge-label.jpg,Killer Instinct Gold,38646
Labels/thumbs/N64/Kirby 64 -The Crystal Shards.jpg,Labels/thumbs/N64/kirby-64-the-crystal-shards-n64-cartridge-label.jpg,Kirby 64  The Crystal Shards,48193
Labels/thumbs/N64/Label Traseiro Americano.jpg,Labels/thumbs/N64/label-traseiro-americano-n64-cartridge-label.jpg,Label Traseiro Americano,36630
Labels/thumbs/N64/Label Traseiro Japones.jpg,Labels/thumbs/N64/label-traseiro-japones-n64-cartridge-label.jpg,Label Traseiro Japones,32469
Labels/thumbs/N64/label_n64_007worldisnotenough_eu_thumb.jpg,Labels/thumbs/N64/label-n64-007worldisnotenough-eu-thumb-n64-cartridge-label.jpg,label n64 007worldisnotenough eu thumb,37722
Labels/thumbs/N64/label_n64_1080snowboarding_thumb.jpg,Labels/thumbs/N64/label-n64-1080snowboarding-thumb-n64-cartridge-label.jpg,label n64 1080snowboarding thumb,46537
Labels/thumbs/N64/label_n64_aerofightersassault_eu_thumb.jpg,Labels/thumbs/N64/label-n64-aerofightersassault-eu-thumb-n64-cartridge-label.jpg,label n64 aerofightersassault eu thumb,41112
Labels/thumbs/N64/label_n64_allstarbaseball99_thumb.jpg,Labels/thumbs/N64/label-n64-allstarbaseball99-thumb-n64-cartridge-label.jpg,label n64 allstarbaseball99 thumb,45464
Labels/thumbs/N64/label_n64_cruisnusa_thumb.jpg,Labels/thumbs/N64/label-n64-cruisnusa-thumb-n64-cartridge-label.jpg,label n64 cruisnusa thumb,45021
Labels/thumbs/N64/label_n64_donkeykong64_thumb.jpg,Labels/thumbs/N64/label-n64-donkeykong64-thumb-n64-cartridge-label.jpg,label n64 donkeykong64 thumb,51541
Labels/thumbs/N64/label_n64_earthwormjim3d_eu_thumb.jpg,Labels/thumbs/N64/label-n64-earthwormjim3d-eu-thumb-n64-cartridge-label.jpg,label n64 earthwormjim3d eu thumb,36463
Labels/thumbs/N64/label_n64_excitebike64.jpg,Labels/thumbs/N64/label-n64-excitebike64-n64-cartridge-label.jpg,label n64 excitebike64,49569
Labels/thumbs/N64/label_n64_excitebike64_thumb.jpg,Labels/thumbs/N64/label-n64-excitebike64-thumb-n64-cartridge-label.jpg,label n64 excitebike64 thumb,48551
Labels/thumbs/N64/label_n64_goemonsgreatadventure_thumb.jpg,Labels/thumbs/N64/label-n64-goemonsgreatadventure-thumb-n64-cartridge-label.jpg,label n64 goemonsgreatadventure thumb,55512
Labels/thumbs/N64/label_n64_gt64championshipedition_thumb.jpg,Labels/thumbs/N64/label-n64-gt64championshipedition-thumb-n64-cartridge-label.jpg,label n64 gt64championshipedition thumb,43652
Labels/thumbs/N64/label_n64_legendofzeldamajorasmask_eu_thumb.jpg,Labels/thumbs/N64/label-n64-legendofzeldamajorasmask-eu-thumb-n64-cartridge-label.jpg,label n64 legendofzeldamajorasmask eu thumb,46982
Labels/thumbs/N64/label_n64_mariokart64_thumb.jpg,Labels/thumbs/N64/label-n64-mariokart64-thumb-n64-cartridge-label.jpg,label n64 mariokart64 thumb,55653
Labels/thumbs/N64/label_n64_mortalkombat4_thumb.jpg,Labels/thumbs/N64/label-n64-mortalkombat4-thumb-n64-cartridge-label.jpg,label n64 mortalkombat4 thumb,28258
Labels/thumbs/N64/label_n64_nascar2000_eu_thumb.jpg,Labels/thumbs/N64/label-n64-nascar2000-eu-thumb-n64-cartridge-label.jpg,label n64 nascar2000 eu thumb,48185
Labels/thumbs/N64/label_n64_sfrush2049_thumb.jpg,Labels/thumbs/N64/label-n64-sfrush2049-thumb-n64-cartridge-label.jpg,label n64 sfrush2049 thumb,46401
Labels/thumbs/N64/Mario Golf.jpg,Labels/thumbs/N64/mario-golf-n64-cartridge-label.jpg,Mario Golf,50539
Labels/thumbs/N64/Mario Kart 64 PAL.jpg,Labels/thumbs/N64/mario-kart-64-pal-n64-cartridge-label.jpg,Mario Kart 64 PAL,44990
Labels/thumbs/N64/Mario Party 2.jpg,Labels/thumbs/N64/mario-party-2-n64-cartridge-label.jpg,Mario Party 2,55346
Labels/thumbs/N64/Mario Party 3.jpg,Labels/thumbs/N64/mario-party-3-n64-cartridge-label.jpg,Mario Party 3,55771
Labels/thumbs/N64/Mario Party.jpg,Labels/thumbs/N64/mario-party-n64-cartridge-label.jpg,Mario Party,44890
Labels/thumbs/N64/Mario Tennis.jpg,Labels/thumbs/N64/mario-tennis-n64-cartridge-label.jpg,Mario Tennis,43399
Labels/thumbs/N64/MarioKart64_n64_V1.jpg,Labels/thumbs/N64/mario-kart64-n64-v1-n64-cartridge-label.jpg,Mario Kart64 n64 V1,52392
Labels/thumbs/N64/mariokart64_NTSC.jpg,Labels/thumbs/N64/mariokart64-ntsc-n64-cartridge-label.jpg,mariokart64 NTSC,53058
Labels/thumbs/N64/mariokart64_NTSC_.jpg,Labels/thumbs/N64/mariokart64-ntsc-n64-cartridge-label-2.jpg,mariokart64 NTSC,57183
Labels/thumbs/N64/mariokart64_PAL.jpg,Labels/thumbs/N64/mariokart64-pal-n64-cartridge-label.jpg,mariokart64 PAL,46636
Labels/thumbs/N64/Mischief Makers label.jpg,Labels/thumbs/N64/mischief-makers-label-n64-cartridge-label.jpg,Mischief Makers label,38505
Labels/thumbs/N64/Mission Impossible _N64_V0.jpg,Labels/thumbs/N64/mission-impossible-n64-v0-n64-cartridge-label.jpg,Mission Impossible  N64 V0,43921
Labels/thumbs/N64/Mission Impossible.jpg,Labels/thumbs/N64/mission-impossible-n64-cartridge-label.jpg,Mission Impossible,44197
Labels/thumbs/N64/Mortal Kombat 4.jpg,Labels/thumbs/N64/mortal-kombat-4-n64-cartridge-label.jpg,Mortal Kombat 4,28031
Labels/thumbs/N64/Mortal Kombat Mythologies.jpg,Labels/thumbs/N64/mortal-kombat-mythologies-n64-cartridge-label.jpg,Mortal Kombat Mythologies,49300
Labels/thumbs/N64/Mortal Kombat Trilogy _N64_V0.jpg,Labels/thumbs/N64/mortal-kombat-trilogy-n64-v0-n64-cartridge-label.jpg,Mortal Kombat Trilogy  N64 V0,34160
Labels/thumbs/N64/N64 Label Template V2.jpg,Labels/thumbs/N64/n64-label-template-v2-n64-cartridge-label.jpg,N64 Label Template V2,27555
Labels/thumbs/N64/N64 Label Template_2025.jpg,Labels/thumbs/N64/n64-label-template-2025-n64-cartridge-label.jpg,N64 Label Template 2025,63548
Labels/thumbs/N64/N64 Label Template_2026.jpg,Labels/thumbs/N64/n64-label-template-2026-n64-cartridge-label.jpg,N64 Label Template 2026,62185
Labels/thumbs/N64/n64_n64usarear_label.jpg,Labels/thumbs/N64/n64-n64usarear-label-n64-cartridge-label.jpg,n64 n64usarear label,36630
Labels/thumbs/N64/n64_starwarsepisode1racer_label_thumb.jpg,Labels/thumbs/N64/n64-starwarsepisode1racer-label-thumb-n64-cartridge-label.jpg,n64 starwarsepisode1racer label thumb,49806
Labels/thumbs/N64/n64_turokragewars_label_thumb.jpg,Labels/thumbs/N64/n64-turokragewars-label-thumb-n64-cartridge-label.jpg,n64 turokragewars label thumb,49299
Labels/thumbs/N64/n64_vigilante82ndoffence_label.jpg,Labels/thumbs/N64/n64-vigilante82ndoffence-label-n64-cartridge-label.jpg,n64 vigilante82ndoffence label,29510
Labels/thumbs/N64/n64_wwfwarzone_label.jpg,Labels/thumbs/N64/n64-wwfwarzone-label-n64-cartridge-label.jpg,n64 wwfwarzone label,38142
Labels/thumbs/N64/n64_zeldaoot_label_thumb.jpg,Labels/thumbs/N64/n64-zeldaoot-label-thumb-n64-cartridge-label.jpg,n64 zeldaoot label thumb,36578
Labels/thumbs/N64/N64LABELTEMPLATE.jpg,Labels/thumbs/N64/n64labeltemplate-n64-cartridge-label.jpg,N64LABELTEMPLATE,35932
Labels/thumbs/N64/Namco Museum _N64_V0.jpg,Labels/thumbs/N64/namco-museum-n64-v0-n64-cartridge-label.jpg,Namco Museum  N64 V0,44942
Labels/thumbs/N64/Nicromachines _N64_V0.jpg,Labels/thumbs/N64/nicromachines-n64-v0-n64-cartridge-label.jpg,Nicromachines  N64 V0,47393
Labels/thumbs/N64/nus-njfp-eur-cb.jpg,Labels/thumbs/N64/nus-njfp-eur-cb-n64-cartridge-label.jpg,nus njfp eur cb,26732
Labels/thumbs/N64/Ogre Battle 64_n64_V1.jpg,Labels/thumbs/N64/ogre-battle-64-n64-v1-n64-cartridge-label.jpg,Ogre Battle 64 n64 V1,52841
Labels/thumbs/N64/Ogre Battle 64_n64_V2.jpg,Labels/thumbs/N64/ogre-battle-64-n64-v2-n64-cartridge-label.jpg,Ogre Battle 64 n64 V2,50142
Labels/thumbs/N64/Paper Mario _n64_V1.jpg,Labels/thumbs/N64/paper-mario-n64-v1-n64-cartridge-label.jpg,Paper Mario n64 V1,49628
Labels/thumbs/N64/PaperMarioMasterQuestJR_n64_v1.jpg,Labels/thumbs/N64/paper-mario-master-quest-jr-n64-v1-n64-cartridge-label.jpg,Paper Mario Master Quest JR n64 v1,58543
Labels/thumbs/N64/PaperMarioMasterQuestJR_n64_v2.jpg,Labels/thumbs/N64/paper-mario-master-quest-jr-n64-v2-n64-cartridge-label.jpg,Paper Mario Master Quest JR n64 v2,59272
Labels/thumbs/N64/Pilot Wings 64.jpg,Labels/thumbs/N64/pilot-wings-64-n64-cartridge-label.jpg,Pilot Wings 64,42183
Labels/thumbs/N64/Pokemon Puzzle League _n64_V1.jpg,Labels/thumbs/N64/pokemon-puzzle-league-n64-v1-n64-cartridge-label.jpg,Pokemon Puzzle League n64 V1,54835
Labels/thumbs/N64/Pokemon Puzzle League.jpg,Labels/thumbs/N64/pokemon-puzzle-league-n64-cartridge-label.jpg,Pokemon Puzzle League,56327
Labels/thumbs/N64/Pokemon Snap.jpg,Labels/thumbs/N64/pokemon-snap-n64-cartridge-label.jpg,Pokemon Snap,51615
Labels/thumbs/N64/Pokemon Stadium 2.jpg,Labels/thumbs/N64/pokemon-stadium-2-n64-cartridge-label.jpg,Pokemon Stadium 2,46719
Labels/thumbs/N64/PokemonStadium_n64_V1.jpg,Labels/thumbs/N64/pokemon-stadium-n64-v1-n64-cartridge-label.jpg,Pokemon Stadium n64 V1,51868
Labels/thumbs/N64/PokemonStadium_n64_V2.jpg,Labels/thumbs/N64/pokemon-stadium-n64-v2-n64-cartridge-label.jpg,Pokemon Stadium n64 V2,53512
Labels/thumbs/N64/Quake II.jpg,Labels/thumbs/N64/quake-ii-n64-cartridge-label.jpg,Quake II,47495
Labels/thumbs/N64/Quake.jpg,Labels/thumbs/N64/quake-n64-cartridge-label.jpg,Quake,47022
Labels/thumbs/N64/Rampage 2 Universal Tour.jpg,Labels/thumbs/N64/rampage-2-universal-tour-n64-cartridge-label.jpg,Rampage 2 Universal Tour,44622
Labels/thumbs/N64/Rampage World Tour.jpg,Labels/thumbs/N64/rampage-world-tour-n64-cartridge-label.jpg,Rampage World Tour,45301
Labels/thumbs/N64/Rayman2.jpg,Labels/thumbs/N64/rayman2-n64-cartridge-label.jpg,Rayman2,49014
Labels/thumbs/N64/RE2.jpg,Labels/thumbs/N64/re2-n64-cartridge-label.jpg,RE2,38341
Labels/thumbs/N64/RE2v2.jpg,Labels/thumbs/N64/re2v2-n64-cartridge-label.jpg,RE2v2,47800
Labels/thumbs/N64/RE2v3.jpg,Labels/thumbs/N64/re2v3-n64-cartridge-label.jpg,RE2v3,43026
Labels/thumbs/N64/RE2v4.jpg,Labels/thumbs/N64/re2v4-n64-cartridge-label.jpg,RE2v4,44394
Labels/thumbs/N64/RE2v5.jpg,Labels/thumbs/N64/re2v5-n64-cartridge-label.jpg,RE2v5,45856
Labels/thumbs/N64/Red Dead _n64_V1.jpg,Labels/thumbs/N64/red-dead-n64-v1-n64-cartridge-label.jpg,Red Dead n64 V1,45436
Labels/thumbs/N64/RedDead_n64_V2.jpg,Labels/thumbs/N64/red-dead-n64-v2-n64-cartridge-label.jpg,Red Dead n64 V2,51512
Labels/thumbs/N64/Resident Evil 2.jpg,Labels/thumbs/N64/resident-evil-2-n64-cartridge-label.jpg,Resident Evil 2,34248
Labels/thumbs/N64/SC_N64Holo_n64_V1.jpg,Labels/thumbs/N64/sc-n64holo-n64-v1-n64-cartridge-label.jpg,SC N64Holo n64 V1,27555
Labels/thumbs/N64/Shadowman label.jpg,Labels/thumbs/N64/shadowman-label-n64-cartridge-label.jpg,Shadowman label,48015
Labels/thumbs/N64/Smash Remix _n64_VBlue.jpg,Labels/thumbs/N64/smash-remix-n64-v-blue-n64-cartridge-label.jpg,Smash Remix n64 V Blue,51021
Labels/thumbs/N64/Smash Remix_n64_Green.jpg,Labels/thumbs/N64/smash-remix-n64-green-n64-cartridge-label.jpg,Smash Remix n64 Green,51236
Labels/thumbs/N64/Smash Remix_n64_Ppurple.jpg,Labels/thumbs/N64/smash-remix-n64-ppurple-n64-cartridge-label.jpg,Smash Remix n64 Ppurple,50237
Labels/thumbs/N64/SmashRemix_n64_V1.jpg,Labels/thumbs/N64/smash-remix-n64-v1-n64-cartridge-label.jpg,Smash Remix n64 V1,61360
Labels/thumbs/N64/SmashRemix_n64_V2.jpg,Labels/thumbs/N64/smash-remix-n64-v2-n64-cartridge-label.jpg,Smash Remix n64 V2,55061
Labels/thumbs/N64/SmashRemix_n64_V3.jpg,Labels/thumbs/N64/smash-remix-n64-v3-n64-cartridge-label.jpg,Smash Remix n64 V3,53490
Labels/thumbs/N64/South Park.jpg,Labels/thumbs/N64/south-park-n64-cartridge-label.jpg,South Park,48601
Labels/thumbs/N64/Space_ED64_V0.jpg,Labels/thumbs/N64/space-ed64-v0-n64-cartridge-label.jpg,Space ED64 V0,39138
Labels/thumbs/N64/Star Soldier Vanishing Earth _n64_V1.jpg,Labels/thumbs/N64/star-soldier-vanishing-earth-n64-v1-n64-cartridge-label.jpg,Star Soldier Vanishing Earth n64 V1,51519
Labels/thumbs/N64/Star Wars Battle for Naboo label.jpg,Labels/thumbs/N64/star-wars-battle-for-naboo-label-n64-cartridge-label.jpg,Star Wars Battle for Naboo label,44055
Labels/thumbs/N64/Star Wars Episode 1 Racer.jpg,Labels/thumbs/N64/star-wars-episode-1-racer-n64-cartridge-label.jpg,Star Wars Episode 1 Racer,51723
Labels/thumbs/N64/Super Smash Bros  Remix Final N64_V1.jpg,Labels/thumbs/N64/super-smash-bros-remix-final-n64-v1-n64-cartridge-label.jpg,Super Smash Bros Remix Final N64 V1,59890
Labels/thumbs/N64/Super Smash Bros. _n64_V1.jpg,Labels/thumbs/N64/super-smash-bros-n64-v1-n64-cartridge-label.jpg,Super Smash Bros n64 V1,58408
Labels/thumbs/N64/Super Smash Bros. _n64_V2.jpg,Labels/thumbs/N64/super-smash-bros-n64-v2-n64-cartridge-label.jpg,Super Smash Bros n64 V2,63421
Labels/thumbs/N64/Super64_super64_V1.jpg,Labels/thumbs/N64/super64-super64-v1-n64-cartridge-label.jpg,Super64 super64 V1,61747
Labels/thumbs/N64/Super64_super64_V2.jpg,Labels/thumbs/N64/super64-super64-v2-n64-cartridge-label.jpg,Super64 super64 V2,67585
Labels/thumbs/N64/Super64_super64_V2b.jpg,Labels/thumbs/N64/super64-super64-v2b-n64-cartridge-label.jpg,Super64 super64 V2b,61035
Labels/thumbs/N64/Super64_super64_V5.jpg,Labels/thumbs/N64/super64-super64-v5-n64-cartridge-label.jpg,Super64 super64 V5,60145
Labels/thumbs/N64/SuperMario64_n64_V1.jpg,Labels/thumbs/N64/super-mario64-n64-v1-n64-cartridge-label.jpg,Super Mario64 n64 V1,46258
Labels/thumbs/N64/SuperMario64_n64_V2.jpg,Labels/thumbs/N64/super-mario64-n64-v2-n64-cartridge-label.jpg,Super Mario64 n64 V2,47500
Labels/thumbs/N64/SuperMario64_n64_V3.jpg,Labels/thumbs/N64/super-mario64-n64-v3-n64-cartridge-label.jpg,Super Mario64 n64 V3,46179
Labels/thumbs/N64/SuperMario64_n64_V4.jpg,Labels/thumbs/N64/super-mario64-n64-v4-n64-cartridge-label.jpg,Super Mario64 n64 V4,47150
Labels/thumbs/N64/The Legend of Zelda Majora's Mask.jpg,Labels/thumbs/N64/the-legend-of-zelda-majora-s-mask-n64-cartridge-label.jpg,The Legend of Zelda Majora's Mask,45422
Labels/thumbs/N64/The Legend of Zelda Ocarina of Time (2).jpg,Labels/thumbs/N64/the-legend-of-zelda-ocarina-of-time-2-n64-cartridge-label.jpg,The Legend of Zelda Ocarina of Time (2),29603
Labels/thumbs/N64/The Legend of Zelda Ocarina of Time.jpg,Labels/thumbs/N64/the-legend-of-zelda-ocarina-of-time-n64-cartridge-label.jpg,The Legend of Zelda Ocarina of Time,36666
Labels/thumbs/N64/Tony Hawk's Pro Skater.jpg,Labels/thumbs/N64/tony-hawk-s-pro-skater-n64-cartridge-label.jpg,Tony Hawk's Pro Skater,44018
Labels/thumbs/N64/Turok 2 Seeds of Evil.jpg,Labels/thumbs/N64/turok-2-seeds-of-evil-n64-cartridge-label.jpg,Turok 2 Seeds of Evil,62920
Labels/thumbs/N64/Turok Dinosaur Hunter.jpg,Labels/thumbs/N64/turok-dinosaur-hunter-n64-cartridge-label.jpg,Turok Dinosaur Hunter,46695
Labels/thumbs/N64/Turok Rage Wars.jpg,Labels/thumbs/N64/turok-rage-wars-n64-cartridge-label.jpg,Turok Rage Wars,50512
Labels/thumbs/N64/Wayne Gretzky's 3D Hockey.jpg,Labels/thumbs/N64/wayne-gretzky-s-3d-hockey-n64-cartridge-label.jpg,Wayne Gretzky's 3D Hockey,41017
Labels/thumbs/N64/World Cup '98.jpg,Labels/thumbs/N64/world-cup-98-n64-cartridge-label.jpg,World Cup '98,30322
Labels/thumbs/NeoGeo/164-in1.jpg,Labels/thumbs/NeoGeo/164-in1-neogeo-cartridge-label.jpg,164 in1,62543
Labels/thumbs/NeoGeo/2020 Baseball MVS V.1.jpg,Labels/thumbs/NeoGeo/2020-baseball-mvs-v-1-neogeo-cartridge-label.jpg,2020 Baseball MVS V 1,8760
Labels/thumbs/NeoGeo/2020 Baseball MVS v.2.jpg,Labels/thumbs/NeoGeo/2020-baseball-mvs-v-2-neogeo-cartridge-label.jpg,2020 Baseball MVS v 2,11209
Labels/thumbs/NeoGeo/8Man_MVS.jpg,Labels/thumbs/NeoGeo/8man-mvs-neogeo-cartridge-label.jpg,8Man MVS,5094
Labels/thumbs/NeoGeo/Aero Fighters 2 _NeoGeoV1.jpg,Labels/thumbs/NeoGeo/aero-fighters-2-neo-geo-v1-neogeo-cartridge-label.jpg,Aero Fighters 2 Neo Geo V1,37256
Labels/thumbs/NeoGeo/Aero Fighters 2.jpg,Labels/thumbs/NeoGeo/aero-fighters-2-neogeo-cartridge-label.jpg,Aero Fighters 2,38887
Labels/thumbs/NeoGeo/Agressors of Dark Combat  _NeoGeoV1.jpg,Labels/thumbs/NeoGeo/agressors-of-dark-combat-neo-geo-v1-neogeo-cartridge-label.jpg,Agressors of Dark Combat Neo Geo V1,52922
Labels/thumbs/NeoGeo/AlphaMissionII_MVS.jpg,Labels/thumbs/NeoGeo/alpha-mission-ii-mvs-neogeo-cartridge-label.jpg,Alpha Mission II MVS,6939
Labels/thumbs/NeoGeo/ART OF FIGHTING 2 USA restaurado pelo Leandro Marcondes.jpg,Labels/thumbs/NeoGeo/art-of-fighting-2-usa-restaurado-pelo-leandro-marcondes-neogeo-cartridge-label.jpg,ART OF FIGHTING 2 USA restaurado pelo Leandro Marcondes,38873
Labels/thumbs/NeoGeo/Art of Fighting 2_NeoGeoV1.jpg,Labels/thumbs/NeoGeo/art-of-fighting-2-neo-geo-v1-neogeo-cartridge-label.jpg,Art of Fighting 2 Neo Geo V1,37965
Labels/thumbs/NeoGeo/Art of Fighting _NeoGeoV1.jpg,Labels/thumbs/NeoGeo/art-of-fighting-neo-geo-v1-neogeo-cartridge-label.jpg,Art of Fighting Neo Geo V1,47197
Labels/thumbs/NeoGeo/Art of Fighting _NeoGeoV2.jpg,Labels/thumbs/NeoGeo/art-of-fighting-neo-geo-v2-neogeo-cartridge-label.jpg,Art of Fighting Neo Geo V2,42979
Labels/thumbs/NeoGeo/BackBit.jpg,Labels/thumbs/NeoGeo/back-bit-neogeo-cartridge-label.jpg,Back Bit,8430
Labels/thumbs/NeoGeo/bbs2.jpg,Labels/thumbs/NeoGeo/bbs2-neogeo-cartridge-label.jpg,bbs2,6584
Labels/thumbs/NeoGeo/Blazing Star  _NeoGeoV1.jpg,Labels/thumbs/NeoGeo/blazing-star-neo-geo-v1-neogeo-cartridge-label.jpg,Blazing Star Neo Geo V1,45783
Labels/thumbs/NeoGeo/burning Fight.jpg,Labels/thumbs/NeoGeo/burning-fight-neogeo-cartridge-label.jpg,burning Fight,47776
Labels/thumbs/NeoGeo/Bust A Move.jpg,Labels/thumbs/NeoGeo/bust-a-move-neogeo-cartridge-label.jpg,Bust A Move,6675
Labels/thumbs/NeoGeo/Choutetsu Brikin_ger.jpg,Labels/thumbs/NeoGeo/choutetsu-brikin-ger-neogeo-cartridge-label.jpg,Choutetsu Brikin ger,42633
Labels/thumbs/NeoGeo/darksoftmultmvs _NeoGeoMVS_01.jpg,Labels/thumbs/NeoGeo/darksoftmultmvs-neo-geo-mvs-01-neogeo-cartridge-label.jpg,darksoftmultmvs Neo Geo MVS 01,40485
Labels/thumbs/NeoGeo/darksoftmultmvs _NeoGeoMVS_02.jpg,Labels/thumbs/NeoGeo/darksoftmultmvs-neo-geo-mvs-02-neogeo-cartridge-label.jpg,darksoftmultmvs Neo Geo MVS 02,42514
Labels/thumbs/NeoGeo/Double Dragon.jpg,Labels/thumbs/NeoGeo/double-dragon-neogeo-cartridge-label.jpg,Double Dragon,56039
Labels/thumbs/NeoGeo/Fatal Fury _NeoGeoV1.jpg,Labels/thumbs/NeoGeo/fatal-fury-neo-geo-v1-neogeo-cartridge-label.jpg,Fatal Fury Neo Geo V1,45467
Labels/thumbs/NeoGeo/Fatal Fury Special MVS V.1.jpg,Labels/thumbs/NeoGeo/fatal-fury-special-mvs-v-1-neogeo-cartridge-label.jpg,Fatal Fury Special MVS V 1,6430
Labels/thumbs/NeoGeo/Fatal Fury Special.jpg,Labels/thumbs/NeoGeo/fatal-fury-special-neogeo-cartridge-label.jpg,Fatal Fury Special,5882
Labels/thumbs/NeoGeo/FATAL-FURY-SPECIAL-US-LABEL-REBUILT-ALT.jpg,Labels/thumbs/NeoGeo/fatal-fury-special-us-label-rebuilt-alt-neogeo-cartridge-label.jpg,FATAL FURY SPECIAL US LABEL REBUILT ALT,55440
Labels/thumbs/NeoGeo/ff2_custom.jpg,Labels/thumbs/NeoGeo/ff2-custom-neogeo-cartridge-label.jpg,ff2 custom,10957
Labels/thumbs/NeoGeo/Final Romance 2 _NeoGeoV1.jpg,Labels/thumbs/NeoGeo/final-romance-2-neo-geo-v1-neogeo-cartridge-label.jpg,Final Romance 2 Neo Geo V1,56367
Labels/thumbs/NeoGeo/Final Vendetta MVS V.1.jpg,Labels/thumbs/NeoGeo/final-vendetta-mvs-v-1-neogeo-cartridge-label.jpg,Final Vendetta MVS V 1,9844
Labels/thumbs/NeoGeo/footballfrenzy_MVS.jpg,Labels/thumbs/NeoGeo/footballfrenzy-mvs-neogeo-cartridge-label.jpg,footballfrenzy MVS,7386
Labels/thumbs/NeoGeo/ganryu.jpg,Labels/thumbs/NeoGeo/ganryu-neogeo-cartridge-label.jpg,ganryu,46460
Labels/thumbs/NeoGeo/Garou Mark of the Wolves.jpg,Labels/thumbs/NeoGeo/garou-mark-of-the-wolves-neogeo-cartridge-label.jpg,Garou Mark of the Wolves,7460
Labels/thumbs/NeoGeo/Ghost Pilots MVS v.1.jpg,Labels/thumbs/NeoGeo/ghost-pilots-mvs-v-1-neogeo-cartridge-label.jpg,Ghost Pilots MVS v 1,7096
Labels/thumbs/NeoGeo/Ghost Pilots.jpg,Labels/thumbs/NeoGeo/ghost-pilots-neogeo-cartridge-label.jpg,Ghost Pilots,6496
Labels/thumbs/NeoGeo/GhostLop _NeoGeoV1.jpg,Labels/thumbs/NeoGeo/ghost-lop-neo-geo-v1-neogeo-cartridge-label.jpg,Ghost Lop Neo Geo V1,56504
Labels/thumbs/NeoGeo/GoalGoalGoal _NeoGeoV1.jpg,Labels/thumbs/NeoGeo/goal-goal-goal-neo-geo-v1-neogeo-cartridge-label.jpg,Goal Goal Goal Neo Geo V1,46099
Labels/thumbs/NeoGeo/Ironclad MVS v.2.jpg,Labels/thumbs/NeoGeo/ironclad-mvs-v-2-neogeo-cartridge-label.jpg,Ironclad MVS v 2,9276
Labels/thumbs/NeoGeo/Jockey Grand Prix _NeoGeoV1.jpg,Labels/thumbs/NeoGeo/jockey-grand-prix-neo-geo-v1-neogeo-cartridge-label.jpg,Jockey Grand Prix Neo Geo V1,39590
Labels/thumbs/NeoGeo/Karnovs Revenge  _NeoGeoV1.jpg,Labels/thumbs/NeoGeo/karnovs-revenge-neo-geo-v1-neogeo-cartridge-label.jpg,Karnovs Revenge Neo Geo V1,37929
Labels/thumbs/NeoGeo/King of Fighters 10TH Anniversary Edition.jpg,Labels/thumbs/NeoGeo/king-of-fighters-10th-anniversary-edition-neogeo-cartridge-label.jpg,King of Fighters 10TH Anniversary Edition,9499
Labels/thumbs/NeoGeo/King of Fighters 2000 _NeoGeoV1.jpg,Labels/thumbs/NeoGeo/king-of-fighters-2000-neo-geo-v1-neogeo-cartridge-label.jpg,King of Fighters 2000 Neo Geo V1,38326
Labels/thumbs/NeoGeo/King of Fighters 2000 _NeoGeoV2.jpg,Labels/thumbs/NeoGeo/king-of-fighters-2000-neo-geo-v2-neogeo-cartridge-label.jpg,King of Fighters 2000 Neo Geo V2,47845
Labels/thumbs/NeoGeo/King of Fighters 2000 _NeoGeoV3.jpg,Labels/thumbs/NeoGeo/king-of-fighters-2000-neo-geo-v3-neogeo-cartridge-label.jpg,King of Fighters 2000 Neo Geo V3,41433
Labels/thumbs/NeoGeo/King of Fighters 2000 _NeoGeoV4.jpg,Labels/thumbs/NeoGeo/king-of-fighters-2000-neo-geo-v4-neogeo-cartridge-label.jpg,King of Fighters 2000 Neo Geo V4,41818
Labels/thumbs/NeoGeo/King of Fighters 2000 _NeoGeoV5.jpg,Labels/thumbs/NeoGeo/king-of-fighters-2000-neo-geo-v5-neogeo-cartridge-label.jpg,King of Fighters 2000 Neo Geo V5,39298
Labels/thumbs/NeoGeo/King of Fighters 20003 _NeoGeoV1.jpg,Labels/thumbs/NeoGeo/king-of-fighters-20003-neo-geo-v1-neogeo-cartridge-label.jpg,King of Fighters 20003 Neo Geo V1,44405
Labels/thumbs/NeoGeo/King of Fighters 2002 JP _NeoGeoV1.jpg,Labels/thumbs/NeoGeo/king-of-fighters-2002-jp-neo-geo-v1-neogeo-cartridge-label.jpg,King of Fighters 2002 JP Neo Geo V1,48555
Labels/thumbs/NeoGeo/King of Fighters 2003.jpg,Labels/thumbs/NeoGeo/king-of-fighters-2003-neogeo-cartridge-label.jpg,King of Fighters 2003,9451
Labels/thumbs/NeoGeo/King of Fighters MVS_TEMPLATE.jpg,Labels/thumbs/NeoGeo/king-of-fighters-mvs-template-neogeo-cartridge-label.jpg,King of Fighters MVS TEMPLATE,9429
Labels/thumbs/NeoGeo/KingofMonsters_NeoGeoV1.jpg,Labels/thumbs/NeoGeo/kingof-monsters-neo-geo-v1-neogeo-cartridge-label.jpg,Kingof Monsters Neo Geo V1,48287
Labels/thumbs/NeoGeo/KingofMonsters_NeoGeoV2.jpg,Labels/thumbs/NeoGeo/kingof-monsters-neo-geo-v2-neogeo-cartridge-label.jpg,Kingof Monsters Neo Geo V2,50784
Labels/thumbs/NeoGeo/Kizuna Encounter _NeoGeoV1.jpg,Labels/thumbs/NeoGeo/kizuna-encounter-neo-geo-v1-neogeo-cartridge-label.jpg,Kizuna Encounter Neo Geo V1,43373
Labels/thumbs/NeoGeo/Kizuna Encounter Super Tag Battle MVS V.1.jpg,Labels/thumbs/NeoGeo/kizuna-encounter-super-tag-battle-mvs-v-1-neogeo-cartridge-label.jpg,Kizuna Encounter Super Tag Battle MVS V 1,7502
Labels/thumbs/NeoGeo/Kizuna Encounter Super Tag Battle MVS V.1111.jpg,Labels/thumbs/NeoGeo/kizuna-encounter-super-tag-battle-mvs-v-1111-neogeo-cartridge-label.jpg,Kizuna Encounter Super Tag Battle MVS V 1111,7460
Labels/thumbs/NeoGeo/Kizuna Encounter.jpg,Labels/thumbs/NeoGeo/kizuna-encounter-neogeo-cartridge-label.jpg,Kizuna Encounter,6849
Labels/thumbs/NeoGeo/kizuna encouter.jpg,Labels/thumbs/NeoGeo/kizuna-encouter-neogeo-cartridge-label.jpg,kizuna encouter,49786
Labels/thumbs/NeoGeo/kof 95.jpg,Labels/thumbs/NeoGeo/kof-95-neogeo-cartridge-label.jpg,kof 95,46440
Labels/thumbs/NeoGeo/KOF97 _NeoGeoV1.jpg,Labels/thumbs/NeoGeo/kof97-neo-geo-v1-neogeo-cartridge-label.jpg,KOF97 Neo Geo V1,46107
Labels/thumbs/NeoGeo/Label Blazing Star AES.jpg,Labels/thumbs/NeoGeo/label-blazing-star-aes-neogeo-cartridge-label.jpg,Label Blazing Star AES,48942
Labels/thumbs/NeoGeo/Label NAM 1975.jpg,Labels/thumbs/NeoGeo/label-nam-1975-neogeo-cartridge-label.jpg,Label NAM 1975,61801
Labels/thumbs/NeoGeo/Last Blade _NeoGeoV1.jpg,Labels/thumbs/NeoGeo/last-blade-neo-geo-v1-neogeo-cartridge-label.jpg,Last Blade Neo Geo V1,49225
Labels/thumbs/NeoGeo/LAST HOPE LABEL.jpg,Labels/thumbs/NeoGeo/last-hope-label-neogeo-cartridge-label.jpg,LAST HOPE LABEL,40256
Labels/thumbs/NeoGeo/Last Resort _NeoGeoV1.jpg,Labels/thumbs/NeoGeo/last-resort-neo-geo-v1-neogeo-cartridge-label.jpg,Last Resort Neo Geo V1,45949
Labels/thumbs/NeoGeo/Last Resort _NeoGeoV2.jpg,Labels/thumbs/NeoGeo/last-resort-neo-geo-v2-neogeo-cartridge-label.jpg,Last Resort Neo Geo V2,64581
Labels/thumbs/NeoGeo/League bowling JP.jpg,Labels/thumbs/NeoGeo/league-bowling-jp-neogeo-cartridge-label.jpg,League bowling JP,48700
Labels/thumbs/NeoGeo/Magician Lord_NeoGeoV1.jpg,Labels/thumbs/NeoGeo/magician-lord-neo-geo-v1-neogeo-cartridge-label.jpg,Magician Lord Neo Geo V1,57771
Labels/thumbs/NeoGeo/Matrimelee  _NeoGeoV1.jpg,Labels/thumbs/NeoGeo/matrimelee-neo-geo-v1-neogeo-cartridge-label.jpg,Matrimelee Neo Geo V1,54887
Labels/thumbs/NeoGeo/Matrimelee  _NeoGeoV2.jpg,Labels/thumbs/NeoGeo/matrimelee-neo-geo-v2-neogeo-cartridge-label.jpg,Matrimelee Neo Geo V2,53343
Labels/thumbs/NeoGeo/Metal Slug 2 _MVS_front.jpg,Labels/thumbs/NeoGeo/metal-slug-2-mvs-front-neogeo-cartridge-label.jpg,Metal Slug 2  MVS front,34736
Labels/thumbs/NeoGeo/Metal Slug 3 _MVS_front.jpg,Labels/thumbs/NeoGeo/metal-slug-3-mvs-front-neogeo-cartridge-label.jpg,Metal Slug 3  MVS front,37665
Labels/thumbs/NeoGeo/Metal Slug 3 _NeoGeoV1.jpg,Labels/thumbs/NeoGeo/metal-slug-3-neo-geo-v1-neogeo-cartridge-label.jpg,Metal Slug 3 Neo Geo V1,47491
Labels/thumbs/NeoGeo/Metal Slug 4 _MVS_front.jpg,Labels/thumbs/NeoGeo/metal-slug-4-mvs-front-neogeo-cartridge-label.jpg,Metal Slug 4  MVS front,47145
Labels/thumbs/NeoGeo/Metal Slug 4 _NeoGeoV1.jpg,Labels/thumbs/NeoGeo/metal-slug-4-neo-geo-v1-neogeo-cartridge-label.jpg,Metal Slug 4 Neo Geo V1,55424
Labels/thumbs/NeoGeo/Metal Slug 5 _MVS_front.jpg,Labels/thumbs/NeoGeo/metal-slug-5-mvs-front-neogeo-cartridge-label.jpg,Metal Slug 5  MVS front,36626
Labels/thumbs/NeoGeo/Metal Slug _NeoGeoV1.jpg,Labels/thumbs/NeoGeo/metal-slug-neo-geo-v1-neogeo-cartridge-label.jpg,Metal Slug Neo Geo V1,38994
Labels/thumbs/NeoGeo/Metal Slug Jap.jpg,Labels/thumbs/NeoGeo/metal-slug-jap-neogeo-cartridge-label.jpg,Metal Slug Jap,46128
Labels/thumbs/NeoGeo/Metal Slug JP _NeoGeoV1.jpg,Labels/thumbs/NeoGeo/metal-slug-jp-neo-geo-v1-neogeo-cartridge-label.jpg,Metal Slug JP Neo Geo V1,43637
Labels/thumbs/NeoGeo/Metal Slug X _MVS_front.jpg,Labels/thumbs/NeoGeo/metal-slug-x-mvs-front-neogeo-cartridge-label.jpg,Metal Slug X  MVS front,39490
Labels/thumbs/NeoGeo/Metal Slug.jpg,Labels/thumbs/NeoGeo/metal-slug-neogeo-cartridge-label.jpg,Metal Slug,34921
Labels/thumbs/NeoGeo/Metal Slug_MVS_front.jpg,Labels/thumbs/NeoGeo/metal-slug-mvs-front-neogeo-cartridge-label.jpg,Metal Slug MVS front,43208
Labels/thumbs/NeoGeo/Multigame 161-1 Series 1 MVS V.1.jpg,Labels/thumbs/NeoGeo/multigame-161-1-series-1-mvs-v-1-neogeo-cartridge-label.jpg,Multigame 161-1 Series 1 MVS V 1,7932
Labels/thumbs/NeoGeo/Multigame 161-1 Series 1 MVS V.2.jpg,Labels/thumbs/NeoGeo/multigame-161-1-series-1-mvs-v-2-neogeo-cartridge-label.jpg,Multigame 161-1 Series 1 MVS V 2,7365
Labels/thumbs/NeoGeo/Multigame 161-1 Series 1 MVS V.3.jpg,Labels/thumbs/NeoGeo/multigame-161-1-series-1-mvs-v-3-neogeo-cartridge-label.jpg,Multigame 161-1 Series 1 MVS V 3,7092
Labels/thumbs/NeoGeo/MultiGame Series 1 _NeoGeoAES_00.jpg,Labels/thumbs/NeoGeo/multi-game-series-1-neo-geo-aes-00-neogeo-cartridge-label.jpg,Multi Game Series 1 Neo Geo AES 00,26674
Labels/thumbs/NeoGeo/MutationNation_MVS.jpg,Labels/thumbs/NeoGeo/mutation-nation-mvs-neogeo-cartridge-label.jpg,Mutation Nation MVS,6935
Labels/thumbs/NeoGeo/MVS 161 in 1 _NeoGeoV1.jpg,Labels/thumbs/NeoGeo/mvs-161-in-1-neo-geo-v1-neogeo-cartridge-label.jpg,MVS 161 in 1 Neo Geo V1,60259
Labels/thumbs/NeoGeo/MVS V.1.jpg,Labels/thumbs/NeoGeo/mvs-v-1-neogeo-cartridge-label.jpg,MVS V 1,7386
Labels/thumbs/NeoGeo/MVS_Template.jpg,Labels/thumbs/NeoGeo/mvs-template-neogeo-cartridge-label.jpg,MVS Template,32213
Labels/thumbs/NeoGeo/NAM-1975 _NeoGeoV1.jpg,Labels/thumbs/NeoGeo/nam-1975-neo-geo-v1-neogeo-cartridge-label.jpg,NAM-1975 Neo Geo V1,58963
Labels/thumbs/NeoGeo/NAM-1975 MVS V.1.jpg,Labels/thumbs/NeoGeo/nam-1975-mvs-v-1-neogeo-cartridge-label.jpg,NAM-1975 MVS V 1,7108
Labels/thumbs/NeoGeo/NAM-1975 MVS V.2.jpg,Labels/thumbs/NeoGeo/nam-1975-mvs-v-2-neogeo-cartridge-label.jpg,NAM-1975 MVS V 2,6855
Labels/thumbs/NeoGeo/Neo Geo MVS_Template.jpg,Labels/thumbs/NeoGeo/neo-geo-mvs-template-neogeo-cartridge-label.jpg,Neo Geo MVS Template,9430
Labels/thumbs/NeoGeo/Neo Turf Masters  _NeoGeoV1.jpg,Labels/thumbs/NeoGeo/neo-turf-masters-neo-geo-v1-neogeo-cartridge-label.jpg,Neo Turf Masters Neo Geo V1,33304
Labels/thumbs/NeoGeo/NeoDriftOut_MVS.jpg,Labels/thumbs/NeoGeo/neo-drift-out-mvs-neogeo-cartridge-label.jpg,Neo Drift Out MVS,6303
Labels/thumbs/NeoGeo/NEOGEO _NeoGeoV1.jpg,Labels/thumbs/NeoGeo/neogeo-neo-geo-v1-neogeo-cartridge-label.jpg,NEOGEO Neo Geo V1,13577
Labels/thumbs/NeoGeo/NeoGeoLabel_Template 2025.jpg,Labels/thumbs/NeoGeo/neo-geo-label-template-2025-neogeo-cartridge-label.jpg,Neo Geo Label Template 2025,58324
Labels/thumbs/NeoGeo/NeoGeoLabel_Template 2026.jpg,Labels/thumbs/NeoGeo/neo-geo-label-template-2026-neogeo-cartridge-label.jpg,Neo Geo Label Template 2026,55112
Labels/thumbs/NeoGeo/NeoGeoLabel_Template.jpg,Labels/thumbs/NeoGeo/neo-geo-label-template-neogeo-cartridge-label.jpg,Neo Geo Label Template,55936
Labels/thumbs/NeoGeo/NeoGeoLabel_WarningLabel_Sheet PRINT.jpg,Labels/thumbs/NeoGeo/neo-geo-label-warning-label-sheet-print-neogeo-cartridge-label.jpg,Neo Geo Label Warning Label Sheet PRINT,51622
Labels/thumbs/NeoGeo/NeoGeoLabel_WarningLabel_Sheet.jpg,Labels/thumbs/NeoGeo/neo-geo-label-warning-label-sheet-neogeo-cartridge-label.jpg,Neo Geo Label Warning Label Sheet,56981
Labels/thumbs/NeoGeo/Nightmare in the Dark _NeoGeoV1.jpg,Labels/thumbs/NeoGeo/nightmare-in-the-dark-neo-geo-v1-neogeo-cartridge-label.jpg,Nightmare in the Dark Neo Geo V1,52913
Labels/thumbs/NeoGeo/Ninja Combat _NeoGeoV1.jpg,Labels/thumbs/NeoGeo/ninja-combat-neo-geo-v1-neogeo-cartridge-label.jpg,Ninja Combat Neo Geo V1,61302
Labels/thumbs/NeoGeo/Ninja Combat _NeoGeoV2 (1).jpg,Labels/thumbs/NeoGeo/ninja-combat-neo-geo-v2-1-neogeo-cartridge-label.jpg,Ninja Combat Neo Geo V2 (1),42998
Labels/thumbs/NeoGeo/Ninja Combat _NeoGeoV2.jpg,Labels/thumbs/NeoGeo/ninja-combat-neo-geo-v2-neogeo-cartridge-label.jpg,Ninja Combat Neo Geo V2,43100
Labels/thumbs/NeoGeo/Ninja Commando_NeoGeoV1.jpg,Labels/thumbs/NeoGeo/ninja-commando-neo-geo-v1-neogeo-cartridge-label.jpg,Ninja Commando Neo Geo V1,48154
Labels/thumbs/NeoGeo/Ninja Masters _NeoGeoV1.jpg,Labels/thumbs/NeoGeo/ninja-masters-neo-geo-v1-neogeo-cartridge-label.jpg,Ninja Masters Neo Geo V1,42069
Labels/thumbs/NeoGeo/NNeo 161in1 _NeoGeoV1.jpg,Labels/thumbs/NeoGeo/n-neo-161in1-neo-geo-v1-neogeo-cartridge-label.jpg,N Neo 161in1 Neo Geo V1,60807
Labels/thumbs/NeoGeo/Pleasure Goal 5 on 5 Soccer _NeoGeoV1.jpg,Labels/thumbs/NeoGeo/pleasure-goal-5-on-5-soccer-neo-geo-v1-neogeo-cartridge-label.jpg,Pleasure Goal 5 on 5 Soccer Neo Geo V1,42937
Labels/thumbs/NeoGeo/Pochi & Nyaa  _NeoGeoV1.jpg,Labels/thumbs/NeoGeo/pochi-and-nyaa-neo-geo-v1-neogeo-cartridge-label.jpg,Pochi & Nyaa Neo Geo V1,51431
Labels/thumbs/NeoGeo/Project Neon _NeoGeoV1.jpg,Labels/thumbs/NeoGeo/project-neon-neo-geo-v1-neogeo-cartridge-label.jpg,Project Neon Neo Geo V1,42257
Labels/thumbs/NeoGeo/Project Neon _NeoGeoV2.jpg,Labels/thumbs/NeoGeo/project-neon-neo-geo-v2-neogeo-cartridge-label.jpg,Project Neon Neo Geo V2,43489
Labels/thumbs/NeoGeo/Pulstar _NeoGeoV1.jpg,Labels/thumbs/NeoGeo/pulstar-neo-geo-v1-neogeo-cartridge-label.jpg,Pulstar Neo Geo V1,50684
Labels/thumbs/NeoGeo/Pulstar.jpg,Labels/thumbs/NeoGeo/pulstar-neogeo-cartridge-label.jpg,Pulstar,49698
Labels/thumbs/NeoGeo/puzbob_logo_update - Mr Raiden.jpg,Labels/thumbs/NeoGeo/puzbob-logo-update-mr-raiden-neogeo-cartridge-label.jpg,puzbob logo update - Mr Raiden,46807
Labels/thumbs/NeoGeo/PuzzleBobble  _NeoGeoV2.jpg,Labels/thumbs/NeoGeo/puzzle-bobble-neo-geo-v2-neogeo-cartridge-label.jpg,Puzzle Bobble Neo Geo V2,49757
Labels/thumbs/NeoGeo/ragnarok.jpg,Labels/thumbs/NeoGeo/ragnarok-neogeo-cartridge-label.jpg,ragnarok,48547
Labels/thumbs/NeoGeo/Raguy _NeoGeoAES_00.jpg,Labels/thumbs/NeoGeo/raguy-neo-geo-aes-00-neogeo-cartridge-label.jpg,Raguy Neo Geo AES 00,53111
Labels/thumbs/NeoGeo/Real Bout Fatal Fury _NeoGeoV1.jpg,Labels/thumbs/NeoGeo/real-bout-fatal-fury-neo-geo-v1-neogeo-cartridge-label.jpg,Real Bout Fatal Fury Neo Geo V1,40314
Labels/thumbs/NeoGeo/Real Bout Fatal Fury Special.jpg,Labels/thumbs/NeoGeo/real-bout-fatal-fury-special-neogeo-cartridge-label.jpg,Real Bout Fatal Fury Special,6745
Labels/thumbs/NeoGeo/Realbout Fatal Fury Special _NeoGeoV1.jpg,Labels/thumbs/NeoGeo/realbout-fatal-fury-special-neo-geo-v1-neogeo-cartridge-label.jpg,Realbout Fatal Fury Special Neo Geo V1,40720
Labels/thumbs/NeoGeo/Remaster Example.jpg,Labels/thumbs/NeoGeo/remaster-example-neogeo-cartridge-label.jpg,Remaster Example,25363
Labels/thumbs/NeoGeo/Retrobit.jpg,Labels/thumbs/NeoGeo/retrobit-neogeo-cartridge-label.jpg,Retrobit,13799
Labels/thumbs/NeoGeo/ROBO ARMY USA httpembuscadosjogosperdidos.blogspot.com.jpg,Labels/thumbs/NeoGeo/robo-army-usa-httpembuscadosjogosperdidos-blogspot-com-neogeo-cartridge-label.jpg,ROBO ARMY USA httpembuscadosjogosperdidos blogspot com,45627
Labels/thumbs/NeoGeo/Samurai Shodown 2 _MVS_front.jpg,Labels/thumbs/NeoGeo/samurai-shodown-2-mvs-front-neogeo-cartridge-label.jpg,Samurai Shodown 2  MVS front,32020
Labels/thumbs/NeoGeo/Samurai Shodown _MVS_front.jpg,Labels/thumbs/NeoGeo/samurai-shodown-mvs-front-neogeo-cartridge-label.jpg,Samurai Shodown  MVS front,35266
Labels/thumbs/NeoGeo/Samurai Shodown II_NeoGeoV1.jpg,Labels/thumbs/NeoGeo/samurai-shodown-ii-neo-geo-v1-neogeo-cartridge-label.jpg,Samurai Shodown II Neo Geo V1,46055
Labels/thumbs/NeoGeo/Samurai Shodown IV_NeoGeoV1.jpg,Labels/thumbs/NeoGeo/samurai-shodown-iv-neo-geo-v1-neogeo-cartridge-label.jpg,Samurai Shodown IV Neo Geo V1,42169
Labels/thumbs/NeoGeo/Samurai Shodown IV_NeoGeoV2.jpg,Labels/thumbs/NeoGeo/samurai-shodown-iv-neo-geo-v2-neogeo-cartridge-label.jpg,Samurai Shodown IV Neo Geo V2,46040
Labels/thumbs/NeoGeo/Samurai Shodown IV_NeoGeoV3.jpg,Labels/thumbs/NeoGeo/samurai-shodown-iv-neo-geo-v3-neogeo-cartridge-label.jpg,Samurai Shodown IV Neo Geo V3,43838
Labels/thumbs/NeoGeo/Samurai Shodown.jpg,Labels/thumbs/NeoGeo/samurai-shodown-neogeo-cartridge-label.jpg,Samurai Shodown,47717
Labels/thumbs/NeoGeo/Samurai Shodown_NeoGeoV1.jpg,Labels/thumbs/NeoGeo/samurai-shodown-neo-geo-v1-neogeo-cartridge-label.jpg,Samurai Shodown Neo Geo V1,47799
Labels/thumbs/NeoGeo/Savage Reign _NeoGeoV1.jpg,Labels/thumbs/NeoGeo/savage-reign-neo-geo-v1-neogeo-cartridge-label.jpg,Savage Reign Neo Geo V1,39911
Labels/thumbs/NeoGeo/Segoku label USA httpembuscadosjogosperdidos.blogspot.com.jpg,Labels/thumbs/NeoGeo/segoku-label-usa-httpembuscadosjogosperdidos-blogspot-com-neogeo-cartridge-label.jpg,Segoku label USA httpembuscadosjogosperdidos blogspot com,54863
Labels/thumbs/NeoGeo/Sengoku 1.jpg,Labels/thumbs/NeoGeo/sengoku-1-neogeo-cartridge-label.jpg,Sengoku 1,52685
Labels/thumbs/NeoGeo/Sengoku 2 _NeoGeoV1.jpg,Labels/thumbs/NeoGeo/sengoku-2-neo-geo-v1-neogeo-cartridge-label.jpg,Sengoku 2 Neo Geo V1,46253
Labels/thumbs/NeoGeo/Sengoku _NeoGeoV1.jpg,Labels/thumbs/NeoGeo/sengoku-neo-geo-v1-neogeo-cartridge-label.jpg,Sengoku Neo Geo V1,65269
Labels/thumbs/NeoGeo/Sengoku3_MVS.jpg,Labels/thumbs/NeoGeo/sengoku3-mvs-neogeo-cartridge-label.jpg,Sengoku3 MVS,6397
Labels/thumbs/NeoGeo/Shock Troopers _NeoGeoV1.jpg,Labels/thumbs/NeoGeo/shock-troopers-neo-geo-v1-neogeo-cartridge-label.jpg,Shock Troopers Neo Geo V1,63511
Labels/thumbs/NeoGeo/Shock Troopers _NeoGeoV2.jpg,Labels/thumbs/NeoGeo/shock-troopers-neo-geo-v2-neogeo-cartridge-label.jpg,Shock Troopers Neo Geo V2,47851
Labels/thumbs/NeoGeo/Shock Troopers _NeoGeoV3.jpg,Labels/thumbs/NeoGeo/shock-troopers-neo-geo-v3-neogeo-cartridge-label.jpg,Shock Troopers Neo Geo V3,54355
Labels/thumbs/NeoGeo/Shock Troopers _NeoGeoV4.jpg,Labels/thumbs/NeoGeo/shock-troopers-neo-geo-v4-neogeo-cartridge-label.jpg,Shock Troopers Neo Geo V4,56845
Labels/thumbs/NeoGeo/Shock Troopers MVS v.1.jpg,Labels/thumbs/NeoGeo/shock-troopers-mvs-v-1-neogeo-cartridge-label.jpg,Shock Troopers MVS v 1,8400
Labels/thumbs/NeoGeo/Shock Troopers MVS v.2.jpg,Labels/thumbs/NeoGeo/shock-troopers-mvs-v-2-neogeo-cartridge-label.jpg,Shock Troopers MVS v 2,10228
Labels/thumbs/NeoGeo/ShockTroopers2ndSquadron_NeoGeoMVS_02.jpg,Labels/thumbs/NeoGeo/shock-troopers2nd-squadron-neo-geo-mvs-02-neogeo-cartridge-label.jpg,Shock Troopers2nd Squadron Neo Geo MVS 02,52628
Labels/thumbs/NeoGeo/Spinmaster _NeoGeoV1.jpg,Labels/thumbs/NeoGeo/spinmaster-neo-geo-v1-neogeo-cartridge-label.jpg,Spinmaster Neo Geo V1,48625
Labels/thumbs/NeoGeo/spinmaster.jpg,Labels/thumbs/NeoGeo/spinmaster-neogeo-cartridge-label.jpg,spinmaster,7207
Labels/thumbs/NeoGeo/Strikers 1945 Plus _NeoGeoV1.jpg,Labels/thumbs/NeoGeo/strikers-1945-plus-neo-geo-v1-neogeo-cartridge-label.jpg,Strikers 1945 Plus Neo Geo V1,43579
Labels/thumbs/NeoGeo/Strikers 1945 Plus _NeoGeoV2.jpg,Labels/thumbs/NeoGeo/strikers-1945-plus-neo-geo-v2-neogeo-cartridge-label.jpg,Strikers 1945 Plus Neo Geo V2,50754
Labels/thumbs/NeoGeo/Super Siderkicks 3.jpg,Labels/thumbs/NeoGeo/super-siderkicks-3-neogeo-cartridge-label.jpg,Super Siderkicks 3,42645
Labels/thumbs/NeoGeo/Super Tag Battle _NeoGeoV1.jpg,Labels/thumbs/NeoGeo/super-tag-battle-neo-geo-v1-neogeo-cartridge-label.jpg,Super Tag Battle Neo Geo V1,43964
Labels/thumbs/NeoGeo/SVC Chaos _NeoGeoV1.jpg,Labels/thumbs/NeoGeo/svc-chaos-neo-geo-v1-neogeo-cartridge-label.jpg,SVC Chaos Neo Geo V1,43002
Labels/thumbs/NeoGeo/temptate mvs.jpg,Labels/thumbs/NeoGeo/temptate-mvs-neogeo-cartridge-label.jpg,temptate mvs,12539
Labels/thumbs/NeoGeo/Twinkle Star Sprites _NeoGeoV1.jpg,Labels/thumbs/NeoGeo/twinkle-star-sprites-neo-geo-v1-neogeo-cartridge-label.jpg,Twinkle Star Sprites Neo Geo V1,53349
Labels/thumbs/NeoGeo/Viewpoint _NeoGeoV1.jpg,Labels/thumbs/NeoGeo/viewpoint-neo-geo-v1-neogeo-cartridge-label.jpg,Viewpoint Neo Geo V1,45436
Labels/thumbs/NeoGeo/VIEWPOINT-JP-httpembuscadosjogosperdidos.blogspot.com.jpg,Labels/thumbs/NeoGeo/viewpoint-jp-httpembuscadosjogosperdidos-blogspot-com-neogeo-cartridge-label.jpg,VIEWPOINT JP httpembuscadosjogosperdidos.blogspot.com,49098
Labels/thumbs/NeoGeo/wakuwaku 7.jpg,Labels/thumbs/NeoGeo/wakuwaku-7-neogeo-cartridge-label.jpg,wakuwaku 7,57296
Labels/thumbs/NeoGeo/WakuWaku7_MVS.jpg,Labels/thumbs/NeoGeo/waku-waku7-mvs-neogeo-cartridge-label.jpg,Waku Waku7 MVS,6405
Labels/thumbs/NeoGeo/WINDJAMMERS JP.jpg,Labels/thumbs/NeoGeo/windjammers-jp-neogeo-cartridge-label.jpg,WINDJAMMERS JP,49039
Labels/thumbs/NeoGeo/WINDJAMMERS-US-LABEL-REBUILT.jpg,Labels/thumbs/NeoGeo/windjammers-us-label-rebuilt-neogeo-cartridge-label.jpg,WINDJAMMERS US LABEL REBUILT,47224
Labels/thumbs/NeoGeo/World Heroes _NeoGeoV1.jpg,Labels/thumbs/NeoGeo/world-heroes-neo-geo-v1-neogeo-cartridge-label.jpg,World Heroes Neo Geo V1,50931
Labels/thumbs/NeoGeo/Xeno Crisis _NeoGeoV1.jpg,Labels/thumbs/NeoGeo/xeno-crisis-neo-geo-v1-neogeo-cartridge-label.jpg,Xeno Crisis Neo Geo V1,39921
Labels/thumbs/NeoGeo/zed blade usa.jpg,Labels/thumbs/NeoGeo/zed-blade-usa-neogeo-cartridge-label.jpg,zed blade usa,45025
Labels/thumbs/NES/_nes_V.jpg,Labels/thumbs/NES/nes-v-nes-cartridge-label.jpg,nes V,46417
Labels/thumbs/NES/AttackoftheKillerTomatoes_nes_V1.jpg,Labels/thumbs/NES/attackofthe-killer-tomatoes-nes-v1-nes-cartridge-label.jpg,Attackofthe Killer Tomatoes nes V1,25656
Labels/thumbs/NES/Bandit Kings of Ancient China _nes_V1.jpg,Labels/thumbs/NES/bandit-kings-of-ancient-china-nes-v1-nes-cartridge-label.jpg,Bandit Kings of Ancient China nes V1,35578
Labels/thumbs/NES/Bandit Kings of Ancient China _nes_V2.jpg,Labels/thumbs/NES/bandit-kings-of-ancient-china-nes-v2-nes-cartridge-label.jpg,Bandit Kings of Ancient China nes V2,38779
Labels/thumbs/NES/Batman_nes_V1.jpg,Labels/thumbs/NES/batman-nes-v1-nes-cartridge-label.jpg,Batman nes V1,26201
Labels/thumbs/NES/Battletoads.jpg,Labels/thumbs/NES/battletoads-nes-cartridge-label.jpg,Battletoads,41530
Labels/thumbs/NES/Beetlejuice - Label.jpg,Labels/thumbs/NES/beetlejuice-label-nes-cartridge-label.jpg,Beetlejuice   Label,37544
Labels/thumbs/NES/Blades of Steel _nes_V2.jpg,Labels/thumbs/NES/blades-of-steel-nes-v2-nes-cartridge-label.jpg,Blades of Steel nes V2,31436
Labels/thumbs/NES/Blues Brothers_nes_V1.jpg,Labels/thumbs/NES/blues-brothers-nes-v1-nes-cartridge-label.jpg,Blues Brothers nes V1,37025
Labels/thumbs/NES/Bootleg NES Games _nes_V.jpg,Labels/thumbs/NES/bootleg-nes-games-nes-v-nes-cartridge-label.jpg,Bootleg NES Games nes V,36899
Labels/thumbs/NES/BuckyOhare_nes_V1.jpg,Labels/thumbs/NES/bucky-ohare-nes-v1-nes-cartridge-label.jpg,Bucky Ohare nes V1,43304
Labels/thumbs/NES/BuckyOhare_nes_V2.jpg,Labels/thumbs/NES/bucky-ohare-nes-v2-nes-cartridge-label.jpg,Bucky Ohare nes V2,49401
Labels/thumbs/NES/Captain America and the Avengers _nes_V01.jpg,Labels/thumbs/NES/captain-america-and-the-avengers-nes-v01-nes-cartridge-label.jpg,Captain America and the Avengers nes V01,39939
Labels/thumbs/NES/Captain America and the Avengers _nes_V02.jpg,Labels/thumbs/NES/captain-america-and-the-avengers-nes-v02-nes-cartridge-label.jpg,Captain America and the Avengers nes V02,45833
Labels/thumbs/NES/Captain America and the Avengers _nes_V03.jpg,Labels/thumbs/NES/captain-america-and-the-avengers-nes-v03-nes-cartridge-label.jpg,Captain America and the Avengers nes V03,52385
Labels/thumbs/NES/Castlevania _nes_V1.jpg,Labels/thumbs/NES/castlevania-nes-v1-nes-cartridge-label.jpg,Castlevania nes V1,28130
Labels/thumbs/NES/Chiller_nes_V1.jpg,Labels/thumbs/NES/chiller-nes-v1-nes-cartridge-label.jpg,Chiller nes V1,28215
Labels/thumbs/NES/Chiller_nes_V2.jpg,Labels/thumbs/NES/chiller-nes-v2-nes-cartridge-label.jpg,Chiller nes V2,24882
Labels/thumbs/NES/Clash at Demonhead _nes_V1.jpg,Labels/thumbs/NES/clash-at-demonhead-nes-v1-nes-cartridge-label.jpg,Clash at Demonhead nes V1,31889
Labels/thumbs/NES/Clash at Demonhead _nes_V2.jpg,Labels/thumbs/NES/clash-at-demonhead-nes-v2-nes-cartridge-label.jpg,Clash at Demonhead nes V2,37879
Labels/thumbs/NES/Cliffhanger_nes_V1.jpg,Labels/thumbs/NES/cliffhanger-nes-v1-nes-cartridge-label.jpg,Cliffhanger nes V1,29573
Labels/thumbs/NES/Cliffhanger_nes_V2.jpg,Labels/thumbs/NES/cliffhanger-nes-v2-nes-cartridge-label.jpg,Cliffhanger nes V2,35567
Labels/thumbs/NES/ColorDreamsBackLabelTemplate.jpg,Labels/thumbs/NES/color-dreams-back-label-template-nes-cartridge-label.jpg,Color Dreams Back Label Template,73610
Labels/thumbs/NES/ColorDreamsTemplate.jpg,Labels/thumbs/NES/color-dreams-template-nes-cartridge-label.jpg,Color Dreams Template,45149
Labels/thumbs/NES/Conan-game-label.jpg,Labels/thumbs/NES/conan-game-label-nes-cartridge-label.jpg,Conan-game-label,33540
Labels/thumbs/NES/CowboyKid_nes_V1.jpg,Labels/thumbs/NES/cowboy-kid-nes-v1-nes-cartridge-label.jpg,Cowboy Kid nes V1,32477
Labels/thumbs/NES/CowboyKid_nes_V2.jpg,Labels/thumbs/NES/cowboy-kid-nes-v2-nes-cartridge-label.jpg,Cowboy Kid nes V2,36983
Labels/thumbs/NES/Dacathlon_nes_V1.jpg,Labels/thumbs/NES/dacathlon-nes-v1-nes-cartridge-label.jpg,Dacathlon nes V1,30679
Labels/thumbs/NES/Deadpool _nes_V1.jpg,Labels/thumbs/NES/deadpool-nes-v1-nes-cartridge-label.jpg,Deadpool nes V1,35497
Labels/thumbs/NES/Deadpool _nes_V2.jpg,Labels/thumbs/NES/deadpool-nes-v2-nes-cartridge-label.jpg,Deadpool nes V2,31044
Labels/thumbs/NES/Deadpool _nes_V3.jpg,Labels/thumbs/NES/deadpool-nes-v3-nes-cartridge-label.jpg,Deadpool nes V3,35581
Labels/thumbs/NES/Donkey Kong.jpg,Labels/thumbs/NES/donkey-kong-nes-cartridge-label.jpg,Donkey Kong,34358
Labels/thumbs/NES/DonkeyKong3_nes_V1.jpg,Labels/thumbs/NES/donkey-kong3-nes-v1-nes-cartridge-label.jpg,Donkey Kong3 nes V1,31065
Labels/thumbs/NES/DonkeyKong3_nes_V2.jpg,Labels/thumbs/NES/donkey-kong3-nes-v2-nes-cartridge-label.jpg,Donkey Kong3 nes V2,38699
Labels/thumbs/NES/DonkeyKong3_nes_V3.jpg,Labels/thumbs/NES/donkey-kong3-nes-v3-nes-cartridge-label.jpg,Donkey Kong3 nes V3,44291
Labels/thumbs/NES/DonkeyKongJR_nes_V1.jpg,Labels/thumbs/NES/donkey-kong-jr-nes-v1-nes-cartridge-label.jpg,Donkey Kong JR nes V1,31514
Labels/thumbs/NES/DonkeyKongJR_nes_V2.jpg,Labels/thumbs/NES/donkey-kong-jr-nes-v2-nes-cartridge-label.jpg,Donkey Kong JR nes V2,37698
Labels/thumbs/NES/DonkeyKongJR_nes_V3.jpg,Labels/thumbs/NES/donkey-kong-jr-nes-v3-nes-cartridge-label.jpg,Donkey Kong JR nes V3,40384
Labels/thumbs/NES/DoubleDragonIIIabel.jpg,Labels/thumbs/NES/double-dragon-ii-iabel-nes-cartridge-label.jpg,Double Dragon II Iabel,39370
Labels/thumbs/NES/Earthbound _nes_V1.jpg,Labels/thumbs/NES/earthbound-nes-v1-nes-cartridge-label.jpg,Earthbound nes V1,26607
Labels/thumbs/NES/Everdrive N8 _nes_V1.jpg,Labels/thumbs/NES/everdrive-n8-nes-v1-nes-cartridge-label.jpg,Everdrive N8 nes V1,29767
Labels/thumbs/NES/Everdrive N8 _nes_V2.jpg,Labels/thumbs/NES/everdrive-n8-nes-v2-nes-cartridge-label.jpg,Everdrive N8 nes V2,38389
Labels/thumbs/NES/Everdrive N8 _nes_V3.jpg,Labels/thumbs/NES/everdrive-n8-nes-v3-nes-cartridge-label.jpg,Everdrive N8 nes V3,24155
Labels/thumbs/NES/everdrive-n8-nes.jpg,Labels/thumbs/NES/everdrive-n8-nes-nes-cartridge-label.jpg,everdrive-n8-nes,21067
Labels/thumbs/NES/FELIX THE CAT.jpg,Labels/thumbs/NES/felix-the-cat-nes-cartridge-label.jpg,FELIX THE CAT,33921
Labels/thumbs/NES/Giligans Island.jpg,Labels/thumbs/NES/giligans-island-nes-cartridge-label.jpg,Giligans Island,32391
Labels/thumbs/NES/GuerrillaWar_nes_V1.jpg,Labels/thumbs/NES/guerrilla-war-nes-v1-nes-cartridge-label.jpg,Guerrilla War nes V1,39382
Labels/thumbs/NES/GuerrillaWar_nes_V2.jpg,Labels/thumbs/NES/guerrilla-war-nes-v2-nes-cartridge-label.jpg,Guerrilla War nes V2,38831
Labels/thumbs/NES/Hell Fighter_nes_V1.jpg,Labels/thumbs/NES/hell-fighter-nes-v1-nes-cartridge-label.jpg,Hell Fighter nes V1,25969
Labels/thumbs/NES/Heroes of the Lance_nes_V1.jpg,Labels/thumbs/NES/heroes-of-the-lance-nes-v1-nes-cartridge-label.jpg,Heroes of the Lance nes V1,29686
Labels/thumbs/NES/KingNeptunesAdventure_nes_V.jpg,Labels/thumbs/NES/king-neptunes-adventure-nes-v-nes-cartridge-label.jpg,King Neptunes Adventure nes V,40726
Labels/thumbs/NES/KingNeptunesAdventureBack.jpg,Labels/thumbs/NES/king-neptunes-adventure-back-nes-cartridge-label.jpg,King Neptunes Adventure Back,73610
Labels/thumbs/NES/KingNeptunesAdventureFront.jpg,Labels/thumbs/NES/king-neptunes-adventure-front-nes-cartridge-label.jpg,King Neptunes Adventure Front,45725
Labels/thumbs/NES/Little Ninja Brothers _nes_V1.jpg,Labels/thumbs/NES/little-ninja-brothers-nes-v1-nes-cartridge-label.jpg,Little Ninja Brothers nes V1,39158
Labels/thumbs/NES/Little Ninja Brothers _nes_V2.jpg,Labels/thumbs/NES/little-ninja-brothers-nes-v2-nes-cartridge-label.jpg,Little Ninja Brothers nes V2,45540
Labels/thumbs/NES/LittleSimonNES.jpg,Labels/thumbs/NES/little-simon-nes-nes-cartridge-label.jpg,Little Simon NES,38574
Labels/thumbs/NES/Macross Super Dimension Fortress_nes_V1.jpg,Labels/thumbs/NES/macross-super-dimension-fortress-nes-v1-nes-cartridge-label.jpg,Macross Super Dimension Fortress nes V1,31115
Labels/thumbs/NES/Macross Super Dimension Fortress_nes_V2.jpg,Labels/thumbs/NES/macross-super-dimension-fortress-nes-v2-nes-cartridge-label.jpg,Macross Super Dimension Fortress nes V2,36524
Labels/thumbs/NES/Mario Adventure _nes_V1.jpg,Labels/thumbs/NES/mario-adventure-nes-v1-nes-cartridge-label.jpg,Mario Adventure nes V1,48072
Labels/thumbs/NES/Masters of the Universe_nes_V1.jpg,Labels/thumbs/NES/masters-of-the-universe-nes-v1-nes-cartridge-label.jpg,Masters of the Universe nes V1,43300
Labels/thumbs/NES/Mega Man 4 _nes_V#.jpg,Labels/thumbs/NES/mega-man-4-nes-v-nes-cartridge-label.jpg,Mega Man 4 nes V#,35420
Labels/thumbs/NES/Mega Man 4 _nes_V1.jpg,Labels/thumbs/NES/mega-man-4-nes-v1-nes-cartridge-label.jpg,Mega Man 4 nes V1,29461
Labels/thumbs/NES/Mega Man 4 _nes_V2.jpg,Labels/thumbs/NES/mega-man-4-nes-v2-nes-cartridge-label.jpg,Mega Man 4 nes V2,36785
Labels/thumbs/NES/MegaMan2V2.jpg,Labels/thumbs/NES/mega-man2v2-nes-cartridge-label.jpg,Mega Man2V2,31359
Labels/thumbs/NES/MegaMan5_nes_V1.jpg,Labels/thumbs/NES/mega-man5-nes-v1-nes-cartridge-label.jpg,Mega Man5 nes V1,36920
Labels/thumbs/NES/Metroid - Label.jpg,Labels/thumbs/NES/metroid-label-nes-cartridge-label.jpg,Metroid   Label,30979
Labels/thumbs/NES/Mighty Final Fight.jpg,Labels/thumbs/NES/mighty-final-fight-nes-cartridge-label.jpg,Mighty Final Fight,35807
Labels/thumbs/NES/Mighty Final FightV2.jpg,Labels/thumbs/NES/mighty-final-fight-v2-nes-cartridge-label.jpg,Mighty Final Fight V2,41818
Labels/thumbs/NES/Mike Tysons PunchOut _nes_V1.jpg,Labels/thumbs/NES/mike-tysons-punch-out-nes-v1-nes-cartridge-label.jpg,Mike Tysons Punch Out nes V1,32937
Labels/thumbs/NES/Minceraft _nes_V1.jpg,Labels/thumbs/NES/minceraft-nes-v1-nes-cartridge-label.jpg,Minceraft nes V1,6797
Labels/thumbs/NES/Minceraft _nes_V2.jpg,Labels/thumbs/NES/minceraft-nes-v2-nes-cartridge-label.jpg,Minceraft nes V2,27434
Labels/thumbs/NES/Minceraft _nes_V3.jpg,Labels/thumbs/NES/minceraft-nes-v3-nes-cartridge-label.jpg,Minceraft nes V3,31619
Labels/thumbs/NES/Minecraft _nes_V4.jpg,Labels/thumbs/NES/minecraft-nes-v4-nes-cartridge-label.jpg,Minecraft nes V4,30935
Labels/thumbs/NES/mmii2_Label.jpg,Labels/thumbs/NES/mmii2-label-nes-cartridge-label.jpg,mmii2 Label,34292
Labels/thumbs/NES/MMII_Label.jpg,Labels/thumbs/NES/mmii-label-nes-cartridge-label.jpg,MMII Label,36920
Labels/thumbs/NES/monsterparty-game-label.jpg,Labels/thumbs/NES/monsterparty-game-label-nes-cartridge-label.jpg,monsterparty-game-label,46329
Labels/thumbs/NES/NES_2026.jpg,Labels/thumbs/NES/nes-2026-nes-cartridge-label.jpg,NES 2026,36804
Labels/thumbs/NES/nes_BackLabel.jpg,Labels/thumbs/NES/nes-back-label-nes-cartridge-label.jpg,nes Back Label,16986
Labels/thumbs/NES/NESTemplate.jpg,Labels/thumbs/NES/nes-template-nes-cartridge-label.jpg,NES Template,31006
Labels/thumbs/NES/NESTemplate2025.jpg,Labels/thumbs/NES/nes-template2025-nes-cartridge-label.jpg,NES Template2025,32808
Labels/thumbs/NES/New Ghost Busters II _nes_V1.jpg,Labels/thumbs/NES/new-ghost-busters-ii-nes-v1-nes-cartridge-label.jpg,New Ghost Busters II nes V1,40075
Labels/thumbs/NES/NinjaCrusaders_nes_V.jpg,Labels/thumbs/NES/ninja-crusaders-nes-v-nes-cartridge-label.jpg,Ninja Crusaders nes V,31848
Labels/thumbs/NES/NinjaCrusaders_nes_V2.jpg,Labels/thumbs/NES/ninja-crusaders-nes-v2-nes-cartridge-label.jpg,Ninja Crusaders nes V2,35050
Labels/thumbs/NES/NinjaCrusaders_nes_V3.jpg,Labels/thumbs/NES/ninja-crusaders-nes-v3-nes-cartridge-label.jpg,Ninja Crusaders nes V3,33069
Labels/thumbs/NES/Punch-Out _nes_V.jpg,Labels/thumbs/NES/punch-out-nes-v-nes-cartridge-label.jpg,Punch-Out nes V,31228
Labels/thumbs/NES/Punch-Out _nes_V2.jpg,Labels/thumbs/NES/punch-out-nes-v2-nes-cartridge-label.jpg,Punch-Out nes V2,37832
Labels/thumbs/NES/Rainbow Island_nes_V1.jpg,Labels/thumbs/NES/rainbow-island-nes-v1-nes-cartridge-label.jpg,Rainbow Island nes V1,47752
Labels/thumbs/NES/RC Pro-Am II _nes_V1.jpg,Labels/thumbs/NES/rc-pro-am-ii-nes-v1-nes-cartridge-label.jpg,RC Pro-Am II nes V1,42765
Labels/thumbs/NES/River City Ransom_nes_V1.jpg,Labels/thumbs/NES/river-city-ransom-nes-v1-nes-cartridge-label.jpg,River City Ransom nes V1,30393
Labels/thumbs/NES/River City Ransom_nes_V2.jpg,Labels/thumbs/NES/river-city-ransom-nes-v2-nes-cartridge-label.jpg,River City Ransom nes V2,38288
Labels/thumbs/NES/Sanchen Mega Soft_nes_V1.jpg,Labels/thumbs/NES/sanchen-mega-soft-nes-v1-nes-cartridge-label.jpg,Sanchen Mega Soft nes V1,36000
Labels/thumbs/NES/Shadow of the Ninja_nes_V1.jpg,Labels/thumbs/NES/shadow-of-the-ninja-nes-v1-nes-cartridge-label.jpg,Shadow of the Ninja nes V1,30717
Labels/thumbs/NES/SMASH TV.jpg,Labels/thumbs/NES/smash-tv-nes-cartridge-label.jpg,SMASH TV,37708
Labels/thumbs/NES/Spot_nes_V1.jpg,Labels/thumbs/NES/spot-nes-v1-nes-cartridge-label.jpg,Spot nes V1,23754
Labels/thumbs/NES/Spot_nes_V2.jpg,Labels/thumbs/NES/spot-nes-v2-nes-cartridge-label.jpg,Spot nes V2,33336
Labels/thumbs/NES/Street Fighter II _nes_V1.jpg,Labels/thumbs/NES/street-fighter-ii-nes-v1-nes-cartridge-label.jpg,Street Fighter II nes V1,35554
Labels/thumbs/NES/Street Fighter II _nes_V2.jpg,Labels/thumbs/NES/street-fighter-ii-nes-v2-nes-cartridge-label.jpg,Street Fighter II nes V2,37011
Labels/thumbs/NES/Super Mario Bros. + Duck Hunt - Label.jpg,Labels/thumbs/NES/super-mario-bros-duck-hunt-label-nes-cartridge-label.jpg,Super Mario Bros. + Duck Hunt   Label,35292
Labels/thumbs/NES/Super Mario Bros. 2 _nes_V1.jpg,Labels/thumbs/NES/super-mario-bros-2-nes-v1-nes-cartridge-label.jpg,Super Mario Bros. 2  nes V1,39349
Labels/thumbs/NES/Super Mario Bros. 3_nes_V1 - Copy.jpg,Labels/thumbs/NES/super-mario-bros-3-nes-v1-copy-nes-cartridge-label.jpg,Super Mario Bros. 3 nes V1   Copy,29171
Labels/thumbs/NES/Super Mario Bros. _nes_V1.jpg,Labels/thumbs/NES/super-mario-bros-nes-v1-nes-cartridge-label.jpg,Super Mario Bros nes V1,31528
Labels/thumbs/NES/Super Ohmstead Bros. 3_nes_V1.jpg,Labels/thumbs/NES/super-ohmstead-bros-3-nes-v1-nes-cartridge-label.jpg,Super Ohmstead Bros. 3 nes V1,29350
Labels/thumbs/NES/Super Ohmstead Bros. 3_nes_V2.jpg,Labels/thumbs/NES/super-ohmstead-bros-3-nes-v2-nes-cartridge-label.jpg,Super Ohmstead Bros. 3 nes V2,29350
Labels/thumbs/NES/SuperC_nes_V1.jpg,Labels/thumbs/NES/super-c-nes-v1-nes-cartridge-label.jpg,Super C nes V1,34948
Labels/thumbs/NES/SuperC_nes_V2.jpg,Labels/thumbs/NES/super-c-nes-v2-nes-cartridge-label.jpg,Super C nes V2,34464
Labels/thumbs/NES/SuperC_nes_V3.jpg,Labels/thumbs/NES/super-c-nes-v3-nes-cartridge-label.jpg,Super C nes V3,33368
Labels/thumbs/NES/SuperC_nes_V4.jpg,Labels/thumbs/NES/super-c-nes-v4-nes-cartridge-label.jpg,Super C nes V4,33153
Labels/thumbs/NES/SuperMarioBros2_nes_V1.jpg,Labels/thumbs/NES/super-mario-bros2-nes-v1-nes-cartridge-label.jpg,Super Mario Bros2 nes V1,39361
Labels/thumbs/NES/SuperMarioBros2_nes_V2_nes_V.jpg,Labels/thumbs/NES/super-mario-bros2-nes-v2-nes-v-nes-cartridge-label.jpg,Super Mario Bros2 nes V2 nes V,39417
Labels/thumbs/NES/SuperMarioBros2_nes_V2b.jpg,Labels/thumbs/NES/super-mario-bros2-nes-v2b-nes-cartridge-label.jpg,Super Mario Bros2 nes V2b,39289
Labels/thumbs/NES/SuperMarioBros2LostLevels_nes_V1.jpg,Labels/thumbs/NES/super-mario-bros2lost-levels-nes-v1-nes-cartridge-label.jpg,Super Mario Bros2Lost Levels nes V1,33293
Labels/thumbs/NES/SuperMarioBros2LostLevels_nes_V2.jpg,Labels/thumbs/NES/super-mario-bros2lost-levels-nes-v2-nes-cartridge-label.jpg,Super Mario Bros2Lost Levels nes V2,31272
Labels/thumbs/NES/SuperMarioBros2LostLevels_nes_V3.jpg,Labels/thumbs/NES/super-mario-bros2lost-levels-nes-v3-nes-cartridge-label.jpg,Super Mario Bros2Lost Levels nes V3,41305
Labels/thumbs/NES/SuperMarioBros2LostLevels_nes_V4.jpg,Labels/thumbs/NES/super-mario-bros2lost-levels-nes-v4-nes-cartridge-label.jpg,Super Mario Bros2Lost Levels nes V4,38191
Labels/thumbs/NES/Tengen_NES_Template.jpg,Labels/thumbs/NES/tengen-nes-template-nes-cartridge-label.jpg,Tengen NES Template,40025
Labels/thumbs/NES/Terrifier 2 _nes_V0.jpg,Labels/thumbs/NES/terrifier-2-nes-v0-nes-cartridge-label.jpg,Terrifier 2 nes V0,30695
Labels/thumbs/NES/Terrifier 2_nes_V1.jpg,Labels/thumbs/NES/terrifier-2-nes-v1-nes-cartridge-label.jpg,Terrifier 2 nes V1,33373
Labels/thumbs/NES/Terrifier 2_nes_V1B.jpg,Labels/thumbs/NES/terrifier-2-nes-v1b-nes-cartridge-label.jpg,Terrifier 2 nes V1B,32476
Labels/thumbs/NES/Terrifier 3 _nes_V0.jpg,Labels/thumbs/NES/terrifier-3-nes-v0-nes-cartridge-label.jpg,Terrifier 3 nes V0,38993
Labels/thumbs/NES/Terrifier 3 _nes_V0B.jpg,Labels/thumbs/NES/terrifier-3-nes-v0b-nes-cartridge-label.jpg,Terrifier 3 nes V0B,23899
Labels/thumbs/NES/Terrifier 3_nes_V1.jpg,Labels/thumbs/NES/terrifier-3-nes-v1-nes-cartridge-label.jpg,Terrifier 3 nes V1,39318
Labels/thumbs/NES/Terrifier 3_nes_V1B.jpg,Labels/thumbs/NES/terrifier-3-nes-v1b-nes-cartridge-label.jpg,Terrifier 3 nes V1B,38381
Labels/thumbs/NES/Terrifier 3_nes_V2.jpg,Labels/thumbs/NES/terrifier-3-nes-v2-nes-cartridge-label.jpg,Terrifier 3 nes V2,30203
Labels/thumbs/NES/Terrifier 3_nes_V2B.jpg,Labels/thumbs/NES/terrifier-3-nes-v2b-nes-cartridge-label.jpg,Terrifier 3 nes V2B,29313
Labels/thumbs/NES/Terrifier 3_nes_V3.jpg,Labels/thumbs/NES/terrifier-3-nes-v3-nes-cartridge-label.jpg,Terrifier 3 nes V3,36424
Labels/thumbs/NES/Terrifier 3_nes_V3B.jpg,Labels/thumbs/NES/terrifier-3-nes-v3b-nes-cartridge-label.jpg,Terrifier 3 nes V3B,35635
Labels/thumbs/NES/Terrifier _nes_V0.jpg,Labels/thumbs/NES/terrifier-nes-v0-nes-cartridge-label.jpg,Terrifier nes V0,20396
Labels/thumbs/NES/Terrifier _nes_V1.jpg,Labels/thumbs/NES/terrifier-nes-v1-nes-cartridge-label.jpg,Terrifier nes V1,28939
Labels/thumbs/NES/Terrifier _nes_V1B.jpg,Labels/thumbs/NES/terrifier-nes-v1b-nes-cartridge-label.jpg,Terrifier nes V1B,28077
Labels/thumbs/NES/tetris.jpg,Labels/thumbs/NES/tetris-nes-cartridge-label.jpg,tetris,30904
Labels/thumbs/NES/The Flinstones The Rescue of Dino and Hoppy _nes_V1.jpg.jpg,Labels/thumbs/NES/the-flinstones-the-rescue-of-dino-and-hoppy-nes-v1-jpg-nes-cartridge-label.jpg,The Flinstones The Rescue of Dino and Hoppy nes V1 jpg,39824
Labels/thumbs/NES/The Legend of Zelda _nes_V1.jpg,Labels/thumbs/NES/the-legend-of-zelda-nes-v1-nes-cartridge-label.jpg,The Legend of Zelda nes V1,23462
Labels/thumbs/NES/The Legend of Zelda Echoe sof Wisdom _nes_V1.jpg,Labels/thumbs/NES/the-legend-of-zelda-echoe-sof-wisdom-nes-v1-nes-cartridge-label.jpg,The Legend of Zelda Echoe sof Wisdom nes V1,33231
Labels/thumbs/NES/The Legend of Zelda Outlanders_nes_V1.jpg,Labels/thumbs/NES/the-legend-of-zelda-outlanders-nes-v1-nes-cartridge-label.jpg,The Legend of Zelda Outlanders nes V1,31052
Labels/thumbs/NES/Thrillas.jpg,Labels/thumbs/NES/thrillas-nes-cartridge-label.jpg,Thrillas,42026
Labels/thumbs/NES/Tiger Heli _nes_V01.jpg,Labels/thumbs/NES/tiger-heli-nes-v01-nes-cartridge-label.jpg,Tiger Heli nes V01,28833
Labels/thumbs/NES/tmntag2_Label.jpg,Labels/thumbs/NES/tmntag2-label-nes-cartridge-label.jpg,tmntag2 Label,41475
Labels/thumbs/NES/tmntag_Label.jpg,Labels/thumbs/NES/tmntag-label-nes-cartridge-label.jpg,tmntag Label,41688
Labels/thumbs/NES/ToxicCrusaders_nes_V.jpg,Labels/thumbs/NES/toxic-crusaders-nes-v-nes-cartridge-label.jpg,Toxic Crusaders nes V,38531
Labels/thumbs/NES/ToxicCrusaders_nes_V2.jpg,Labels/thumbs/NES/toxic-crusaders-nes-v2-nes-cartridge-label.jpg,Toxic Crusaders nes V2,43031
Labels/thumbs/NES/ToxicCrusaders_nes_V3.jpg,Labels/thumbs/NES/toxic-crusaders-nes-v3-nes-cartridge-label.jpg,Toxic Crusaders nes V3,44297
Labels/thumbs/NES/Ufouria _nes_V1.jpg,Labels/thumbs/NES/ufouria-nes-v1-nes-cartridge-label.jpg,Ufouria nes V1,38024
Labels/thumbs/NES/WhompEm_nes_V1.jpg,Labels/thumbs/NES/whomp-em-nes-v1-nes-cartridge-label.jpg,Whomp Em nes V1,34135
Labels/thumbs/NES/Wizards&WarriorsIII_nes_V1.jpg,Labels/thumbs/NES/wizards-and-warriors-iii-nes-v1-nes-cartridge-label.jpg,Wizards&Warriors III nes V1,32115
Labels/thumbs/NES/Wizards&WarriorsIII_nes_V2.jpg,Labels/thumbs/NES/wizards-and-warriors-iii-nes-v2-nes-cartridge-label.jpg,Wizards&Warriors III nes V2,35268
Labels/thumbs/NES/Wizards&WarriorsIII_nes_V3.jpg,Labels/thumbs/NES/wizards-and-warriors-iii-nes-v3-nes-cartridge-label.jpg,Wizards&Warriors III nes V3,35537
Labels/thumbs/NES/WOTBM1_Label.jpg,Labels/thumbs/NES/wotbm1-label-nes-cartridge-label.jpg,WOTBM1 Label,28938
Labels/thumbs/NES/wotbm2_Label.jpg,Labels/thumbs/NES/wotbm2-label-nes-cartridge-label.jpg,wotbm2 Label,25541
Labels/thumbs/NES/wotbm3_Label.jpg,Labels/thumbs/NES/wotbm3-label-nes-cartridge-label.jpg,wotbm3 Label,39679
Labels/thumbs/NES/X-Men - Label.jpg,Labels/thumbs/NES/x-men-label-nes-cartridge-label.jpg,X Men   Label,46518
Labels/thumbs/NES/X-Men _nes_V1.jpg,Labels/thumbs/NES/x-men-nes-v1-nes-cartridge-label.jpg,X-Men nes V1,44195
Labels/thumbs/NES/X-Men _nes_V2.jpg,Labels/thumbs/NES/x-men-nes-v2-nes-cartridge-label.jpg,X-Men nes V2,45697
Labels/thumbs/NES/Zelda II The Adventure of Link (1).jpg,Labels/thumbs/NES/zelda-ii-the-adventure-of-link-1-nes-cartridge-label.jpg,Zelda II The Adventure of Link (1),20294
Labels/thumbs/SNES/101 Dalmatas.jpg,Labels/thumbs/SNES/101-dalmatas-snes-cartridge-label.jpg,101 Dalmatas,26996
Labels/thumbs/SNES/3 Ninjas Kick Back.jpg,Labels/thumbs/SNES/3-ninjas-kick-back-snes-cartridge-label.jpg,3 Ninjas Kick Back,22208
Labels/thumbs/SNES/45 copy.jpg,Labels/thumbs/SNES/45-copy-snes-cartridge-label.jpg,45 copy,28514
Labels/thumbs/SNES/900 IN 1 _snes_v1.jpg,Labels/thumbs/SNES/900-in-1-snes-v1-snes-cartridge-label.jpg,900 IN 1 snes v1,29121
Labels/thumbs/SNES/_backLabel_snes_V1.jpg,Labels/thumbs/SNES/back-label-snes-v1-snes-cartridge-label.jpg,back Label snes V1,26539
Labels/thumbs/SNES/_SNESLabelTemplate_2026.jpg,Labels/thumbs/SNES/snes-label-template-2026-snes-cartridge-label.jpg,SNES Label Template 2026,29273
Labels/thumbs/SNES/Aaahh Real Monsters_snes_v2.jpg,Labels/thumbs/SNES/aaahh-real-monsters-snes-v2-snes-cartridge-label.jpg,Aaahh Real Monsters snes v2,32543
Labels/thumbs/SNES/Aaahh Real Monsters_snes_v3.jpg,Labels/thumbs/SNES/aaahh-real-monsters-snes-v3-snes-cartridge-label.jpg,Aaahh Real Monsters snes v3,31406
Labels/thumbs/SNES/aaahhrealmonsters.jpg,Labels/thumbs/SNES/aaahhrealmonsters-snes-cartridge-label.jpg,aaahhrealmonsters,32735
Labels/thumbs/SNES/ACME Animation Factory.jpg,Labels/thumbs/SNES/acme-animation-factory-snes-cartridge-label.jpg,ACME Animation Factory,30783
Labels/thumbs/SNES/Actraiser 2.jpg,Labels/thumbs/SNES/actraiser-2-snes-cartridge-label.jpg,Actraiser 2,23681
Labels/thumbs/SNES/Actraiser.jpg,Labels/thumbs/SNES/actraiser-snes-cartridge-label.jpg,Actraiser,21422
Labels/thumbs/SNES/Addams Family Values.jpg,Labels/thumbs/SNES/addams-family-values-snes-cartridge-label.jpg,Addams Family Values,25414
Labels/thumbs/SNES/Adventures of Dr.jpg,Labels/thumbs/SNES/adventures-of-dr-snes-cartridge-label.jpg,Adventures of Dr,28011
Labels/thumbs/SNES/Adventures of Yogi Bear.jpg,Labels/thumbs/SNES/adventures-of-yogi-bear-snes-cartridge-label.jpg,Adventures of Yogi Bear,26634
Labels/thumbs/SNES/Aero the Acrobat.jpg,Labels/thumbs/SNES/aero-the-acrobat-snes-cartridge-label.jpg,Aero the Acrobat,21576
Labels/thumbs/SNES/Aero the Arobat_SNES_v1.jpg,Labels/thumbs/SNES/aero-the-arobat-snes-v1-snes-cartridge-label.jpg,Aero the Arobat SNES v1,22590
Labels/thumbs/SNES/AeroFighters_v1.jpg,Labels/thumbs/SNES/aero-fighters-v1-snes-cartridge-label.jpg,Aero Fighters v1,22635
Labels/thumbs/SNES/Ahh Real Monsters_SNES_v1.jpg,Labels/thumbs/SNES/ahh-real-monsters-snes-v1-snes-cartridge-label.jpg,Ahh Real Monsters SNES v1,32196
Labels/thumbs/SNES/AkazukinChacha_SNES_v1.jpg,Labels/thumbs/SNES/akazukin-chacha-snes-v1-snes-cartridge-label.jpg,Akazukin Chacha SNES v1,19302
Labels/thumbs/SNES/AkazukinChacha_SNES_v2.jpg,Labels/thumbs/SNES/akazukin-chacha-snes-v2-snes-cartridge-label.jpg,Akazukin Chacha SNES v2,19225
Labels/thumbs/SNES/AkazukinChacha_SNES_v3.jpg,Labels/thumbs/SNES/akazukin-chacha-snes-v3-snes-cartridge-label.jpg,Akazukin Chacha SNES v3,29108
Labels/thumbs/SNES/AkazukinChacha_SNES_v4.jpg,Labels/thumbs/SNES/akazukin-chacha-snes-v4-snes-cartridge-label.jpg,Akazukin Chacha SNES v4,29120
Labels/thumbs/SNES/AkazukinChacha_SNES_v5.jpg,Labels/thumbs/SNES/akazukin-chacha-snes-v5-snes-cartridge-label.jpg,Akazukin Chacha SNES v5,39217
Labels/thumbs/SNES/AkazukinChacha_SNES_v6.jpg,Labels/thumbs/SNES/akazukin-chacha-snes-v6-snes-cartridge-label.jpg,Akazukin Chacha SNES v6,28136
Labels/thumbs/SNES/Aladdin.jpg,Labels/thumbs/SNES/aladdin-snes-cartridge-label.jpg,Aladdin,23486
Labels/thumbs/SNES/Alfred Chicken.jpg,Labels/thumbs/SNES/alfred-chicken-snes-cartridge-label.jpg,Alfred Chicken,29355
Labels/thumbs/SNES/Alfred the Chicken.jpg,Labels/thumbs/SNES/alfred-the-chicken-snes-cartridge-label.jpg,Alfred the Chicken,30042
Labels/thumbs/SNES/Alien 3.jpg,Labels/thumbs/SNES/alien-3-snes-cartridge-label.jpg,Alien 3,19382
Labels/thumbs/SNES/Alien vs Predator.jpg,Labels/thumbs/SNES/alien-vs-predator-snes-cartridge-label.jpg,Alien vs Predator,28403
Labels/thumbs/SNES/American Gladiators.jpg,Labels/thumbs/SNES/american-gladiators-snes-cartridge-label.jpg,American Gladiators,26314
Labels/thumbs/SNES/An American Tail Fievel Goes West.jpg,Labels/thumbs/SNES/an-american-tail-fievel-goes-west-snes-cartridge-label.jpg,An American Tail Fievel Goes West,32570
Labels/thumbs/SNES/Animaniacs.jpg,Labels/thumbs/SNES/animaniacs-snes-cartridge-label.jpg,Animaniacs,27172
Labels/thumbs/SNES/ardy light foot V2.jpg,Labels/thumbs/SNES/ardy-light-foot-v2-snes-cartridge-label.jpg,ardy light foot V2,27359
Labels/thumbs/SNES/Ardy Light Foot.jpg,Labels/thumbs/SNES/ardy-light-foot-snes-cartridge-label.jpg,Ardy Light Foot,25053
Labels/thumbs/SNES/ardy lightfoot.jpg,Labels/thumbs/SNES/ardy-lightfoot-snes-cartridge-label.jpg,ardy lightfoot,25058
Labels/thumbs/SNES/Arkanoid Doh It Again.jpg,Labels/thumbs/SNES/arkanoid-doh-it-again-snes-cartridge-label.jpg,Arkanoid Doh It Again,29221
Labels/thumbs/SNES/Art of Fighting 2.jpg,Labels/thumbs/SNES/art-of-fighting-2-snes-cartridge-label.jpg,Art of Fighting 2,24558
Labels/thumbs/SNES/Art of Fighting.jpg,Labels/thumbs/SNES/art-of-fighting-snes-cartridge-label.jpg,Art of Fighting,28013
Labels/thumbs/SNES/Axelay.jpg,Labels/thumbs/SNES/axelay-snes-cartridge-label.jpg,Axelay,30487
Labels/thumbs/SNES/AY.jpg,Labels/thumbs/SNES/ay-snes-cartridge-label.jpg,AY,20848
Labels/thumbs/SNES/B.O.B..jpg,Labels/thumbs/SNES/b-o-b-snes-cartridge-label.jpg,B O B,22764
Labels/thumbs/SNES/Bahamut Lagoon.jpg,Labels/thumbs/SNES/bahamut-lagoon-snes-cartridge-label.jpg,Bahamut Lagoon,27395
Labels/thumbs/SNES/Ballz 3D.jpg,Labels/thumbs/SNES/ballz-3d-snes-cartridge-label.jpg,Ballz 3D,26244
Labels/thumbs/SNES/Barkley Shut Up and Jam!.jpg,Labels/thumbs/SNES/barkley-shut-up-and-jam-snes-cartridge-label.jpg,Barkley Shut Up and Jam!,23418
Labels/thumbs/SNES/Bass Masters Classic.jpg,Labels/thumbs/SNES/bass-masters-classic-snes-cartridge-label.jpg,Bass Masters Classic,31599
Labels/thumbs/SNES/Bassin's Black Bass.jpg,Labels/thumbs/SNES/bassin-s-black-bass-snes-cartridge-label.jpg,Bassin's Black Bass,30460
Labels/thumbs/SNES/Batman Returns.jpg,Labels/thumbs/SNES/batman-returns-snes-cartridge-label.jpg,Batman Returns,25586
Labels/thumbs/SNES/Batman Returns_ _SNES_v1.jpg,Labels/thumbs/SNES/batman-returns-snes-v1-snes-cartridge-label.jpg,Batman Returns SNES v1,25044
Labels/thumbs/SNES/Batman Returns_ _SNES_v2.jpg,Labels/thumbs/SNES/batman-returns-snes-v2-snes-cartridge-label.jpg,Batman Returns SNES v2,26928
Labels/thumbs/SNES/Batman Returns_ _SNES_v3.jpg,Labels/thumbs/SNES/batman-returns-snes-v3-snes-cartridge-label.jpg,Batman Returns SNES v3,22377
Labels/thumbs/SNES/BatmanForever_snes_v1.jpg,Labels/thumbs/SNES/batman-forever-snes-v1-snes-cartridge-label.jpg,Batman Forever snes v1,24927
Labels/thumbs/SNES/Battle Cars.jpg,Labels/thumbs/SNES/battle-cars-snes-cartridge-label.jpg,Battle Cars,30283
Labels/thumbs/SNES/Battle Grand Prix.jpg,Labels/thumbs/SNES/battle-grand-prix-snes-cartridge-label.jpg,Battle Grand Prix,31177
Labels/thumbs/SNES/Battleclash.jpg,Labels/thumbs/SNES/battleclash-snes-cartridge-label.jpg,Battleclash,28849
Labels/thumbs/SNES/Battletoads Double Dragon V2.jpg,Labels/thumbs/SNES/battletoads-double-dragon-v2-snes-cartridge-label.jpg,Battletoads Double Dragon V2,42841
Labels/thumbs/SNES/Battletoads Double Dragon V3.jpg,Labels/thumbs/SNES/battletoads-double-dragon-v3-snes-cartridge-label.jpg,Battletoads Double Dragon V3,32797
Labels/thumbs/SNES/Battletoads Double Dragon V4.jpg,Labels/thumbs/SNES/battletoads-double-dragon-v4-snes-cartridge-label.jpg,Battletoads Double Dragon V4,33680
Labels/thumbs/SNES/Battletoads Double Dragon.jpg,Labels/thumbs/SNES/battletoads-double-dragon-snes-cartridge-label.jpg,Battletoads Double Dragon,31489
Labels/thumbs/SNES/Battletoads in Battlemaniacs_SNES_v1.jpg,Labels/thumbs/SNES/battletoads-in-battlemaniacs-snes-v1-snes-cartridge-label.jpg,Battletoads in Battlemaniacs SNES v1,30269
Labels/thumbs/SNES/BeavisandButthead_SNES_v1.jpg,Labels/thumbs/SNES/beavisand-butthead-snes-v1-snes-cartridge-label.jpg,Beavisand Butthead SNES v1,24418
Labels/thumbs/SNES/Beethoven The Ultimate Canine Caper.jpg,Labels/thumbs/SNES/beethoven-the-ultimate-canine-caper-snes-cartridge-label.jpg,Beethoven The Ultimate Canine Caper,28744
Labels/thumbs/SNES/Big Sky Trooper.jpg,Labels/thumbs/SNES/big-sky-trooper-snes-cartridge-label.jpg,Big Sky Trooper,26465
Labels/thumbs/SNES/Biker Mice from Mars_SNES_v1.jpg,Labels/thumbs/SNES/biker-mice-from-mars-snes-v1-snes-cartridge-label.jpg,Biker Mice from Mars SNES v1,30642
Labels/thumbs/SNES/Biker Mice from Mars_SNES_v2.jpg,Labels/thumbs/SNES/biker-mice-from-mars-snes-v2-snes-cartridge-label.jpg,Biker Mice from Mars SNES v2,33735
Labels/thumbs/SNES/Biker Mice from Mars_SNES_v3.jpg,Labels/thumbs/SNES/biker-mice-from-mars-snes-v3-snes-cartridge-label.jpg,Biker Mice from Mars SNES v3,30789
Labels/thumbs/SNES/Biker Mice from Mars_SNES_v4.jpg,Labels/thumbs/SNES/biker-mice-from-mars-snes-v4-snes-cartridge-label.jpg,Biker Mice from Mars SNES v4,35234
Labels/thumbs/SNES/Blackthorne.jpg,Labels/thumbs/SNES/blackthorne-snes-cartridge-label.jpg,Blackthorne,27824
Labels/thumbs/SNES/Bonkers.jpg,Labels/thumbs/SNES/bonkers-snes-cartridge-label.jpg,Bonkers,27921
Labels/thumbs/SNES/Boogerman_SNES_v1.jpg,Labels/thumbs/SNES/boogerman-snes-v1-snes-cartridge-label.jpg,Boogerman SNES v1,30305
Labels/thumbs/SNES/Boogerman_SNES_v2.jpg,Labels/thumbs/SNES/boogerman-snes-v2-snes-cartridge-label.jpg,Boogerman SNES v2,26815
Labels/thumbs/SNES/Bounty Sword.jpg,Labels/thumbs/SNES/bounty-sword-snes-cartridge-label.jpg,Bounty Sword,25840
Labels/thumbs/SNES/Boxing Legends of the Ring.jpg,Labels/thumbs/SNES/boxing-legends-of-the-ring-snes-cartridge-label.jpg,Boxing Legends of the Ring,24482
Labels/thumbs/SNES/Brain Lord.jpg,Labels/thumbs/SNES/brain-lord-snes-cartridge-label.jpg,Brain Lord,24116
Labels/thumbs/SNES/BrainLord_snes_v1.jpg,Labels/thumbs/SNES/brain-lord-snes-v1-snes-cartridge-label.jpg,Brain Lord snes v1,25066
Labels/thumbs/SNES/BrainLord_SNES_v2.jpg,Labels/thumbs/SNES/brain-lord-snes-v2-snes-cartridge-label.jpg,Brain Lord SNES v2,31458
Labels/thumbs/SNES/Brandish.jpg,Labels/thumbs/SNES/brandish-snes-cartridge-label.jpg,Brandish,28126
Labels/thumbs/SNES/Brawl Brothers.jpg,Labels/thumbs/SNES/brawl-brothers-snes-cartridge-label.jpg,Brawl Brothers,28651
Labels/thumbs/SNES/Breath of Fire II_SNES_v1.jpg,Labels/thumbs/SNES/breath-of-fire-ii-snes-v1-snes-cartridge-label.jpg,Breath of Fire II SNES v1,32258
Labels/thumbs/SNES/Breath of Fire II_SNES_v2.jpg,Labels/thumbs/SNES/breath-of-fire-ii-snes-v2-snes-cartridge-label.jpg,Breath of Fire II SNES v2,43036
Labels/thumbs/SNES/Breath of Fire II_SNES_v3.jpg,Labels/thumbs/SNES/breath-of-fire-ii-snes-v3-snes-cartridge-label.jpg,Breath of Fire II SNES v3,31797
Labels/thumbs/SNES/Breath of Fire II_SNES_v4.jpg,Labels/thumbs/SNES/breath-of-fire-ii-snes-v4-snes-cartridge-label.jpg,Breath of Fire II SNES v4,30670
Labels/thumbs/SNES/Breath Of Fire.jpg,Labels/thumbs/SNES/breath-of-fire-snes-cartridge-label.jpg,Breath Of Fire,31129
Labels/thumbs/SNES/breathoffireSNES.jpg,Labels/thumbs/SNES/breathoffire-snes-snes-cartridge-label.jpg,breathoffire SNES,33694
Labels/thumbs/SNES/Bronkie the Bronchiasaurus.jpg,Labels/thumbs/SNES/bronkie-the-bronchiasaurus-snes-cartridge-label.jpg,Bronkie the Bronchiasaurus,27552
Labels/thumbs/SNES/Brutal - Paws of Fury.jpg,Labels/thumbs/SNES/brutal-paws-of-fury-snes-cartridge-label.jpg,Brutal   Paws of Fury,26685
Labels/thumbs/SNES/Bubsy 2.jpg,Labels/thumbs/SNES/bubsy-2-snes-cartridge-label.jpg,Bubsy 2,28029
Labels/thumbs/SNES/Bubsy.jpg,Labels/thumbs/SNES/bubsy-snes-cartridge-label.jpg,Bubsy,27764
Labels/thumbs/SNES/Bugs Bunny Rabbit Rampage.jpg,Labels/thumbs/SNES/bugs-bunny-rabbit-rampage-snes-cartridge-label.jpg,Bugs Bunny Rabbit Rampage,28992
Labels/thumbs/SNES/Bulls vs Blazers.jpg,Labels/thumbs/SNES/bulls-vs-blazers-snes-cartridge-label.jpg,Bulls vs Blazers,28385
Labels/thumbs/SNES/Bust-A-Move_SNES_v1.jpg,Labels/thumbs/SNES/bust-a-move-snes-v1-snes-cartridge-label.jpg,Bust-A-Move SNES v1,27182
Labels/thumbs/SNES/C2 - Judgement Clay.jpg,Labels/thumbs/SNES/c2-judgement-clay-snes-cartridge-label.jpg,C2   Judgement Clay,26457
Labels/thumbs/SNES/California Games II.jpg,Labels/thumbs/SNES/california-games-ii-snes-cartridge-label.jpg,California Games II,27508
Labels/thumbs/SNES/CampeonatoBrasileiro95_SNES_v1.jpg,Labels/thumbs/SNES/campeonato-brasileiro95-snes-v1-snes-cartridge-label.jpg,Campeonato Brasileiro95 SNES v1,22619
Labels/thumbs/SNES/CampeonatoBrasileiro96_snes_v1.jpg,Labels/thumbs/SNES/campeonato-brasileiro96-snes-v1-snes-cartridge-label.jpg,Campeonato Brasileiro96 snes v1,21494
Labels/thumbs/SNES/Cannondale Cup.jpg,Labels/thumbs/SNES/cannondale-cup-snes-cartridge-label.jpg,Cannondale Cup,30806
Labels/thumbs/SNES/Captain Commando _snes_v1.jpg,Labels/thumbs/SNES/captain-commando-snes-v1-snes-cartridge-label.jpg,Captain Commando snes v1,29048
Labels/thumbs/SNES/Captain Commando _snes_v2.jpg,Labels/thumbs/SNES/captain-commando-snes-v2-snes-cartridge-label.jpg,Captain Commando snes v2,29859
Labels/thumbs/SNES/Captain Commando _snes_v3.jpg,Labels/thumbs/SNES/captain-commando-snes-v3-snes-cartridge-label.jpg,Captain Commando snes v3,29227
Labels/thumbs/SNES/Captain Commando _snes_v4 (2).jpg,Labels/thumbs/SNES/captain-commando-snes-v4-2-snes-cartridge-label.jpg,Captain Commando snes v4 (2),32087
Labels/thumbs/SNES/Captain Novolin.jpg,Labels/thumbs/SNES/captain-novolin-snes-cartridge-label.jpg,Captain Novolin,25009
Labels/thumbs/SNES/CaptainAmericaandtheAvengers_snes_v1.jpg,Labels/thumbs/SNES/captain-americaandthe-avengers-snes-v1-snes-cartridge-label.jpg,Captain Americaandthe Avengers snes v1,31240
Labels/thumbs/SNES/CaptainAmericaandtheAvengers_snes_v2.jpg,Labels/thumbs/SNES/captain-americaandthe-avengers-snes-v2-snes-cartridge-label.jpg,Captain Americaandthe Avengers snes v2,38109
Labels/thumbs/SNES/CaptainAmericaandtheAvengers_snes_v3.jpg,Labels/thumbs/SNES/captain-americaandthe-avengers-snes-v3-snes-cartridge-label.jpg,Captain Americaandthe Avengers snes v3,32856
Labels/thumbs/SNES/CaptainAmericaandtheAvengers_snes_v4.jpg,Labels/thumbs/SNES/captain-americaandthe-avengers-snes-v4-snes-cartridge-label.jpg,Captain Americaandthe Avengers snes v4,31107
Labels/thumbs/SNES/Casper.jpg,Labels/thumbs/SNES/casper-snes-cartridge-label.jpg,Casper,19130
Labels/thumbs/SNES/Castlevania IV  _SNES_v10.jpg,Labels/thumbs/SNES/castlevania-iv-snes-v10-snes-cartridge-label.jpg,Castlevania IV SNES v10,34115
Labels/thumbs/SNES/Castlevania IV  _SNES_v8.jpg,Labels/thumbs/SNES/castlevania-iv-snes-v8-snes-cartridge-label.jpg,Castlevania IV SNES v8,32290
Labels/thumbs/SNES/CastlevaniaIV_snes_v1.jpg,Labels/thumbs/SNES/castlevania-iv-snes-v1-snes-cartridge-label.jpg,Castlevania IV snes v1,25721
Labels/thumbs/SNES/CastlevaniaIV_snes_v2.jpg,Labels/thumbs/SNES/castlevania-iv-snes-v2-snes-cartridge-label.jpg,Castlevania IV snes v2,26663
Labels/thumbs/SNES/CastlevaniaIV_snes_v3.jpg,Labels/thumbs/SNES/castlevania-iv-snes-v3-snes-cartridge-label.jpg,Castlevania IV snes v3,30111
Labels/thumbs/SNES/CastlevaniaIV_snes_v4.jpg,Labels/thumbs/SNES/castlevania-iv-snes-v4-snes-cartridge-label.jpg,Castlevania IV snes v4,25059
Labels/thumbs/SNES/CastlevaniaIV_snes_v5.jpg,Labels/thumbs/SNES/castlevania-iv-snes-v5-snes-cartridge-label.jpg,Castlevania IV snes v5,37059
Labels/thumbs/SNES/CastlevaniaIV_snes_v6.jpg,Labels/thumbs/SNES/castlevania-iv-snes-v6-snes-cartridge-label.jpg,Castlevania IV snes v6,27264
Labels/thumbs/SNES/CastlevaniaIV_snes_v7.jpg,Labels/thumbs/SNES/castlevania-iv-snes-v7-snes-cartridge-label.jpg,Castlevania IV snes v7,24663
Labels/thumbs/SNES/Chester Cheetah - To Cool To Fool.jpg,Labels/thumbs/SNES/chester-cheetah-to-cool-to-fool-snes-cartridge-label.jpg,Chester Cheetah   To Cool To Fool,28768
Labels/thumbs/SNES/Chester Cheetah - Wild Wild Quest.jpg,Labels/thumbs/SNES/chester-cheetah-wild-wild-quest-snes-cartridge-label.jpg,Chester Cheetah   Wild Wild Quest,23391
Labels/thumbs/SNES/Chopfliter III.jpg,Labels/thumbs/SNES/chopfliter-iii-snes-cartridge-label.jpg,Chopfliter III,20693
Labels/thumbs/SNES/Chrono Trigger -  Crimson Echoes.jpg,Labels/thumbs/SNES/chrono-trigger-crimson-echoes-snes-cartridge-label.jpg,Chrono Trigger - Crimson Echoes,23575
Labels/thumbs/SNES/Chrono Trigger 1.jpg,Labels/thumbs/SNES/chrono-trigger-1-snes-cartridge-label.jpg,Chrono Trigger 1,27279
Labels/thumbs/SNES/Clay Fighter Tournament Edition.jpg,Labels/thumbs/SNES/clay-fighter-tournament-edition-snes-cartridge-label.jpg,Clay Fighter Tournament Edition,26815
Labels/thumbs/SNES/Claymates am.jpg,Labels/thumbs/SNES/claymates-am-snes-cartridge-label.jpg,Claymates am,25292
Labels/thumbs/SNES/Cliffhanger.jpg,Labels/thumbs/SNES/cliffhanger-snes-cartridge-label.jpg,Cliffhanger,21708
Labels/thumbs/SNES/Clock Tower.jpg,Labels/thumbs/SNES/clock-tower-snes-cartridge-label.jpg,Clock Tower,19588
Labels/thumbs/SNES/Clue_snes_v1.jpg,Labels/thumbs/SNES/clue-snes-v1-snes-cartridge-label.jpg,Clue snes v1,29449
Labels/thumbs/SNES/College Slam.jpg,Labels/thumbs/SNES/college-slam-snes-cartridge-label.jpg,College Slam,27394
Labels/thumbs/SNES/Congos Caper.jpg,Labels/thumbs/SNES/congos-caper-snes-cartridge-label.jpg,Congos Caper,30604
Labels/thumbs/SNES/CongosCaper_snes_v1.jpg,Labels/thumbs/SNES/congos-caper-snes-v1-snes-cartridge-label.jpg,Congos Caper snes v1,30595
Labels/thumbs/SNES/CongosCaper_snes_v2.jpg,Labels/thumbs/SNES/congos-caper-snes-v2-snes-cartridge-label.jpg,Congos Caper snes v2,31992
Labels/thumbs/SNES/CongosCaper_snes_v3.jpg,Labels/thumbs/SNES/congos-caper-snes-v3-snes-cartridge-label.jpg,Congos Caper snes v3,31675
Labels/thumbs/SNES/CongosCaper_snes_v4.jpg,Labels/thumbs/SNES/congos-caper-snes-v4-snes-cartridge-label.jpg,Congos Caper snes v4,26627
Labels/thumbs/SNES/Contra II The Alien Wars_snes_v1.jpg,Labels/thumbs/SNES/contra-ii-the-alien-wars-snes-v1-snes-cartridge-label.jpg,Contra II The Alien Wars snes v1,25664
Labels/thumbs/SNES/Contra II The Alien Wars_snes_v2.jpg,Labels/thumbs/SNES/contra-ii-the-alien-wars-snes-v2-snes-cartridge-label.jpg,Contra II The Alien Wars snes v2,38642
Labels/thumbs/SNES/Contra II The Alien Wars_snes_v3.jpg,Labels/thumbs/SNES/contra-ii-the-alien-wars-snes-v3-snes-cartridge-label.jpg,Contra II The Alien Wars snes v3,34653
Labels/thumbs/SNES/Cool Spot.jpg,Labels/thumbs/SNES/cool-spot-snes-cartridge-label.jpg,Cool Spot,24237
Labels/thumbs/SNES/Cutthroat Island.jpg,Labels/thumbs/SNES/cutthroat-island-snes-cartridge-label.jpg,Cutthroat Island,25931
Labels/thumbs/SNES/Cyber Spin.jpg,Labels/thumbs/SNES/cyber-spin-snes-cartridge-label.jpg,Cyber Spin,23687
Labels/thumbs/SNES/Cybernator.jpg,Labels/thumbs/SNES/cybernator-snes-cartridge-label.jpg,Cybernator,24434
Labels/thumbs/SNES/Daffy Duck Marvin Missions_SNES_v1.jpg,Labels/thumbs/SNES/daffy-duck-marvin-missions-snes-v1-snes-cartridge-label.jpg,Daffy Duck Marvin Missions SNES v1,28419
Labels/thumbs/SNES/DazeBeforeChristmas_snes_3.jpg,Labels/thumbs/SNES/daze-before-christmas-snes-3-snes-cartridge-label.jpg,Daze Before Christmas snes 3,33626
Labels/thumbs/SNES/DazeBeforeChristmas_snes_v1.jpg,Labels/thumbs/SNES/daze-before-christmas-snes-v1-snes-cartridge-label.jpg,Daze Before Christmas snes v1,31123
Labels/thumbs/SNES/DazeBeforeChristmas_snes_v2.jpg,Labels/thumbs/SNES/daze-before-christmas-snes-v2-snes-cartridge-label.jpg,Daze Before Christmas snes v2,27951
Labels/thumbs/SNES/Demon's Crest V1.jpg,Labels/thumbs/SNES/demon-s-crest-v1-snes-cartridge-label.jpg,Demon's Crest V1,24425
Labels/thumbs/SNES/Demon's Crest.jpg,Labels/thumbs/SNES/demon-s-crest-snes-cartridge-label.jpg,Demon's Crest,26763
Labels/thumbs/SNES/Donald Duck no Mahou no Boushi.jpg,Labels/thumbs/SNES/donald-duck-no-mahou-no-boushi-snes-cartridge-label.jpg,Donald Duck no Mahou no Boushi,27166
Labels/thumbs/SNES/Donkey Kong Country 2 Americana.jpg,Labels/thumbs/SNES/donkey-kong-country-2-americana-snes-cartridge-label.jpg,Donkey Kong Country 2 Americana,32491
Labels/thumbs/SNES/donkey kong country 3.jpg,Labels/thumbs/SNES/donkey-kong-country-3-snes-cartridge-label.jpg,donkey kong country 3,30424
Labels/thumbs/SNES/donkey kong country 3V2.jpg,Labels/thumbs/SNES/donkey-kong-country-3v2-snes-cartridge-label.jpg,donkey kong country 3V2,25159
Labels/thumbs/SNES/donkey kong country 3V3.jpg,Labels/thumbs/SNES/donkey-kong-country-3v3-snes-cartridge-label.jpg,donkey kong country 3V3,29601
Labels/thumbs/SNES/Donkey Kong Country_SNES_V1.jpg,Labels/thumbs/SNES/donkey-kong-country-snes-v1-snes-cartridge-label.jpg,Donkey Kong Country SNES V1,33683
Labels/thumbs/SNES/DonkeyKongCountry 3.jpg,Labels/thumbs/SNES/donkeykongcountry-3-snes-cartridge-label.jpg,DonkeyKongCountry 3,33148
Labels/thumbs/SNES/Double Dragon V -  The Shadow Falls.jpg,Labels/thumbs/SNES/double-dragon-v-the-shadow-falls-snes-cartridge-label.jpg,Double Dragon V - The Shadow Falls,34257
Labels/thumbs/SNES/draculaX_2.jpg,Labels/thumbs/SNES/dracula-x-2-snes-cartridge-label.jpg,dracula X 2,30967
Labels/thumbs/SNES/draculaX_3.jpg,Labels/thumbs/SNES/dracula-x-3-snes-cartridge-label.jpg,dracula X 3,29745
Labels/thumbs/SNES/draculaX_4.jpg,Labels/thumbs/SNES/dracula-x-4-snes-cartridge-label.jpg,dracula X 4,25961
Labels/thumbs/SNES/DraculaX_SNES_v1.jpg,Labels/thumbs/SNES/dracula-x-snes-v1-snes-cartridge-label.jpg,Dracula X SNES v1,26897
Labels/thumbs/SNES/Dragon Ball Z - Hyper Dimension.jpg,Labels/thumbs/SNES/dragon-ball-z-hyper-dimension-snes-cartridge-label.jpg,Dragon Ball Z - Hyper Dimension,27778
Labels/thumbs/SNES/Dragon Ball Z - Hyper Dimensionv1point5.jpg,Labels/thumbs/SNES/dragon-ball-z-hyper-dimensionv1point5-snes-cartridge-label.jpg,Dragon Ball Z - Hyper Dimensionv1point5,34008
Labels/thumbs/SNES/Dragon Ball Z - Legend of the Super Saiyan.jpg,Labels/thumbs/SNES/dragon-ball-z-legend-of-the-super-saiyan-snes-cartridge-label.jpg,Dragon Ball Z - Legend of the Super Saiyan,27697
Labels/thumbs/SNES/Dragon Ball Z - Super Butouden.jpg,Labels/thumbs/SNES/dragon-ball-z-super-butouden-snes-cartridge-label.jpg,Dragon Ball Z - Super Butouden,28395
Labels/thumbs/SNES/Dragon Ball Z - Super Gokuden.jpg,Labels/thumbs/SNES/dragon-ball-z-super-gokuden-snes-cartridge-label.jpg,Dragon Ball Z - Super Gokuden,26421
Labels/thumbs/SNES/Dragon Ball Z Super Batouden 2 (personalizada).jpg,Labels/thumbs/SNES/dragon-ball-z-super-batouden-2-personalizada-snes-cartridge-label.jpg,Dragon Ball Z Super Batouden 2 (personalizada),30619
Labels/thumbs/SNES/Dragon Ball Z Super Batouden 2 V2B.jpg,Labels/thumbs/SNES/dragon-ball-z-super-batouden-2-v2b-snes-cartridge-label.jpg,Dragon Ball Z Super Batouden 2 V2B,27021
Labels/thumbs/SNES/Dragon's Lair (Personalizada).jpg,Labels/thumbs/SNES/dragon-s-lair-personalizada-snes-cartridge-label.jpg,Dragon's Lair (Personalizada),30071
Labels/thumbs/SNES/Dungeon Master.jpg,Labels/thumbs/SNES/dungeon-master-snes-cartridge-label.jpg,Dungeon Master,25282
Labels/thumbs/SNES/Earthbound _SNES_v1.jpg,Labels/thumbs/SNES/earthbound-snes-v1-snes-cartridge-label.jpg,Earthbound SNES v1,22489
Labels/thumbs/SNES/Earthbound _SNES_v2.jpg,Labels/thumbs/SNES/earthbound-snes-v2-snes-cartridge-label.jpg,Earthbound SNES v2,26314
Labels/thumbs/SNES/Earthworm Jim_SNES_v1.jpg,Labels/thumbs/SNES/earthworm-jim-snes-v1-snes-cartridge-label.jpg,Earthworm Jim SNES v1,24894
Labels/thumbs/SNES/EarthwormJim_SNES_v2.jpg,Labels/thumbs/SNES/earthworm-jim-snes-v2-snes-cartridge-label.jpg,Earthworm Jim SNES v2,27926
Labels/thumbs/SNES/EarthwormJim_SNES_v3.jpg,Labels/thumbs/SNES/earthworm-jim-snes-v3-snes-cartridge-label.jpg,Earthworm Jim SNES v3,24370
Labels/thumbs/SNES/f zero.jpg,Labels/thumbs/SNES/f-zero-snes-cartridge-label.jpg,f zero,25735
Labels/thumbs/SNES/F-ZERO_2_SNES_v1.jpg,Labels/thumbs/SNES/f-zero-2-snes-v1-snes-cartridge-label.jpg,F-ZERO 2 SNES v1,32012
Labels/thumbs/SNES/F-Zero_3_SNES_v1.jpg,Labels/thumbs/SNES/f-zero-3-snes-v1-snes-cartridge-label.jpg,F-Zero 3 SNES v1,29519
Labels/thumbs/SNES/F-ZERO_SNES_v1.jpg,Labels/thumbs/SNES/f-zero-snes-v1-snes-cartridge-label.jpg,F-ZERO SNES v1,23840
Labels/thumbs/SNES/Fatal Fury 2.jpg,Labels/thumbs/SNES/fatal-fury-2-snes-cartridge-label.jpg,Fatal Fury 2,27832
Labels/thumbs/SNES/Fatal Fury Special V2.jpg,Labels/thumbs/SNES/fatal-fury-special-v2-snes-cartridge-label.jpg,Fatal Fury Special V2,32950
Labels/thumbs/SNES/Fatal Fury Special V3.jpg,Labels/thumbs/SNES/fatal-fury-special-v3-snes-cartridge-label.jpg,Fatal Fury Special V3,41838
Labels/thumbs/SNES/Fatal Fury Special V4.jpg,Labels/thumbs/SNES/fatal-fury-special-v4-snes-cartridge-label.jpg,Fatal Fury Special V4,30379
Labels/thumbs/SNES/Fatal Fury Special V5.jpg,Labels/thumbs/SNES/fatal-fury-special-v5-snes-cartridge-label.jpg,Fatal Fury Special V5,26916
Labels/thumbs/SNES/Fatal Fury Special.jpg,Labels/thumbs/SNES/fatal-fury-special-snes-cartridge-label.jpg,Fatal Fury Special,28948
Labels/thumbs/SNES/ffIV.jpg,Labels/thumbs/SNES/ff-iv-snes-cartridge-label.jpg,ff IV,22926
Labels/thumbs/SNES/Fifa Soccer 96.jpg,Labels/thumbs/SNES/fifa-soccer-96-snes-cartridge-label.jpg,Fifa Soccer 96,24673
Labels/thumbs/SNES/Final Fantasy 2.jpg,Labels/thumbs/SNES/final-fantasy-2-snes-cartridge-label.jpg,Final Fantasy 2,19082
Labels/thumbs/SNES/Final Fantasy 3.jpg,Labels/thumbs/SNES/final-fantasy-3-snes-cartridge-label.jpg,Final Fantasy 3,20920
Labels/thumbs/SNES/Final Fantasy 4.jpg,Labels/thumbs/SNES/final-fantasy-4-snes-cartridge-label.jpg,Final Fantasy 4,22160
Labels/thumbs/SNES/Final Fantasy 5.jpg,Labels/thumbs/SNES/final-fantasy-5-snes-cartridge-label.jpg,Final Fantasy 5,20646
Labels/thumbs/SNES/Final Fantasy III  _SNES_v1 - Copy.jpg,Labels/thumbs/SNES/final-fantasy-iii-snes-v1-copy-snes-cartridge-label.jpg,Final Fantasy III SNES v1 - Copy,20545
Labels/thumbs/SNES/Final Fantasy Mystic Quest.jpg,Labels/thumbs/SNES/final-fantasy-mystic-quest-snes-cartridge-label.jpg,Final Fantasy Mystic Quest,22253
Labels/thumbs/SNES/final fight.jpg,Labels/thumbs/SNES/final-fight-snes-cartridge-label.jpg,final fight,29023
Labels/thumbs/SNES/Final Fight_SNES_v1.jpg,Labels/thumbs/SNES/final-fight-snes-v1-snes-cartridge-label.jpg,Final Fight SNES v1,25976
Labels/thumbs/SNES/Final_fight_2.bmp.jpg,Labels/thumbs/SNES/final-fight-2-bmp-snes-cartridge-label.jpg,Final fight 2.bmp,27437
Labels/thumbs/SNES/FinalFight3.jpg,Labels/thumbs/SNES/final-fight3-snes-cartridge-label.jpg,Final Fight3,27973
Labels/thumbs/SNES/Flashback.jpg,Labels/thumbs/SNES/flashback-snes-cartridge-label.jpg,Flashback,24661
Labels/thumbs/SNES/Flashback_SNES_v1.jpg,Labels/thumbs/SNES/flashback-snes-v1-snes-cartridge-label.jpg,Flashback SNES v1,26190
Labels/thumbs/SNES/Ghouls N GhostsV1.jpg,Labels/thumbs/SNES/ghouls-n-ghosts-v1-snes-cartridge-label.jpg,Ghouls N Ghosts V1,30105
Labels/thumbs/SNES/gods.jpg,Labels/thumbs/SNES/gods-snes-cartridge-label.jpg,gods,29010
Labels/thumbs/SNES/GodzillaDestroyAllMonsters_SNES_v1.jpg,Labels/thumbs/SNES/godzilla-destroy-all-monsters-snes-v1-snes-cartridge-label.jpg,Godzilla Destroy All Monsters SNES v1,29932
Labels/thumbs/SNES/Goof Troop.jpg,Labels/thumbs/SNES/goof-troop-snes-cartridge-label.jpg,Goof Troop,28698
Labels/thumbs/SNES/Gradius III _SNES_v1.jpg,Labels/thumbs/SNES/gradius-iii-snes-v1-snes-cartridge-label.jpg,Gradius III SNES v1,25491
Labels/thumbs/SNES/Gundam Wing Endless Duel am.jpg,Labels/thumbs/SNES/gundam-wing-endless-duel-am-snes-cartridge-label.jpg,Gundam Wing Endless Duel am,28074
Labels/thumbs/SNES/Hagane_SNES_v1.jpg,Labels/thumbs/SNES/hagane-snes-v1-snes-cartridge-label.jpg,Hagane SNES v1,27193
Labels/thumbs/SNES/Hagane_SNES_v2.jpg,Labels/thumbs/SNES/hagane-snes-v2-snes-cartridge-label.jpg,Hagane SNES v2,26498
Labels/thumbs/SNES/Hagane_snes_v3.jpg,Labels/thumbs/SNES/hagane-snes-v3-snes-cartridge-label.jpg,Hagane snes v3,25658
Labels/thumbs/SNES/HarvestMoon_SNES_V1.jpg,Labels/thumbs/SNES/harvest-moon-snes-v1-snes-cartridge-label.jpg,Harvest Moon SNES V1,32420
Labels/thumbs/SNES/HarvestMoon_SNES_V2.jpg,Labels/thumbs/SNES/harvest-moon-snes-v2-snes-cartridge-label.jpg,Harvest Moon SNES V2,34711
Labels/thumbs/SNES/HarvestMoon_SNES_V3.jpg,Labels/thumbs/SNES/harvest-moon-snes-v3-snes-cartridge-label.jpg,Harvest Moon SNES V3,33838
Labels/thumbs/SNES/HarvestMoon_SNES_V4.jpg,Labels/thumbs/SNES/harvest-moon-snes-v4-snes-cartridge-label.jpg,Harvest Moon SNES V4,30304
Labels/thumbs/SNES/Illusion of GAIA.jpg,Labels/thumbs/SNES/illusion-of-gaia-snes-cartridge-label.jpg,Illusion of GAIA,24356
Labels/thumbs/SNES/Inspector Gadget.jpg,Labels/thumbs/SNES/inspector-gadget-snes-cartridge-label.jpg,Inspector Gadget,27525
Labels/thumbs/SNES/Iron Commando.jpg,Labels/thumbs/SNES/iron-commando-snes-cartridge-label.jpg,Iron Commando,27580
Labels/thumbs/SNES/Joe & Mac 1.jpg,Labels/thumbs/SNES/joe-and-mac-1-snes-cartridge-label.jpg,Joe & Mac 1,22666
Labels/thumbs/SNES/Joe & Mac 2 Lost in the Tropics.jpg,Labels/thumbs/SNES/joe-and-mac-2-lost-in-the-tropics-snes-cartridge-label.jpg,Joe & Mac 2 Lost in the Tropics,31875
Labels/thumbs/SNES/JoeAndMac2_SNES_v1.jpg,Labels/thumbs/SNES/joe-and-mac2-snes-v1-snes-cartridge-label.jpg,Joe And Mac2 SNES v1,31416
Labels/thumbs/SNES/JoeAndMac2_SNES_v2.jpg,Labels/thumbs/SNES/joe-and-mac2-snes-v2-snes-cartridge-label.jpg,Joe And Mac2 SNES v2,33095
Labels/thumbs/SNES/JoeAndMac2_SNES_v3.jpg,Labels/thumbs/SNES/joe-and-mac2-snes-v3-snes-cartridge-label.jpg,Joe And Mac2 SNES v3,30493
Labels/thumbs/SNES/JoeAndMac_snes_v1.jpg,Labels/thumbs/SNES/joe-and-mac-snes-v1-snes-cartridge-label.jpg,Joe And Mac snes v1,21688
Labels/thumbs/SNES/JoeAndMac_snes_v2.jpg,Labels/thumbs/SNES/joe-and-mac-snes-v2-snes-cartridge-label.jpg,Joe And Mac snes v2,30581
Labels/thumbs/SNES/JoeAndMac_snes_v3.jpg,Labels/thumbs/SNES/joe-and-mac-snes-v3-snes-cartridge-label.jpg,Joe And Mac snes v3,26490
Labels/thumbs/SNES/JoeAndMac_snes_v4.jpg,Labels/thumbs/SNES/joe-and-mac-snes-v4-snes-cartridge-label.jpg,Joe And Mac snes v4,32199
Labels/thumbs/SNES/JoeAndMac_snes_v5.jpg,Labels/thumbs/SNES/joe-and-mac-snes-v5-snes-cartridge-label.jpg,Joe And Mac snes v5,29496
Labels/thumbs/SNES/JoeAndMac_snes_v6.jpg,Labels/thumbs/SNES/joe-and-mac-snes-v6-snes-cartridge-label.jpg,Joe And Mac snes v6,31177
Labels/thumbs/SNES/JudgeDredd.jpg,Labels/thumbs/SNES/judgedredd-snes-cartridge-label.jpg,JudgeDredd,24340
Labels/thumbs/SNES/JudgeDredd_SNES_v1.jpg,Labels/thumbs/SNES/judge-dredd-snes-v1-snes-cartridge-label.jpg,Judge Dredd SNES v1,26665
Labels/thumbs/SNES/JudgeDredd_SNES_v2.jpg,Labels/thumbs/SNES/judge-dredd-snes-v2-snes-cartridge-label.jpg,Judge Dredd SNES v2,28073
Labels/thumbs/SNES/JudgeDredd_SNES_v3.jpg,Labels/thumbs/SNES/judge-dredd-snes-v3-snes-cartridge-label.jpg,Judge Dredd SNES v3,29825
Labels/thumbs/SNES/Justice League Task Force.jpg,Labels/thumbs/SNES/justice-league-task-force-snes-cartridge-label.jpg,Justice League Task Force,29997
Labels/thumbs/SNES/King of Demons_SNES_v1.jpg,Labels/thumbs/SNES/king-of-demons-snes-v1-snes-cartridge-label.jpg,King of Demons SNES v1,25235
Labels/thumbs/SNES/King of Demons_SNES_v2.jpg,Labels/thumbs/SNES/king-of-demons-snes-v2-snes-cartridge-label.jpg,King of Demons SNES v2,26853
Labels/thumbs/SNES/King of the Monsters 2.jpg,Labels/thumbs/SNES/king-of-the-monsters-2-snes-cartridge-label.jpg,King of the Monsters 2,33145
Labels/thumbs/SNES/Krusty's Super Fun House.jpg,Labels/thumbs/SNES/krusty-s-super-fun-house-snes-cartridge-label.jpg,Krusty's Super Fun House,32212
Labels/thumbs/SNES/LastActionHero_snes_v1.jpg,Labels/thumbs/SNES/last-action-hero-snes-v1-snes-cartridge-label.jpg,Last Action Hero snes v1,26536
Labels/thumbs/SNES/LastActionHero_snes_v2.jpg,Labels/thumbs/SNES/last-action-hero-snes-v2-snes-cartridge-label.jpg,Last Action Hero snes v2,29618
Labels/thumbs/SNES/LEGEND.jpg,Labels/thumbs/SNES/legend-snes-cartridge-label.jpg,LEGEND,18869
Labels/thumbs/SNES/Lethal Enforcers.jpg,Labels/thumbs/SNES/lethal-enforcers-snes-cartridge-label.jpg,Lethal Enforcers,25558
Labels/thumbs/SNES/Lost Vikings 2.jpg,Labels/thumbs/SNES/lost-vikings-2-snes-cartridge-label.jpg,Lost Vikings 2,24918
Labels/thumbs/SNES/LOZ _SNES_v1.jpg,Labels/thumbs/SNES/loz-snes-v1-snes-cartridge-label.jpg,LOZ SNES v1,21922
Labels/thumbs/SNES/LOZ _SNES_v2.jpg,Labels/thumbs/SNES/loz-snes-v2-snes-cartridge-label.jpg,LOZ SNES v2,35325
Labels/thumbs/SNES/LOZ _SNES_v5.jpg,Labels/thumbs/SNES/loz-snes-v5-snes-cartridge-label.jpg,LOZ SNES v5,20737
Labels/thumbs/SNES/LOZ _SNES_v6.jpg,Labels/thumbs/SNES/loz-snes-v6-snes-cartridge-label.jpg,LOZ SNES v6,35403
Labels/thumbs/SNES/LOZ_snes_v3.jpg,Labels/thumbs/SNES/loz-snes-v3-snes-cartridge-label.jpg,LOZ snes v3,37380
Labels/thumbs/SNES/LOZ_snes_v4.jpg,Labels/thumbs/SNES/loz-snes-v4-snes-cartridge-label.jpg,LOZ snes v4,24918
Labels/thumbs/SNES/Lufia & The Fortress of Doom.jpg,Labels/thumbs/SNES/lufia-and-the-fortress-of-doom-snes-cartridge-label.jpg,Lufia & The Fortress of Doom,28295
Labels/thumbs/SNES/LufiaIISNES.jpg,Labels/thumbs/SNES/lufia-iisnes-snes-cartridge-label.jpg,Lufia IISNES,30922
Labels/thumbs/SNES/MARIOALLSTARS-SNES copy.jpg,Labels/thumbs/SNES/marioallstars-snes-copy-snes-cartridge-label.jpg,MARIOALLSTARS SNES copy,28593
Labels/thumbs/SNES/MarvelSuper Heroes in War of the Gems _SNES_v1.jpg,Labels/thumbs/SNES/marvel-super-heroes-in-war-of-the-gems-snes-v1-snes-cartridge-label.jpg,Marvel Super Heroes in War of the Gems SNES v1,29273
Labels/thumbs/SNES/Maui Mallard Cold Shadow _snes_v1.jpg.jpg,Labels/thumbs/SNES/maui-mallard-cold-shadow-snes-v1-jpg-snes-cartridge-label.jpg,Maui Mallard Cold Shadow snes v1 jpg,27413
Labels/thumbs/SNES/Mega Man Soccer_SNES_v1.jpg,Labels/thumbs/SNES/mega-man-soccer-snes-v1-snes-cartridge-label.jpg,Mega Man Soccer SNES v1,26261
Labels/thumbs/SNES/Mega Man Soccer_snes_v2.jpg,Labels/thumbs/SNES/mega-man-soccer-snes-v2-snes-cartridge-label.jpg,Mega Man Soccer snes v2,28988
Labels/thumbs/SNES/Mega Man X 2.jpg,Labels/thumbs/SNES/mega-man-x-2-snes-cartridge-label.jpg,Mega Man X 2,27721
Labels/thumbs/SNES/Mega Man X2 Custom.jpg,Labels/thumbs/SNES/mega-man-x2-custom-snes-cartridge-label.jpg,Mega Man X2 Custom,26524
Labels/thumbs/SNES/Mega Man X2.jpg,Labels/thumbs/SNES/mega-man-x2-snes-cartridge-label.jpg,Mega Man X2,27844
Labels/thumbs/SNES/Mega Man X3 V1.jpg,Labels/thumbs/SNES/mega-man-x3-v1-snes-cartridge-label.jpg,Mega Man X3 V1,27712
Labels/thumbs/SNES/Mega Man X_SpaceChakra.jpg,Labels/thumbs/SNES/mega-man-x-space-chakra-snes-cartridge-label.jpg,Mega Man X Space Chakra,26358
Labels/thumbs/SNES/Megaman 7.jpg,Labels/thumbs/SNES/megaman-7-snes-cartridge-label.jpg,Megaman 7,26542
Labels/thumbs/SNES/Metal Warriors.jpg,Labels/thumbs/SNES/metal-warriors-snes-cartridge-label.jpg,Metal Warriors,24938
Labels/thumbs/SNES/MetalWarriors.jpg,Labels/thumbs/SNES/metal-warriors-snes-cartridge-label-2.jpg,Metal Warriors,24938
Labels/thumbs/SNES/Mighty Morphin Power Rangers.jpg,Labels/thumbs/SNES/mighty-morphin-power-rangers-snes-cartridge-label.jpg,Mighty Morphin Power Rangers,26540
Labels/thumbs/SNES/Mighty Morpin Power Rangers - The Movie.jpg,Labels/thumbs/SNES/mighty-morpin-power-rangers-the-movie-snes-cartridge-label.jpg,Mighty Morpin Power Rangers   The Movie,25694
Labels/thumbs/SNES/Mighty Morpin Power Rangers - The MovieV2.jpg,Labels/thumbs/SNES/mighty-morpin-power-rangers-the-movie-v2-snes-cartridge-label.jpg,Mighty Morpin Power Rangers - The Movie V2,28177
Labels/thumbs/SNES/MK.jpg,Labels/thumbs/SNES/mk-snes-cartridge-label.jpg,MK,22359
Labels/thumbs/SNES/MobileSuitGundamWingEndlessDuel_SNES_v1.jpg,Labels/thumbs/SNES/mobile-suit-gundam-wing-endless-duel-snes-v1-snes-cartridge-label.jpg,Mobile Suit Gundam Wing Endless Duel SNES v1,28075
Labels/thumbs/SNES/mortal kombat 2.jpg,Labels/thumbs/SNES/mortal-kombat-2-snes-cartridge-label.jpg,mortal kombat 2,24847
Labels/thumbs/SNES/Mortal Kombat 3 _snes_v1.jpg,Labels/thumbs/SNES/mortal-kombat-3-snes-v1-snes-cartridge-label.jpg,Mortal Kombat 3 snes v1,18403
Labels/thumbs/SNES/MortalKombatII_SNES_v1.jpg,Labels/thumbs/SNES/mortal-kombat-ii-snes-v1-snes-cartridge-label.jpg,Mortal Kombat II SNES v1,20891
Labels/thumbs/SNES/MortalKombatII_snes_v2a.jpg,Labels/thumbs/SNES/mortal-kombat-ii-snes-v2a-snes-cartridge-label.jpg,Mortal Kombat II snes v2a,24537
Labels/thumbs/SNES/MortalKombatII_snes_v2b.jpg,Labels/thumbs/SNES/mortal-kombat-ii-snes-v2b-snes-cartridge-label.jpg,Mortal Kombat II snes v2b,19679
Labels/thumbs/SNES/MortalKombatII_snes_v2c.jpg,Labels/thumbs/SNES/mortal-kombat-ii-snes-v2c-snes-cartridge-label.jpg,Mortal Kombat II snes v2c,19887
Labels/thumbs/SNES/MortalKombatII_SNES_v3.jpg,Labels/thumbs/SNES/mortal-kombat-ii-snes-v3-snes-cartridge-label.jpg,Mortal Kombat II SNES v3,21897
Labels/thumbs/SNES/MortalKombatII_SNES_v4.jpg,Labels/thumbs/SNES/mortal-kombat-ii-snes-v4-snes-cartridge-label.jpg,Mortal Kombat II SNES v4,41817
Labels/thumbs/SNES/NBAHTV1.jpg,Labels/thumbs/SNES/nbahtv1-snes-cartridge-label.jpg,NBAHTV1,29411
Labels/thumbs/SNES/NBAHTV2.jpg,Labels/thumbs/SNES/nbahtv2-snes-cartridge-label.jpg,NBAHTV2,25944
Labels/thumbs/SNES/NBAHTV3.jpg,Labels/thumbs/SNES/nbahtv3-snes-cartridge-label.jpg,NBAHTV3,27903
Labels/thumbs/SNES/Nightmare Busters_SNES_v1.jpg,Labels/thumbs/SNES/nightmare-busters-snes-v1-snes-cartridge-label.jpg,Nightmare Busters SNES v1,28758
Labels/thumbs/SNES/Nightmare Busters_SNES_v2.jpg,Labels/thumbs/SNES/nightmare-busters-snes-v2-snes-cartridge-label.jpg,Nightmare Busters SNES v2,27533
Labels/thumbs/SNES/Ninja Gaiden Trilogy_SNES_v1.jpg,Labels/thumbs/SNES/ninja-gaiden-trilogy-snes-v1-snes-cartridge-label.jpg,Ninja Gaiden Trilogy SNES v1,32414
Labels/thumbs/SNES/Ninja Warriors.jpg,Labels/thumbs/SNES/ninja-warriors-snes-cartridge-label.jpg,Ninja Warriors,27379
Labels/thumbs/SNES/nosferatu.jpg,Labels/thumbs/SNES/nosferatu-snes-cartridge-label.jpg,nosferatu,24347
Labels/thumbs/SNES/OgreBattle_SNES_v1.jpg,Labels/thumbs/SNES/ogre-battle-snes-v1-snes-cartridge-label.jpg,Ogre Battle SNES v1,30103
Labels/thumbs/SNES/OgreBattle_SNES_v2.jpg,Labels/thumbs/SNES/ogre-battle-snes-v2-snes-cartridge-label.jpg,Ogre Battle SNES v2,34441
Labels/thumbs/SNES/Out Of this World.jpg,Labels/thumbs/SNES/out-of-this-world-snes-cartridge-label.jpg,Out Of this World,26191
Labels/thumbs/SNES/PeaceKeepers Label copy.jpg,Labels/thumbs/SNES/peace-keepers-label-copy-snes-cartridge-label.jpg,Peace Keepers Label copy,35298
Labels/thumbs/SNES/Pilotwings _SNES_v1.jpg,Labels/thumbs/SNES/pilotwings-snes-v1-snes-cartridge-label.jpg,Pilotwings SNES v1,20945
Labels/thumbs/SNES/Pilotwings _SNES_v2.jpg,Labels/thumbs/SNES/pilotwings-snes-v2-snes-cartridge-label.jpg,Pilotwings SNES v2,24306
Labels/thumbs/SNES/Plok.jpg,Labels/thumbs/SNES/plok-snes-cartridge-label.jpg,Plok,29688
Labels/thumbs/SNES/Pokemon (Hack).jpg,Labels/thumbs/SNES/pokemon-hack-snes-cartridge-label.jpg,Pokemon (Hack),22778
Labels/thumbs/SNES/Pokemon Stadium.jpg,Labels/thumbs/SNES/pokemon-stadium-snes-cartridge-label.jpg,Pokemon Stadium,25857
Labels/thumbs/SNES/Primal Rage.jpg,Labels/thumbs/SNES/primal-rage-snes-cartridge-label.jpg,Primal Rage,25746
Labels/thumbs/SNES/PrimalRage_SNES_v1.jpg,Labels/thumbs/SNES/primal-rage-snes-v1-snes-cartridge-label.jpg,Primal Rage SNES v1,24973
Labels/thumbs/SNES/PrimalRage_snes_v2.jpg,Labels/thumbs/SNES/primal-rage-snes-v2-snes-cartridge-label.jpg,Primal Rage snes v2,31252
Labels/thumbs/SNES/PrimalRage_snes_v3.jpg,Labels/thumbs/SNES/primal-rage-snes-v3-snes-cartridge-label.jpg,Primal Rage snes v3,30669
Labels/thumbs/SNES/PrimalRage_snes_v4.jpg,Labels/thumbs/SNES/primal-rage-snes-v4-snes-cartridge-label.jpg,Primal Rage snes v4,29686
Labels/thumbs/SNES/PrimalRage_snes_v5.jpg,Labels/thumbs/SNES/primal-rage-snes-v5-snes-cartridge-label.jpg,Primal Rage snes v5,28766
Labels/thumbs/SNES/PrimalRage_snes_v6.jpg,Labels/thumbs/SNES/primal-rage-snes-v6-snes-cartridge-label.jpg,Primal Rage snes v6,26120
Labels/thumbs/SNES/PrimalRage_snes_v7.jpg,Labels/thumbs/SNES/primal-rage-snes-v7-snes-cartridge-label.jpg,Primal Rage snes v7,33700
Labels/thumbs/SNES/Ranma 12 Hard Battle.jpg,Labels/thumbs/SNES/ranma-12-hard-battle-snes-cartridge-label.jpg,Ranma 12 Hard Battle,29612
Labels/thumbs/SNES/roadtothetop.jpg,Labels/thumbs/SNES/roadtothetop-snes-cartridge-label.jpg,roadtothetop,30663
Labels/thumbs/SNES/Rock Man X2  _SNES_v1.jpg,Labels/thumbs/SNES/rock-man-x2-snes-v1-snes-cartridge-label.jpg,Rock Man X2 SNES v1,27054
Labels/thumbs/SNES/Rock n Roll Racing_snes_v2.jpg,Labels/thumbs/SNES/rock-n-roll-racing-snes-v2-snes-cartridge-label.jpg,Rock n Roll Racing snes v2,28036
Labels/thumbs/SNES/Rock n Roll Racing_snes_v3.jpg,Labels/thumbs/SNES/rock-n-roll-racing-snes-v3-snes-cartridge-label.jpg,Rock n Roll Racing snes v3,28846
Labels/thumbs/SNES/Rockman X.jpg,Labels/thumbs/SNES/rockman-x-snes-cartridge-label.jpg,Rockman X,29195
Labels/thumbs/SNES/Rockman X3 _snes_v1.jpg,Labels/thumbs/SNES/rockman-x3-snes-v1-snes-cartridge-label.jpg,Rockman X3 snes v1,26912
Labels/thumbs/SNES/Rockman X3 _snes_v2.jpg,Labels/thumbs/SNES/rockman-x3-snes-v2-snes-cartridge-label.jpg,Rockman X3 snes v2,30346
Labels/thumbs/SNES/Rockman X3 _snes_v3.jpg,Labels/thumbs/SNES/rockman-x3-snes-v3-snes-cartridge-label.jpg,Rockman X3 snes v3,31117
Labels/thumbs/SNES/RocknRollRacing_SNES_v1.jpg,Labels/thumbs/SNES/rockn-roll-racing-snes-v1-snes-cartridge-label.jpg,Rockn Roll Racing SNES v1,28401
Labels/thumbs/SNES/Romancing Saga 3.jpg,Labels/thumbs/SNES/romancing-saga-3-snes-cartridge-label.jpg,Romancing Saga 3,25996
Labels/thumbs/SNES/Samurai Shodown.jpg,Labels/thumbs/SNES/samurai-shodown-snes-cartridge-label.jpg,Samurai Shodown,27984
Labels/thumbs/SNES/scivV0.jpg,Labels/thumbs/SNES/sciv-v0-snes-cartridge-label.jpg,sciv V0,26526
Labels/thumbs/SNES/Scooby-DooMystery_snes_v1.jpg,Labels/thumbs/SNES/scooby-doo-mystery-snes-v1-snes-cartridge-label.jpg,Scooby-Doo Mystery snes v1,28950
Labels/thumbs/SNES/Scooby-DooMystery_snes_v2.jpg,Labels/thumbs/SNES/scooby-doo-mystery-snes-v2-snes-cartridge-label.jpg,Scooby-Doo Mystery snes v2,32179
Labels/thumbs/SNES/Scooby-DooMystery_snes_v3.jpg,Labels/thumbs/SNES/scooby-doo-mystery-snes-v3-snes-cartridge-label.jpg,Scooby-Doo Mystery snes v3,28864
Labels/thumbs/SNES/Scooby-DooMystery_snes_v4.jpg,Labels/thumbs/SNES/scooby-doo-mystery-snes-v4-snes-cartridge-label.jpg,Scooby-Doo Mystery snes v4,32863
Labels/thumbs/SNES/Scooby-DooMystery_snes_v5.jpg,Labels/thumbs/SNES/scooby-doo-mystery-snes-v5-snes-cartridge-label.jpg,Scooby-Doo Mystery snes v5,32119
Labels/thumbs/SNES/Scooby-DooMystery_snes_v6.jpg,Labels/thumbs/SNES/scooby-doo-mystery-snes-v6-snes-cartridge-label.jpg,Scooby-Doo Mystery snes v6,29270
Labels/thumbs/SNES/Scooby-DooMystery_snes_v7.jpg,Labels/thumbs/SNES/scooby-doo-mystery-snes-v7-snes-cartridge-label.jpg,Scooby-Doo Mystery snes v7,30867
Labels/thumbs/SNES/Scooby-DooMystery_snes_v8.jpg,Labels/thumbs/SNES/scooby-doo-mystery-snes-v8-snes-cartridge-label.jpg,Scooby-Doo Mystery snes v8,32134
Labels/thumbs/SNES/SD2SNES PRO Metroid V2.jpg,Labels/thumbs/SNES/sd2snes-pro-metroid-v2-snes-cartridge-label.jpg,SD2SNES PRO Metroid V2,28364
Labels/thumbs/SNES/SD2SNES PRO Metroid.jpg,Labels/thumbs/SNES/sd2snes-pro-metroid-snes-cartridge-label.jpg,SD2SNES PRO Metroid,28414
Labels/thumbs/SNES/SD2SNES pro stoned gamer.jpg,Labels/thumbs/SNES/sd2snes-pro-stoned-gamer-snes-cartridge-label.jpg,SD2SNES pro stoned gamer,16691
Labels/thumbs/SNES/Secret of Evermore _snes_v1.jpg,Labels/thumbs/SNES/secret-of-evermore-snes-v1-snes-cartridge-label.jpg,Secret of Evermore snes v1,26715
Labels/thumbs/SNES/Secret of Evermore _snes_v2.jpg,Labels/thumbs/SNES/secret-of-evermore-snes-v2-snes-cartridge-label.jpg,Secret of Evermore snes v2,23734
Labels/thumbs/SNES/Secret of Mana _SNES_v1.jpg,Labels/thumbs/SNES/secret-of-mana-snes-v1-snes-cartridge-label.jpg,Secret of Mana SNES v1,26764
Labels/thumbs/SNES/SeparationAnxiety_SNES_v1 - Copy.jpg,Labels/thumbs/SNES/separation-anxiety-snes-v1-copy-snes-cartridge-label.jpg,Separation Anxiety SNES v1 - Copy,28120
Labels/thumbs/SNES/SeparationAnxiety_SNES_v2.jpg,Labels/thumbs/SNES/separation-anxiety-snes-v2-snes-cartridge-label.jpg,Separation Anxiety SNES v2,28826
Labels/thumbs/SNES/SeparationAnxiety_SNES_v3.jpg,Labels/thumbs/SNES/separation-anxiety-snes-v3-snes-cartridge-label.jpg,Separation Anxiety SNES v3,26741
Labels/thumbs/SNES/SeparationAnxiety_SNES_v4.jpg,Labels/thumbs/SNES/separation-anxiety-snes-v4-snes-cartridge-label.jpg,Separation Anxiety SNES v4,29213
Labels/thumbs/SNES/sfV0.jpg,Labels/thumbs/SNES/sf-v0-snes-cartridge-label.jpg,sf V0,22065
Labels/thumbs/SNES/Shadowrun.jpg,Labels/thumbs/SNES/shadowrun-snes-cartridge-label.jpg,Shadowrun,27837
Labels/thumbs/SNES/smkV1.jpg,Labels/thumbs/SNES/smk-v1-snes-cartridge-label.jpg,smk V1,27930
Labels/thumbs/SNES/smkV2.jpg,Labels/thumbs/SNES/smk-v2-snes-cartridge-label.jpg,smk V2,28654
Labels/thumbs/SNES/smkV3.jpg,Labels/thumbs/SNES/smk-v3-snes-cartridge-label.jpg,smk V3,28291
Labels/thumbs/SNES/smkV4.jpg,Labels/thumbs/SNES/smk-v4-snes-cartridge-label.jpg,smk V4,21657
Labels/thumbs/SNES/smkV5.jpg,Labels/thumbs/SNES/smk-v5-snes-cartridge-label.jpg,smk V5,21905
Labels/thumbs/SNES/smkV6.jpg,Labels/thumbs/SNES/smk-v6-snes-cartridge-label.jpg,smk V6,28305
Labels/thumbs/SNES/SNS-M4-USA-cart.jpg,Labels/thumbs/SNES/sns-m4-usa-cart-snes-cartridge-label.jpg,SNS M4 USA cart,26321
Labels/thumbs/SNES/SNS-ZL-USA.jpg,Labels/thumbs/SNES/sns-zl-usa-snes-cartridge-label.jpg,SNS ZL USA,20653
Labels/thumbs/SNES/Sonic Wings  _SNES_v1.jpg,Labels/thumbs/SNES/sonic-wings-snes-v1-snes-cartridge-label.jpg,Sonic Wings SNES v1,22672
Labels/thumbs/SNES/Sonic Wings  _SNES_v2.jpg,Labels/thumbs/SNES/sonic-wings-snes-v2-snes-cartridge-label.jpg,Sonic Wings SNES v2,23026
Labels/thumbs/SNES/spankysquest.jpg,Labels/thumbs/SNES/spankysquest-snes-cartridge-label.jpg,spankysquest,24761
Labels/thumbs/SNES/spankysquestV2.jpg,Labels/thumbs/SNES/spankysquest-v2-snes-cartridge-label.jpg,spankysquest V2,26922
Labels/thumbs/SNES/spankysquestV3.jpg,Labels/thumbs/SNES/spankysquest-v3-snes-cartridge-label.jpg,spankysquest V3,39660
Labels/thumbs/SNES/SpeedyGonzalesLosGatosBandidos.jpg,Labels/thumbs/SNES/speedy-gonzales-los-gatos-bandidos-snes-cartridge-label.jpg,Speedy Gonzales Los Gatos Bandidos,34236
Labels/thumbs/SNES/Spider-Man and Venom Maximum Carnage.jpg,Labels/thumbs/SNES/spider-man-and-venom-maximum-carnage-snes-cartridge-label.jpg,Spider-Man and Venom Maximum Carnage,26541
Labels/thumbs/SNES/Spider-man X-men Arcade's Revenge.jpg,Labels/thumbs/SNES/spider-man-x-men-arcade-s-revenge-snes-cartridge-label.jpg,Spider man X men Arcade's Revenge,32747
Labels/thumbs/SNES/Spider-Man.jpg,Labels/thumbs/SNES/spider-man-snes-cartridge-label.jpg,Spider Man,28239
Labels/thumbs/SNES/StarFox.jpg,Labels/thumbs/SNES/starfox-snes-cartridge-label.jpg,StarFox,26408
Labels/thumbs/SNES/starfox2.jpg,Labels/thumbs/SNES/starfox2-snes-cartridge-label.jpg,starfox2,28732
Labels/thumbs/SNES/Street Fighter Alpha 2_SNES_v1.jpg,Labels/thumbs/SNES/street-fighter-alpha-2-snes-v1-snes-cartridge-label.jpg,Street Fighter Alpha 2 SNES v1,22620
Labels/thumbs/SNES/Street Fighter Alpha 2_snes_v2.jpg,Labels/thumbs/SNES/street-fighter-alpha-2-snes-v2-snes-cartridge-label.jpg,Street Fighter Alpha 2 snes v2,41356
Labels/thumbs/SNES/Street Fighter Alpha 2_snes_v3.jpg,Labels/thumbs/SNES/street-fighter-alpha-2-snes-v3-snes-cartridge-label.jpg,Street Fighter Alpha 2 snes v3,25139
Labels/thumbs/SNES/Street Fighter Alpha 2_SNES_v4.jpg,Labels/thumbs/SNES/street-fighter-alpha-2-snes-v4-snes-cartridge-label.jpg,Street Fighter Alpha 2 SNES v4,28509
Labels/thumbs/SNES/Sunset Riders.jpg,Labels/thumbs/SNES/sunset-riders-snes-cartridge-label.jpg,Sunset Riders,28804
Labels/thumbs/SNES/SunsetRider3.jpg,Labels/thumbs/SNES/sunset-rider3-snes-cartridge-label.jpg,Sunset Rider3,21707
Labels/thumbs/SNES/SunsetRiders2.jpg,Labels/thumbs/SNES/sunset-riders2-snes-cartridge-label.jpg,Sunset Riders2,20006
Labels/thumbs/SNES/SuoerMarioAllStars_snesLabel_V1.jpg,Labels/thumbs/SNES/suoer-mario-all-stars-snes-label-v1-snes-cartridge-label.jpg,Suoer Mario All Stars snes Label V1,28871
Labels/thumbs/SNES/Super Bomberman 2 V1.jpg,Labels/thumbs/SNES/super-bomberman-2-v1-snes-cartridge-label.jpg,Super Bomberman 2 V1,32413
Labels/thumbs/SNES/Super Bomberman 2 V1B.jpg,Labels/thumbs/SNES/super-bomberman-2-v1b-snes-cartridge-label.jpg,Super Bomberman 2 V1B,31644
Labels/thumbs/SNES/Super Bomberman 2.jpg,Labels/thumbs/SNES/super-bomberman-2-snes-cartridge-label.jpg,Super Bomberman 2,28279
Labels/thumbs/SNES/Super Bomberman.jpg,Labels/thumbs/SNES/super-bomberman-snes-cartridge-label.jpg,Super Bomberman,30614
Labels/thumbs/SNES/Super Mario Wolrd.jpg,Labels/thumbs/SNES/super-mario-wolrd-snes-cartridge-label.jpg,Super Mario Wolrd,25001
Labels/thumbs/SNES/Super Mario World 2 Yoshi's Island.jpg,Labels/thumbs/SNES/super-mario-world-2-yoshi-s-island-snes-cartridge-label.jpg,Super Mario World 2 Yoshi's Island,26413
Labels/thumbs/SNES/Super Mario World SNS-MW-USA-1.jpg,Labels/thumbs/SNES/super-mario-world-sns-mw-usa-1-snes-cartridge-label.jpg,Super Mario World SNS-MW-USA-1,21090
Labels/thumbs/SNES/Super Mario World SNS-MW-USA.jpg,Labels/thumbs/SNES/super-mario-world-sns-mw-usa-snes-cartridge-label.jpg,Super Mario World SNS-MW-USA,23283
Labels/thumbs/SNES/Super Metroid -  Super Zero Mission.jpg,Labels/thumbs/SNES/super-metroid-super-zero-mission-snes-cartridge-label.jpg,Super Metroid    Super Zero Mission,22895
Labels/thumbs/SNES/Super Metroid V1.jpg,Labels/thumbs/SNES/super-metroid-v1-snes-cartridge-label.jpg,Super Metroid V1,25902
Labels/thumbs/SNES/Super Metroid V2.jpg,Labels/thumbs/SNES/super-metroid-v2-snes-cartridge-label.jpg,Super Metroid V2,29795
Labels/thumbs/SNES/Super Metroid V3.jpg,Labels/thumbs/SNES/super-metroid-v3-snes-cartridge-label.jpg,Super Metroid V3,31126
Labels/thumbs/SNES/Super Metroid V4.jpg,Labels/thumbs/SNES/super-metroid-v4-snes-cartridge-label.jpg,Super Metroid V4,25285
Labels/thumbs/SNES/Super Metroid.jpg,Labels/thumbs/SNES/super-metroid-snes-cartridge-label.jpg,Super Metroid,27922
Labels/thumbs/SNES/Super Punch Out.jpg,Labels/thumbs/SNES/super-punch-out-snes-cartridge-label.jpg,Super Punch Out,24214
Labels/thumbs/SNES/Super Punch-Out _snes_v1.jpg,Labels/thumbs/SNES/super-punch-out-snes-v1-snes-cartridge-label.jpg,Super Punch-Out snes v1,26699
Labels/thumbs/SNES/Super Spongebob Kart.jpg,Labels/thumbs/SNES/super-spongebob-kart-snes-cartridge-label.jpg,Super Spongebob Kart,23593
Labels/thumbs/SNES/Super Star Wars -  The Empire Strikes Back.jpg,Labels/thumbs/SNES/super-star-wars-the-empire-strikes-back-snes-cartridge-label.jpg,Super Star Wars    The Empire Strikes Back,25478
Labels/thumbs/SNES/Super Star Wars - Return of the Jedi.jpg,Labels/thumbs/SNES/super-star-wars-return-of-the-jedi-snes-cartridge-label.jpg,Super Star Wars   Return of the Jedi,24961
Labels/thumbs/SNES/Super Street Fighter II - The New Chalengers.jpg,Labels/thumbs/SNES/super-street-fighter-ii-the-new-chalengers-snes-cartridge-label.jpg,Super Street Fighter II - The New Chalengers,34009
Labels/thumbs/SNES/Super Valis IV_SNES_v1.jpg,Labels/thumbs/SNES/super-valis-iv-snes-v1-snes-cartridge-label.jpg,Super Valis IV SNES v1,26357
Labels/thumbs/SNES/Super Valis IV_snes_v2.jpg,Labels/thumbs/SNES/super-valis-iv-snes-v2-snes-cartridge-label.jpg,Super Valis IV snes v2,25708
Labels/thumbs/SNES/Super Valis IV_snes_v3.jpg,Labels/thumbs/SNES/super-valis-iv-snes-v3-snes-cartridge-label.jpg,Super Valis IV snes v3,28054
Labels/thumbs/SNES/Super Valis IV_snes_v4.jpg,Labels/thumbs/SNES/super-valis-iv-snes-v4-snes-cartridge-label.jpg,Super Valis IV snes v4,33759
Labels/thumbs/SNES/Super Valis IV_snes_v5.jpg,Labels/thumbs/SNES/super-valis-iv-snes-v5-snes-cartridge-label.jpg,Super Valis IV snes v5,26722
Labels/thumbs/SNES/SuperDoubleDragon_SNES_v1.jpg,Labels/thumbs/SNES/super-double-dragon-snes-v1-snes-cartridge-label.jpg,Super Double Dragon SNES v1,30515
Labels/thumbs/SNES/SuperDoubleDragon_SNES_v2.jpg,Labels/thumbs/SNES/super-double-dragon-snes-v2-snes-cartridge-label.jpg,Super Double Dragon SNES v2,32341
Labels/thumbs/SNES/SuperDoubleDragon_SNES_v3.jpg,Labels/thumbs/SNES/super-double-dragon-snes-v3-snes-cartridge-label.jpg,Super Double Dragon SNES v3,30668
Labels/thumbs/SNES/SuperGodzilla_snes_v2.jpg,Labels/thumbs/SNES/super-godzilla-snes-v2-snes-cartridge-label.jpg,Super Godzilla snes v2,26328
Labels/thumbs/SNES/SuperGodzilla_snes_v3.jpg,Labels/thumbs/SNES/super-godzilla-snes-v3-snes-cartridge-label.jpg,Super Godzilla snes v3,30057
Labels/thumbs/SNES/SuperGodzillaKaijuDaikessen_snes_v1.jpg,Labels/thumbs/SNES/super-godzilla-kaiju-daikessen-snes-v1-snes-cartridge-label.jpg,Super Godzilla Kaiju Daikessen snes v1,28871
Labels/thumbs/SNES/SuperGodzillaKaijuDaikessen_snes_v2.jpg,Labels/thumbs/SNES/super-godzilla-kaiju-daikessen-snes-v2-snes-cartridge-label.jpg,Super Godzilla Kaiju Daikessen snes v2,36927
Labels/thumbs/SNES/SuperGodzillaKaijuDaikessen_snes_v3.jpg,Labels/thumbs/SNES/super-godzilla-kaiju-daikessen-snes-v3-snes-cartridge-label.jpg,Super Godzilla Kaiju Daikessen snes v3,29837
Labels/thumbs/SNES/SuperMarioAllStars+SuperMarioWorld_SNES_v1.jpg,Labels/thumbs/SNES/super-mario-all-stars-super-mario-world-snes-v1-snes-cartridge-label.jpg,Super Mario All Stars+Super Mario World SNES v1,25062
Labels/thumbs/SNES/SuperMarioAllStars+SuperMarioWorld_SNES_v2.jpg,Labels/thumbs/SNES/super-mario-all-stars-super-mario-world-snes-v2-snes-cartridge-label.jpg,Super Mario All Stars+Super Mario World SNES v2,26650
Labels/thumbs/SNES/SuperMarioKart_SNES_v1.jpg,Labels/thumbs/SNES/super-mario-kart-snes-v1-snes-cartridge-label.jpg,Super Mario Kart SNES v1,27930
Labels/thumbs/SNES/SuperMarioKart_SNES_v2.jpg,Labels/thumbs/SNES/super-mario-kart-snes-v2-snes-cartridge-label.jpg,Super Mario Kart SNES v2,28291
Labels/thumbs/SNES/SuperMarioRPG_snnes_v1.jpg,Labels/thumbs/SNES/super-mario-rpg-snnes-v1-snes-cartridge-label.jpg,Super Mario RPG snnes v1,29647
Labels/thumbs/SNES/SuperMarioWorld2YoshisIsland_SNES_v1.jpg,Labels/thumbs/SNES/super-mario-world2yoshis-island-snes-v1-snes-cartridge-label.jpg,Super Mario World2Yoshis Island SNES v1,26513
Labels/thumbs/SNES/Swat Kats SNES V1.jpg,Labels/thumbs/SNES/swat-kats-snes-v1-snes-cartridge-label.jpg,Swat Kats SNES V1,36366
Labels/thumbs/SNES/Swat Kats SNES V2.jpg,Labels/thumbs/SNES/swat-kats-snes-v2-snes-cartridge-label.jpg,Swat Kats SNES V2,31524
Labels/thumbs/SNES/Swat Kats SNES V3.jpg,Labels/thumbs/SNES/swat-kats-snes-v3-snes-cartridge-label.jpg,Swat Kats SNES V3,31851
Labels/thumbs/SNES/T2 - The Arcade Game.jpg,Labels/thumbs/SNES/t2-the-arcade-game-snes-cartridge-label.jpg,T2   The Arcade Game,27369
Labels/thumbs/SNES/Taz Mania_2.jpg,Labels/thumbs/SNES/taz-mania-2-snes-cartridge-label.jpg,Taz Mania 2,25169
Labels/thumbs/SNES/Tecmo Super Bowl III_SNES_v1.jpg,Labels/thumbs/SNES/tecmo-super-bowl-iii-snes-v1-snes-cartridge-label.jpg,Tecmo Super Bowl III SNES v1,33869
Labels/thumbs/SNES/Tecmo Super Bowl.jpg,Labels/thumbs/SNES/tecmo-super-bowl-snes-cartridge-label.jpg,Tecmo Super Bowl,27611
Labels/thumbs/SNES/Tetris_2_SNES_v1.jpg,Labels/thumbs/SNES/tetris-2-snes-v1-snes-cartridge-label.jpg,Tetris 2 SNES v1,22261
Labels/thumbs/SNES/The Adventures of Batman & Robin _SNES_v1.jpg,Labels/thumbs/SNES/the-adventures-of-batman-and-robin-snes-v1-snes-cartridge-label.jpg,The Adventures of Batman & Robin SNES v1,26223
Labels/thumbs/SNES/The Adventures of Batman & Robin _SNES_v2.jpg,Labels/thumbs/SNES/the-adventures-of-batman-and-robin-snes-v2-snes-cartridge-label.jpg,The Adventures of Batman & Robin SNES v2,24961
Labels/thumbs/SNES/The Adventures of Batman & Robin _SNES_v3.jpg,Labels/thumbs/SNES/the-adventures-of-batman-and-robin-snes-v3-snes-cartridge-label.jpg,The Adventures of Batman & Robin SNES v3,32577
Labels/thumbs/SNES/The Adventures of Batman and Robin _SNES_v1.jpg,Labels/thumbs/SNES/the-adventures-of-batman-and-robin-snes-v1-snes-cartridge-label-2.jpg,The Adventures of Batman and Robin SNES v1,25388
Labels/thumbs/SNES/The Firemen_SNES_v1.jpg,Labels/thumbs/SNES/the-firemen-snes-v1-snes-cartridge-label.jpg,The Firemen SNES v1,27472
Labels/thumbs/SNES/The Firemen_snes_v2.jpg,Labels/thumbs/SNES/the-firemen-snes-v2-snes-cartridge-label.jpg,The Firemen snes v2,27584
Labels/thumbs/SNES/The Illusion of Gaia _snes_v1 _SNES_v1.jpg,Labels/thumbs/SNES/the-illusion-of-gaia-snes-v1-snes-v1-snes-cartridge-label.jpg,The Illusion of Gaia snes v1 SNES v1,23228
Labels/thumbs/SNES/The Legend of Zelda - A Link to the Past.jpg,Labels/thumbs/SNES/the-legend-of-zelda-a-link-to-the-past-snes-cartridge-label.jpg,The Legend of Zelda - A Link to the Past,30448
Labels/thumbs/SNES/The Legend of Zelda.jpg,Labels/thumbs/SNES/the-legend-of-zelda-snes-cartridge-label.jpg,The Legend of Zelda,21886
Labels/thumbs/SNES/The Mask _SNES_v1.jpg,Labels/thumbs/SNES/the-mask-snes-v1-snes-cartridge-label.jpg,The Mask SNES v1,26580
Labels/thumbs/SNES/The Mask _SNES_v2.jpg,Labels/thumbs/SNES/the-mask-snes-v2-snes-cartridge-label.jpg,The Mask SNES v2,37108
Labels/thumbs/SNES/The Mask _SNES_v3.jpg,Labels/thumbs/SNES/the-mask-snes-v3-snes-cartridge-label.jpg,The Mask SNES v3,27890
Labels/thumbs/SNES/The Mask _SNES_v4.jpg,Labels/thumbs/SNES/the-mask-snes-v4-snes-cartridge-label.jpg,The Mask SNES v4,44743
Labels/thumbs/SNES/The Mask _SNES_v5.jpg,Labels/thumbs/SNES/the-mask-snes-v5-snes-cartridge-label.jpg,The Mask SNES v5,28615
Labels/thumbs/SNES/The Peace Keepers _snes_v1.jpg,Labels/thumbs/SNES/the-peace-keepers-snes-v1-snes-cartridge-label.jpg,The Peace Keepers snes v1,34967
Labels/thumbs/SNES/The Peace Keepers.jpg,Labels/thumbs/SNES/the-peace-keepers-snes-cartridge-label.jpg,The Peace Keepers,32733
Labels/thumbs/SNES/The Twisted Tales of Spike McFang_SNES_v1.jpg,Labels/thumbs/SNES/the-twisted-tales-of-spike-mc-fang-snes-v1-snes-cartridge-label.jpg,The Twisted Tales of Spike Mc Fang SNES v1,30706
Labels/thumbs/SNES/The Twisted Tales of Spike McFang_SNES_v2.jpg,Labels/thumbs/SNES/the-twisted-tales-of-spike-mc-fang-snes-v2-snes-cartridge-label.jpg,The Twisted Tales of Spike Mc Fang SNES v2,30810
Labels/thumbs/SNES/Timon & Pumbaa's Jungle Games.jpg,Labels/thumbs/SNES/timon-and-pumbaa-s-jungle-games-snes-cartridge-label.jpg,Timon & Pumbaa's Jungle Games,26519
Labels/thumbs/SNES/TMNTTurtlesinTime_SNES_v1.jpg,Labels/thumbs/SNES/tmnt-turtlesin-time-snes-v1-snes-cartridge-label.jpg,TMNT Turtlesin Time SNES v1,31090
Labels/thumbs/SNES/TMNTTurtlesinTime_SNES_v2.jpg,Labels/thumbs/SNES/tmnt-turtlesin-time-snes-v2-snes-cartridge-label.jpg,TMNT Turtlesin Time SNES v2,30709
Labels/thumbs/SNES/TMNTTurtlesinTime_SNES_v3.jpg,Labels/thumbs/SNES/tmnt-turtlesin-time-snes-v3-snes-cartridge-label.jpg,TMNT Turtlesin Time SNES v3,41510
Labels/thumbs/SNES/TMNTTurtlesinTime_SNES_v4.jpg,Labels/thumbs/SNES/tmnt-turtlesin-time-snes-v4-snes-cartridge-label.jpg,TMNT Turtlesin Time SNES v4,42274
Labels/thumbs/SNES/TMNTTurtlesinTime_SNES_v5.jpg,Labels/thumbs/SNES/tmnt-turtlesin-time-snes-v5-snes-cartridge-label.jpg,TMNT Turtlesin Time SNES v5,39301
Labels/thumbs/SNES/TMNTTurtlesinTime_SNES_v6.jpg,Labels/thumbs/SNES/tmnt-turtlesin-time-snes-v6-snes-cartridge-label.jpg,TMNT Turtlesin Time SNES v6,39451
Labels/thumbs/SNES/TMNTTurtlesinTime_SNES_v7.jpg,Labels/thumbs/SNES/tmnt-turtlesin-time-snes-v7-snes-cartridge-label.jpg,TMNT Turtlesin Time SNES v7,28721
Labels/thumbs/SNES/TMNTTurtlesinTime_SNES_v8.jpg,Labels/thumbs/SNES/tmnt-turtlesin-time-snes-v8-snes-cartridge-label.jpg,TMNT Turtlesin Time SNES v8,28718
Labels/thumbs/SNES/TMNTTurtlesinTime_SNES_v9.jpg,Labels/thumbs/SNES/tmnt-turtlesin-time-snes-v9-snes-cartridge-label.jpg,TMNT Turtlesin Time SNES v9,32398
Labels/thumbs/SNES/Total Carnage.jpg,Labels/thumbs/SNES/total-carnage-snes-cartridge-label.jpg,Total Carnage,33765
Labels/thumbs/SNES/Turtles In Time.jpg,Labels/thumbs/SNES/turtles-in-time-snes-cartridge-label.jpg,Turtles In Time,32008
Labels/thumbs/SNES/Ultimate Mortal Kombat 3_SNES_v1.jpg,Labels/thumbs/SNES/ultimate-mortal-kombat-3-snes-v1-snes-cartridge-label.jpg,Ultimate Mortal Kombat 3 SNES v1,27760
Labels/thumbs/SNES/Ultraman.jpg,Labels/thumbs/SNES/ultraman-snes-cartridge-label.jpg,Ultraman,28023
Labels/thumbs/SNES/umk3.jpg,Labels/thumbs/SNES/umk3-snes-cartridge-label.jpg,umk3,26782
Labels/thumbs/SNES/WeaponLord.jpg,Labels/thumbs/SNES/weapon-lord-snes-cartridge-label.jpg,Weapon Lord,29947
Labels/thumbs/SNES/WildGuns_SNES_v1.jpg,Labels/thumbs/SNES/wild-guns-snes-v1-snes-cartridge-label.jpg,Wild Guns SNES v1,28853
Labels/thumbs/SNES/WildGuns_SNES_v2.jpg,Labels/thumbs/SNES/wild-guns-snes-v2-snes-cartridge-label.jpg,Wild Guns SNES v2,28158
Labels/thumbs/SNES/WildGuns_snes_v3.jpg,Labels/thumbs/SNES/wild-guns-snes-v3-snes-cartridge-label.jpg,Wild Guns snes v3,28469
Labels/thumbs/SNES/WildGuns_snes_v4.jpg,Labels/thumbs/SNES/wild-guns-snes-v4-snes-cartridge-label.jpg,Wild Guns snes v4,26544
Labels/thumbs/SNES/Worms  _SNES_v1.jpg,Labels/thumbs/SNES/worms-snes-v1-snes-cartridge-label.jpg,Worms SNES v1,23726
Labels/thumbs/SNES/Worms  _SNES_v2.jpg,Labels/thumbs/SNES/worms-snes-v2-snes-cartridge-label.jpg,Worms SNES v2,27253
motu/darkdreamFinal.jpg,motu/dark-dream-final-santiago-salvador.jpg,Dark Dream Final,8366068
motu/happyworker.jpg,motu/happy-worker-santiago-salvador.jpg,Happy Worker,5397540
video.mp4,santiago-salvador-stained-glass-background.mp4,Stained Glass Portfolio Background,37447144
